2026-09-10 08:16:16 | NOT_FOUND  | TMDB_NO_MA | Spider-Man: Far From Home                | Spider-Man: Far From Home                | P:-   B:-   L:-   M:-  
2026-09-10 08:16:16 | NOT_FOUND  | TMDB_NO_MA | Chief Of Station                         | Chief Of Station                         | P:-   B:-   L:-   M:-  
2026-09-10 08:16:40 | NOT_FOUND  | TMDB_NO_MA | Lady Bird                                | Lady Bird                                | P:-   B:-   L:-   M:-  
2026-09-10 08:16:40 | NOT_FOUND  | TMDB_NO_MA | The Life Of Chuck                        | The Life Of Chuck                        | P:-   B:-   L:-   M:-  
2026-09-10 08:16:40 | NOT_FOUND  | TMDB_NO_MA | The Hummingbird Project                  | The Hummingbird Project                  | P:-   B:-   L:-   M:-  
2026-09-10 08:16:40 | NOT_FOUND  | TMDB_NO_MA | The Room Next Door                       | The Room Next Door                       | P:-   B:-   L:-   M:-  
2026-09-10 08:17:41 | NOT_FOUND  | TMDB_NO_MA | The Underdoggs                           | The Underdoggs                           | P:-   B:-   L:-   M:-  
2026-09-10 08:17:41 | NOT_FOUND  | TMDB_NO_MA | Skiptrace                                | Skiptrace                                | P:-   B:-   L:-   M:-  
2026-09-10 08:17:46 | NOT_FOUND  | TMDB_NO_MA | The Irrational - 2                       | The Irrational - 2                       | P:-   B:-   L:-   M:-  
2026-09-10 08:17:46 | NOT_FOUND  | TMDB_NO_MA | Red Eye - 2                              | Red Eye - 2                              | P:-   B:-   L:-   M:-  
2026-09-10 08:17:50 | NOT_FOUND  | TMDB_NO_MA | Berlin Blues - 4                         | Berlin Blues - 4                         | P:-   B:-   L:-   M:-  
2026-09-10 08:18:05 | NOT_FOUND  | TMDB_NO_MA | Azit Hakalba Hatzanhanit                 | Azit Hakalba Hatzanhanit                 | P:-   B:-   L:-   M:-  
2026-09-10 08:18:05 | NOT_FOUND  | TMDB_NO_MA | Midnight Entertainer                     | Midnight Entertainer                     | P:-   B:-   L:-   M:-  
2026-09-10 08:18:05 | NOT_FOUND  | TMDB_NO_MA | Abba Ganuv 3                             | Abba Ganuv 3                             | P:-   B:-   L:-   M:-  
2026-09-10 08:18:05 | NOT_FOUND  | TMDB_NO_MA | Tzanani Family                           | Tzanani Family                           | P:-   B:-   L:-   M:-  
2026-09-10 08:18:05 | NOT_FOUND  | TMDB_NO_MA | Mazal Hatula                             | Mazal Hatula                             | P:-   B:-   L:-   M:-  
2026-09-10 08:18:08 | NOT_FOUND  | TMDB_NO_MA | Beyond The Hill - Ep. 26                 | Beyond The Hill                          | P:-   B:-   L:-   M:-  
2026-09-10 08:18:08 | NOT_FOUND  | TMDB_NO_MA | Blooming Lady 3 - Ep. 189                | Blooming Lady                            | P:-   B:-   L:-   M:-  
2026-09-10 08:18:11 | NOT_FOUND  | TMDB_NO_MA | Take My Hand - Ep. 25                    | Take My Hand                             | P:-   B:-   L:-   M:-  
2026-09-10 08:18:11 | NOT_FOUND  | TMDB_NO_MA | Waves of Love - Ep. 11                   | Waves of Love                            | P:-   B:-   L:-   M:-  
2026-09-10 08:18:11 | NOT_FOUND  | TMDB_NO_MA | Little Big Heart - Ep. 22                | Little Big Heart                         | P:-   B:-   L:-   M:-  
2026-09-10 08:18:14 | NOT_FOUND  | ELCIN_NO_M | عائلة ادمز                               | عائلة ادمز                               | P:-   B:-   L:-   M:-  
2026-09-10 08:18:14 | NOT_FOUND  | ELCIN_NO_M | عالم واين                                | عالم واين                                | P:-   B:-   L:-   M:-  
2026-09-10 08:18:20 | NOT_FOUND  | TMDB_NO_MA | Flame Of Fate - Ep. 53                   | Flame Of Fate                            | P:-   B:-   L:-   M:-  
2026-09-10 08:18:22 | NOT_FOUND  | TMDB_NO_MA | Grand Hotel - All Secrets Stay Here - Ep | Grand Hotel - All Secrets Stay Here - Ep | P:-   B:-   L:-   M:-  
2026-09-10 08:20:55 | NOT_FOUND  | TMDB_NO_MA | CAPTAIN MAJID THE GHOST                  | CAPTAIN MAJID THE GHOST                  | P:-   B:-   L:-   M:-  
2026-09-10 08:21:15 | NOT_FOUND  | TMDB_NO_MA | Yahdoth Fi Masr                          | Yahdoth Fi Masr                          | P:-   B:-   L:-   M:-  
2026-09-10 08:21:43 | NOT_FOUND  | TMDB_NO_MA | Teeba                                    | Teeba                                    | P:-   B:-   L:-   M:-  
2026-09-10 08:21:45 | NOT_FOUND  | ELCIN_NO_M | Al Nowaylati                             | Al Nowaylati                             | P:-   B:-   L:-   M:-  
2026-09-10 08:21:46 | NOT_FOUND  | ELCIN_NO_M | Al Motawahesh                            | Al Motawahesh                            | P:-   B:-   L:-   M:-  
2026-09-10 08:21:51 | NOT_FOUND  | ELCIN_NO_M | Al Ghommaida                             | Al Ghommaida                             | P:-   B:-   L:-   M:-  
2026-09-10 08:21:51 | NOT_FOUND  | ELCIN_NO_M | Asdiqaa Al Omr                           | Asdiqaa Al Omr                           | P:-   B:-   L:-   M:-  
2026-09-10 08:21:52 | NOT_FOUND  | ELCIN_NO_M | Sabah Al Khair Ya Arab                   | Sabah Al Khair Ya Arab                   | P:-   B:-   L:-   M:-  
2026-09-10 08:21:56 | NOT_FOUND  | TMDB_NO_MA | GMA Pinoy                                | GMA Pinoy                                | P:-   B:-   L:-   M:-  
2026-09-10 08:21:57 | NOT_FOUND  | ELCIN_NO_M | تيكتوكلوك: هابي اور نا                   | تيكتوكلوك: هابي اور نا                   | P:-   B:-   L:-   M:-  
2026-09-10 08:21:58 | NOT_FOUND  | ELCIN_NO_M | بليبي                                    | بليبي                                    | P:-   B:-   L:-   M:-  
2026-09-10 08:21:58 | NOT_FOUND  | ELCIN_NO_M | كوكوميلن                                 | كوكوميلن                                 | P:-   B:-   L:-   M:-  
2026-09-10 08:21:59 | NOT_FOUND  | ELCIN_NO_M | اير اسيا بودز ادفنتشرز                   | اير اسيا بودز ادفنتشرز                   | P:-   B:-   L:-   M:-  
2026-09-10 08:22:05 | NOT_FOUND  | ELCIN_NO_M | Sabahak Masry                            | Sabahak Masry                            | P:-   B:-   L:-   M:-  
2026-09-10 08:22:05 | NOT_FOUND  | ELCIN_NO_M | Min El Qalb Lil Qalb                     | Min El Qalb Lil Qalb                     | P:-   B:-   L:-   M:-  
2026-09-10 08:22:20 | NOT_FOUND  | ELCIN_NO_M | El Maddah: Ostouret El Awda              | El Maddah: Ostouret El Awda              | P:-   B:-   L:-   M:-  
2026-09-10 08:22:25 | NOT_FOUND  | ELCIN_NO_M | على قد الايد                             | على قد الايد                             | P:-   B:-   L:-   M:-  
2026-09-10 08:22:33 | NOT_FOUND  | ELCIN_NO_M | El Laeeb                                 | El Laeeb                                 | P:-   B:-   L:-   M:-  
2026-09-10 08:22:37 | NOT_FOUND  | ELCIN_NO_M | Al Kha'en                                | Al Kha'en                                | P:-   B:-   L:-   M:-  
2026-09-10 08:22:41 | NOT_FOUND  | TMDB_NO_MA | Spider-Man: Far From Home                | Spider-Man: Far From Home                | P:-   B:-   L:-   M:-  
2026-09-10 08:22:41 | NOT_FOUND  | TMDB_NO_MA | Chief Of Station                         | Chief Of Station                         | P:-   B:-   L:-   M:-  
2026-09-10 08:22:51 | NOT_FOUND  | TMDB_NO_MA | The Hummingbird Project                  | The Hummingbird Project                  | P:-   B:-   L:-   M:-  
2026-09-10 08:22:51 | NOT_FOUND  | TMDB_NO_MA | Lady Bird                                | Lady Bird                                | P:-   B:-   L:-   M:-  
2026-09-10 08:22:51 | NOT_FOUND  | TMDB_NO_MA | The Room Next Door                       | The Room Next Door                       | P:-   B:-   L:-   M:-  
2026-09-10 08:22:51 | NOT_FOUND  | TMDB_NO_MA | The Life Of Chuck                        | The Life Of Chuck                        | P:-   B:-   L:-   M:-  
2026-09-10 08:22:56 | NOT_FOUND  | TMDB_NO_MA | The Underdoggs                           | The Underdoggs                           | P:-   B:-   L:-   M:-  
2026-09-10 08:22:56 | NOT_FOUND  | TMDB_NO_MA | Skiptrace                                | Skiptrace                                | P:-   B:-   L:-   M:-  
2026-09-10 08:22:56 | NOT_FOUND  | ELCIN_NO_M | عائلة ادمز                               | عائلة ادمز                               | P:-   B:-   L:-   M:-  
2026-09-10 08:22:58 | NOT_FOUND  | ELCIN_NO_M | اميرة في المطبخ                          | اميرة في المطبخ                          | P:-   B:-   L:-   M:-  
2026-09-10 08:22:58 | NOT_FOUND  | ELCIN_NO_M | ازي الصحة                                | ازي الصحة                                | P:-   B:-   L:-   M:-  
2026-09-10 08:22:58 | NOT_FOUND  | ELCIN_NO_M | عمايل ايديا                              | عمايل ايديا                              | P:-   B:-   L:-   M:-  
2026-09-10 08:22:59 | NOT_FOUND  | TMDB_NO_MA | Red Eye - 2                              | Red Eye - 2                              | P:-   B:-   L:-   M:-  
2026-09-10 08:23:00 | NOT_FOUND  | TMDB_NO_MA | Broken Spies - 1                         | Broken Spies - 1                         | P:-   B:-   L:-   M:-  
2026-09-10 08:23:04 | NOT_FOUND  | TMDB_NO_MA | Berlin Blues - 4                         | Berlin Blues - 4                         | P:-   B:-   L:-   M:-  
2026-09-10 08:23:13 | NOT_FOUND  | TMDB_NO_MA | Azit Hakalba Hatzanhanit                 | Azit Hakalba Hatzanhanit                 | P:-   B:-   L:-   M:-  
2026-09-10 08:23:13 | NOT_FOUND  | TMDB_NO_MA | Abba Ganuv 3                             | Abba Ganuv 3                             | P:-   B:-   L:-   M:-  
2026-09-10 08:23:13 | NOT_FOUND  | TMDB_NO_MA | Midnight Entertainer                     | Midnight Entertainer                     | P:-   B:-   L:-   M:-  
2026-09-10 08:23:13 | NOT_FOUND  | TMDB_NO_MA | Tzanani Family                           | Tzanani Family                           | P:-   B:-   L:-   M:-  
2026-09-10 08:23:13 | NOT_FOUND  | TMDB_NO_MA | Mazal Hatula                             | Mazal Hatula                             | P:-   B:-   L:-   M:-  
2026-09-10 08:23:16 | NOT_FOUND  | TMDB_NO_MA | Beyond The Hill - Ep. 26                 | Beyond The Hill                          | P:-   B:-   L:-   M:-  
2026-09-10 08:23:16 | NOT_FOUND  | TMDB_NO_MA | Blooming Lady 3 - Ep. 189                | Blooming Lady                            | P:-   B:-   L:-   M:-  
2026-09-10 08:23:19 | NOT_FOUND  | TMDB_NO_MA | Take My Hand - Ep. 25                    | Take My Hand                             | P:-   B:-   L:-   M:-  
2026-09-10 08:23:19 | NOT_FOUND  | TMDB_NO_MA | Waves of Love - Ep. 11                   | Waves of Love                            | P:-   B:-   L:-   M:-  
2026-09-10 08:23:20 | NOT_FOUND  | TMDB_NO_MA | Little Big Heart - Ep. 22                | Little Big Heart                         | P:-   B:-   L:-   M:-  
2026-09-10 08:23:26 | NOT_FOUND  | TMDB_NO_MA | Grand Hotel - All Secrets Stay Here - Ep | Grand Hotel - All Secrets Stay Here - Ep | P:-   B:-   L:-   M:-  
2026-09-10 08:23:28 | NOT_FOUND  | ELCIN_NO_M | عالم واين                                | عالم واين                                | P:-   B:-   L:-   M:-  
2026-09-10 08:23:28 | NOT_FOUND  | ELCIN_NO_M | تجربة عيد الميلاد                        | تجربة عيد الميلاد                        | P:-   B:-   L:-   M:-  
2026-09-10 08:23:37 | NOT_FOUND  | TMDB_NO_MA | Jedna bitwa po drugiej                   | Jedna bitwa po drugiej                   | P:-   B:-   L:-   M:-  
2026-09-10 08:23:37 | NOT_FOUND  | TMDB_NO_MA | Prawa ludzi                              | Prawa ludzi                              | P:-   B:-   L:-   M:-  
2026-09-10 08:23:37 | NOT_FOUND  | TMDB_NO_MA | Królowa kości                            | Królowa kości                            | P:-   B:-   L:-   M:-  
2026-09-10 08:23:37 | NOT_FOUND  | TMDB_NO_MA | Kolejna zwyczajna przysługa              | Kolejna zwyczajna przysługa              | P:-   B:-   L:-   M:-  
2026-09-10 08:23:37 | NOT_FOUND  | TMDB_NO_MA | Twój potwór                              | Twój potwór                              | P:-   B:-   L:-   M:-  
2026-09-10 08:23:43 | NOT_FOUND  | TMDB_NO_MA | Nierozłączni                             | Nierozłączni                             | P:-   B:-   L:-   M:-  
2026-09-10 08:23:43 | NOT_FOUND  | TMDB_NO_MA | Spider-Man: Bez drogi do domu            | Spider-Man: Bez drogi do domu            | P:-   B:-   L:-   M:-  
2026-09-10 08:23:43 | NOT_FOUND  | TMDB_NO_MA | Kina i Yuk                               | Kina i Yuk                               | P:-   B:-   L:-   M:-  
2026-09-10 08:23:52 | NOT_FOUND  | TMDB_NO_MA | Okiem Oscara                             | Okiem Oscara                             | P:-   B:-   L:-   M:-  
2026-09-10 08:23:54 | NOT_FOUND  | TMDB_NO_MA | Nauczyciel, który obiecał nam morze      | Nauczyciel, który obiecał nam morze      | P:-   B:-   L:-   M:-  
2026-09-10 08:23:54 | NOT_FOUND  | TMDB_NO_MA | Chmurka                                  | Chmurka                                  | P:-   B:-   L:-   M:-  
2026-09-10 08:23:54 | NOT_FOUND  | TMDB_NO_MA | Zabić mongolskiego konia                 | Zabić mongolskiego konia                 | P:-   B:-   L:-   M:-  
2026-09-10 08:23:54 | NOT_FOUND  | TMDB_NO_MA | Transformers: Zemsta upadłych            | Transformers: Zemsta upadłych            | P:-   B:-   L:-   M:-  
2026-09-10 08:23:54 | NOT_FOUND  | TMDB_NO_MA | Moje miejsce jest tutaj                  | Moje miejsce jest tutaj                  | P:-   B:-   L:-   M:-  
2026-09-10 08:23:57 | NOT_FOUND  | TMDB_NO_MA | Mikado                                   | Mikado                                   | P:-   B:-   L:-   M:-  
2026-09-10 08:23:57 | NOT_FOUND  | TMDB_NO_MA | Wietrzne podróże                         | Wietrzne podróże                         | P:-   B:-   L:-   M:-  
2026-09-10 08:23:57 | NOT_FOUND  | TMDB_NO_MA | Sześć stóp nad ziemią                    | Sześć stóp nad ziemią                    | P:-   B:-   L:-   M:-  
2026-09-10 08:23:57 | NOT_FOUND  | TMDB_NO_MA | Kilka dni, nie więcej                    | Kilka dni, nie więcej                    | P:-   B:-   L:-   M:-  
2026-09-10 08:23:57 | NOT_FOUND  | TMDB_NO_MA | Made in EU                               | Made in EU                               | P:-   B:-   L:-   M:-  
2026-09-10 08:24:00 | NOT_FOUND  | TMDB_NO_MA | Nadzieja                                 | Nadzieja                                 | P:-   B:-   L:-   M:-  
2026-09-10 08:24:00 | NOT_FOUND  | TMDB_NO_MA | Prawda czy fałsz. Psychologia trumpizmu  | Prawda czy fałsz. Psychologia trumpizmu  | P:-   B:-   L:-   M:-  
2026-09-10 08:24:00 | NOT_FOUND  | TMDB_NO_MA | Fuks                                     | Fuks                                     | P:-   B:-   L:-   M:-  
2026-09-10 08:24:00 | NOT_FOUND  | TMDB_NO_MA | Saga Zmierzch: Przed świtem. Część I     | Saga Zmierzch: Przed świtem. Część I     | P:-   B:-   L:-   M:-  
2026-09-10 08:24:06 | NOT_FOUND  | TMDB_NO_MA | Gwiezdny pył                             | Gwiezdny pył                             | P:-   B:-   L:-   M:-  
2026-09-10 08:24:12 | NOT_FOUND  | ELCIN_NO_M | متزوجون ولهم اطفال 5 ح 3                 | متزوجون ولهم اطفال 5                     | P:-   B:-   L:-   M:-  
2026-09-10 08:24:14 | NOT_FOUND  | TMDB_NO_MA | Pożegnanie z miłością                    | Pożegnanie z miłością                    | P:-   B:-   L:-   M:-  
2026-09-10 08:24:14 | NOT_FOUND  | TMDB_NO_MA | Papillon. Motylek                        | Papillon. Motylek                        | P:-   B:-   L:-   M:-  
2026-09-10 08:24:14 | NOT_FOUND  | TMDB_NO_MA | Ad Astra: Ku gwiazdom                    | Ad Astra: Ku gwiazdom                    | P:-   B:-   L:-   M:-  
2026-09-10 08:24:14 | NOT_FOUND  | TMDB_NO_MA | Strażnik czasu                           | Strażnik czasu                           | P:-   B:-   L:-   M:-  
2026-09-10 08:24:14 | NOT_FOUND  | TMDB_NO_MA | Kaktus Jack                              | Kaktus Jack                              | P:-   B:-   L:-   M:-  
2026-09-10 08:24:23 | NOT_FOUND  | TMDB_NO_MA | Bajer z Bel-Air 2                        | Bajer z Bel-Air 2                        | P:-   B:-   L:-   M:-  
2026-09-10 08:24:23 | NOT_FOUND  | TMDB_NO_MA | Prawo Agaty 6                            | Prawo Agaty 6                            | P:-   B:-   L:-   M:-  
2026-09-10 08:24:23 | NOT_FOUND  | TMDB_NO_MA | Pełniejsza chata 2                       | Pełniejsza chata 2                       | P:-   B:-   L:-   M:-  
2026-09-10 08:24:35 | NOT_FOUND  | TMDB_NO_MA | Abby na krawędzi                         | Abby na krawędzi                         | P:-   B:-   L:-   M:-  
2026-09-10 08:24:35 | NOT_FOUND  | TMDB_NO_MA | Brick Lane                               | Brick Lane                               | P:-   B:-   L:-   M:-  
2026-09-10 08:24:35 | NOT_FOUND  | TMDB_NO_MA | Acceptance                               | Acceptance                               | P:-   B:-   L:-   M:-  
2026-09-10 08:24:35 | NOT_FOUND  | TMDB_NO_MA | Wojna w Johnson County 1 (odc. 1)        | Wojna w Johnson County                   | P:-   B:-   L:-   M:-  
2026-09-10 08:24:43 | NOT_FOUND  | TMDB_NO_MA | Morderstwa w Tours                       | Morderstwa w Tours                       | P:-   B:-   L:-   M:-  
2026-09-10 08:24:43 | NOT_FOUND  | TMDB_NO_MA | Bez śladu 1 (odc. 19)                    | Bez śladu                                | P:-   B:-   L:-   M:-  
2026-09-10 08:24:47 | NOT_FOUND  | TMDB_NO_MA | Z pamiętnika położnej 13 (odc. 2)        | Z pamiętnika położnej                    | P:-   B:-   L:-   M:-  
2026-09-10 08:24:47 | NOT_FOUND  | TMDB_NO_MA | Brytyjskie fabryki 9 (odc. 5)            | Brytyjskie fabryki                       | P:-   B:-   L:-   M:-  
2026-09-10 08:24:48 | NOT_FOUND  | TMDB_NO_MA | Zagadki kryminalne panny Fisher 1 (odc.  | Zagadki kryminalne panny Fisher          | P:-   B:-   L:-   M:-  
2026-09-10 08:24:55 | NOT_FOUND  | TMDB_NO_MA | Zadbaj o siebie                          | Zadbaj o siebie                          | P:-   B:-   L:-   M:-  
2026-09-10 08:24:55 | NOT_FOUND  | TMDB_NO_MA | Rok, w którym Dolly Parton była moją mam | Rok, w którym Dolly Parton była moją mam | P:-   B:-   L:-   M:-  
2026-09-10 08:24:55 | NOT_FOUND  | TMDB_NO_MA | W harmonii                               | W harmonii                               | P:-   B:-   L:-   M:-  
2026-09-10 08:24:55 | NOT_FOUND  | TMDB_NO_MA | Świąteczne opowieści                     | Świąteczne opowieści                     | P:-   B:-   L:-   M:-  
2026-09-10 08:24:55 | NOT_FOUND  | TMDB_NO_MA | Weekend z królem                         | Weekend z królem                         | P:-   B:-   L:-   M:-  
2026-09-10 08:24:59 | NOT_FOUND  | TMDB_NO_MA | Dwóch facetów w jednym                   | Dwóch facetów w jednym                   | P:-   B:-   L:-   M:-  
2026-09-10 08:24:59 | NOT_FOUND  | TMDB_NO_MA | Czekając na Anyę                         | Czekając na Anyę                         | P:-   B:-   L:-   M:-  
2026-09-10 08:24:59 | NOT_FOUND  | TMDB_NO_MA | Duch Świąt                               | Duch Świąt                               | P:-   B:-   L:-   M:-  
2026-09-10 08:24:59 | NOT_FOUND  | TMDB_NO_MA | Irlandzki numer                          | Irlandzki numer                          | P:-   B:-   L:-   M:-  
2026-09-10 08:25:03 | NOT_FOUND  | TMDB_NO_MA | Tajna agentka                            | Tajna agentka                            | P:-   B:-   L:-   M:-  
2026-09-10 08:25:03 | NOT_FOUND  | TMDB_NO_MA | Guido Superstar                          | Guido Superstar                          | P:-   B:-   L:-   M:-  
2026-09-10 08:25:03 | NOT_FOUND  | TMDB_NO_MA | Goldbergowie 7 (odc. 2)                  | Goldbergowie                             | P:-   B:-   L:-   M:-  
2026-09-10 08:25:03 | NOT_FOUND  | TMDB_NO_MA | Zagubiony smok                           | Zagubiony smok                           | P:-   B:-   L:-   M:-  
2026-09-10 08:25:03 | NOT_FOUND  | TMDB_NO_MA | Coco Chanel                              | Coco Chanel                              | P:-   B:-   L:-   M:-  
2026-09-10 08:25:06 | NOT_FOUND  | TMDB_NO_MA | Timber, pies-odkrywca                    | Timber, pies-odkrywca                    | P:-   B:-   L:-   M:-  
2026-09-10 08:25:06 | NOT_FOUND  | TMDB_NO_MA | Wyspa szemrzącego wiatru                 | Wyspa szemrzącego wiatru                 | P:-   B:-   L:-   M:-  
2026-09-10 08:25:06 | NOT_FOUND  | TMDB_NO_MA | Wrobieni                                 | Wrobieni                                 | P:-   B:-   L:-   M:-  
2026-09-10 08:25:06 | NOT_FOUND  | TMDB_NO_MA | Skarb Jesse'ego Jamesa                   | Skarb Jesse'ego Jamesa                   | P:-   B:-   L:-   M:-  
2026-09-10 08:25:06 | NOT_FOUND  | TMDB_NO_MA | Che II. Boliwia                          | Che II. Boliwia                          | P:-   B:-   L:-   M:-  
2026-09-10 08:25:09 | NOT_FOUND  | TMDB_NO_MA | Sherlock Holmes i tajny szyfr            | Sherlock Holmes i tajny szyfr            | P:-   B:-   L:-   M:-  
2026-09-10 08:25:09 | NOT_FOUND  | TMDB_NO_MA | Buster się żeni                          | Buster się żeni                          | P:-   B:-   L:-   M:-  
2026-09-10 08:25:09 | NOT_FOUND  | TMDB_NO_MA | Dzień dobrze minął?                      | Dzień dobrze minął?                      | P:-   B:-   L:-   M:-  
2026-09-10 08:25:09 | NOT_FOUND  | TMDB_NO_MA | Laleczka                                 | Laleczka                                 | P:-   B:-   L:-   M:-  
2026-09-10 08:25:09 | NOT_FOUND  | TMDB_NO_MA | Najskromniejsze kino w dziejach          | Najskromniejsze kino w dziejach          | P:-   B:-   L:-   M:-  
2026-09-10 08:25:10 | NOT_FOUND  | TMDB_NO_MA | Kości 11 (odc. 22)                       | Kości                                    | P:-   B:-   L:-   M:-  
2026-09-10 08:25:18 | NOT_FOUND  | TMDB_NO_MA | Współczesna rodzina 10 (odc. 6)          | Współczesna rodzina                      | P:-   B:-   L:-   M:-  
2026-09-10 08:25:18 | NOT_FOUND  | TMDB_NO_MA | Diabli nadali 3 (odc. 24)                | Diabli nadali                            | P:-   B:-   L:-   M:-  
2026-09-10 08:25:21 | NOT_FOUND  | TMDB_NO_MA | Dwóch i pół 2 (odc. 1)                   | Dwóch i pół                              | P:-   B:-   L:-   M:-  
2026-09-10 08:25:24 | NOT_FOUND  | TMDB_NO_MA | Śmieszniej nie będzie 2 (odc. 22)        | Śmieszniej nie będzie                    | P:-   B:-   L:-   M:-  
2026-09-10 08:25:29 | NOT_FOUND  | ELCIN_NO_M | Un posto al sole 30 - p.138              | Un posto al sole 30                      | P:-   B:-   L:-   M:-  
2026-09-10 08:25:33 | NOT_FOUND  | TMDB_NO_MA | Ostry dyżur 5 (odc. 1)                   | Ostry dyżur                              | P:-   B:-   L:-   M:-  
2026-09-10 08:25:54 | NOT_FOUND  | TMDB_NO_MA | Kobra - oddział specjalny 14 (odc. 2)    | Kobra - oddział specjalny                | P:-   B:-   L:-   M:-  
2026-09-10 08:25:54 | NOT_FOUND  | TMDB_NO_MA | Nieustraszony 3 (odc. 14)                | Nieustraszony                            | P:-   B:-   L:-   M:-  
2026-09-10 08:25:54 | NOT_FOUND  | TMDB_NO_MA | Gwiezdne wrota 10 (odc. 10)              | Gwiezdne wrota                           | P:-   B:-   L:-   M:-  
2026-09-10 08:25:58 | NOT_FOUND  | TMDB_NO_MA | Widok za milion 1 (odc. 7)               | Widok za milion                          | P:-   B:-   L:-   M:-  
2026-09-10 08:25:59 | NOT_FOUND  | TMDB_NO_MA | Detektyw Murdoch 12 (odc. 15)            | Detektyw Murdoch                         | P:-   B:-   L:-   M:-  
2026-09-10 08:26:03 | NOT_FOUND  | TMDB_NO_MA | Sprawy pana Booka 1 (odc. 6)             | Sprawy pana Booka                        | P:-   B:-   L:-   M:-  
2026-09-10 08:26:06 | NOT_FOUND  | TMDB_NO_MA | Papa' Gambalunga                         | Papa' Gambalunga                         | P:-   B:-   L:-   M:-  
2026-09-10 08:26:06 | NOT_FOUND  | TMDB_NO_MA | Holly e Benji Forever                    | Holly e Benji Forever                    | P:-   B:-   L:-   M:-  
2026-09-10 08:26:16 | NOT_FOUND  | TMDB_NO_MA | Il papa' di Giovanna                     | Il papa' di Giovanna                     | P:-   B:-   L:-   M:-  
2026-09-10 08:26:16 | NOT_FOUND  | TMDB_NO_MA | Viola bacia tutti                        | Viola bacia tutti                        | P:-   B:-   L:-   M:-  
2026-09-10 08:26:16 | NOT_FOUND  | TMDB_NO_MA | South Kensington                         | South Kensington                         | P:-   B:-   L:-   M:-  
2026-09-10 08:26:22 | NOT_FOUND  | TMDB_NO_MA | La freccia nella polvere                 | La freccia nella polvere                 | P:-   B:-   L:-   M:-  
2026-09-10 08:26:22 | NOT_FOUND  | TMDB_NO_MA | N - Io e Napoleone                       | N - Io e Napoleone                       | P:-   B:-   L:-   M:-  
2026-09-10 08:26:22 | NOT_FOUND  | TMDB_NO_MA | Il grande colpo di Surcouf               | Il grande colpo di Surcouf               | P:-   B:-   L:-   M:-  
2026-09-10 08:26:31 | NOT_FOUND  | TMDB_NO_MA | Potop 2 (odc. 2)                         | Potop                                    | P:-   B:-   L:-   M:-  
2026-09-10 08:26:37 | NOT_FOUND  | TMDB_NO_MA | Wróg doskonały                           | Wróg doskonały                           | P:-   B:-   L:-   M:-  
2026-09-10 08:26:37 | NOT_FOUND  | TMDB_NO_MA | Górski lekarz 16 (odc. 3)                | Górski lekarz                            | P:-   B:-   L:-   M:-  
2026-09-10 08:26:37 | NOT_FOUND  | TMDB_NO_MA | Rosamunde Pilcher: Miłość na horyzoncie! | Rosamunde Pilcher: Miłość na horyzoncie! | P:-   B:-   L:-   M:-  
2026-09-10 08:26:37 | NOT_FOUND  | TMDB_NO_MA | Käthe i ja 1 (odc. 8)                    | Käthe i ja                               | P:-   B:-   L:-   M:-  
2026-09-10 08:26:37 | NOT_FOUND  | TMDB_NO_MA | Dora Heldt: Ucieczka ciotki Inge         | Dora Heldt: Ucieczka ciotki Inge         | P:-   B:-   L:-   M:-  
2026-09-10 08:26:37 | NOT_FOUND  | TMDB_NO_MA | Malibu - Moje marzenie, twoje marzenie 2 | Malibu - Moje marzenie, twoje marzenie   | P:-   B:-   L:-   M:-  
2026-09-10 08:26:40 | NOT_FOUND  | TMDB_NO_MA | Otchłań namiętności 1 (odc. 161)         | Otchłań namiętności                      | P:-   B:-   L:-   M:-  
2026-09-10 08:26:40 | NOT_FOUND  | TMDB_NO_MA | Miłość w Cabo 1 (odc. 20)                | Miłość w Cabo                            | P:-   B:-   L:-   M:-  
2026-09-10 08:26:40 | NOT_FOUND  | TMDB_NO_MA | Opowieść o wyspie 1 (odc. 38)            | Opowieść o wyspie                        | P:-   B:-   L:-   M:-  
2026-09-10 08:26:44 | NOT_FOUND  | TMDB_NO_MA | Disco Landia - nutki do pobudki 1 (odc.  | Disco Landia - nutki do pobudki          | P:-   B:-   L:-   M:-  
2026-09-10 08:26:46 | NOT_FOUND  | TMDB_NO_MA | Wariaci za kierownicą 1 (odc. 2)         | Wariaci za kierownicą                    | P:-   B:-   L:-   M:-  
2026-09-10 08:26:46 | NOT_FOUND  | TMDB_NO_MA | Mistrzowie kabaretu 15 (odc. 8)          | Mistrzowie kabaretu                      | P:-   B:-   L:-   M:-  
2026-09-10 08:26:46 | NOT_FOUND  | TMDB_NO_MA | Kasandra 7 (odc. 4)                      | Kasandra                                 | P:-   B:-   L:-   M:-  
2026-09-10 08:26:52 | NOT_FOUND  | TMDB_NO_MA | Świat według Kiepskich: Bezpieczeństwo i | Świat według Kiepskich: Bezpieczeństwo i | P:-   B:-   L:-   M:-  
2026-09-10 08:26:53 | NOT_FOUND  | TMDB_NO_MA | Świat według Bundych: odc.6              | Świat według Bundych                     | P:-   B:-   L:-   M:-  
2026-09-10 08:27:08 | NOT_FOUND  | ELCIN_NO_M | Wszystkie stworzenia duże i małe 1 (odc. | Wszystkie stworzenia duże i małe         | P:-   B:-   L:-   M:-  
2026-09-10 08:27:29 | NOT_FOUND  | TMDB_NO_MA | Wszystko, co chcielibyście wiedzieć 2 (o | Wszystko, co chcielibyście wiedzieć      | P:-   B:-   L:-   M:-  
2026-09-10 08:27:32 | NOT_FOUND  | TMDB_NO_MA | Oszukane 1 (odc. 5)                      | Oszukane                                 | P:-   B:-   L:-   M:-  
2026-09-10 08:27:33 | NOT_FOUND  | TMDB_NO_MA | Wojny kontenerowe 1 (odc. 15)            | Wojny kontenerowe                        | P:-   B:-   L:-   M:-  
2026-09-10 08:27:46 | NOT_FOUND  | TMDB_NO_MA | Dorwać tuńczyka: odc.5                   | Dorwać tuńczyka                          | P:-   B:-   L:-   M:-  
2026-09-10 08:27:50 | NOT_FOUND  | TMDB_NO_MA | Zaklinaczka duchów 5: odc.88             | Zaklinaczka duchów                       | P:-   B:-   L:-   M:-  
2026-09-10 08:27:57 | NOT_FOUND  | TMDB_NO_MA | Na sygnale: Ustawka                      | Na sygnale: Ustawka                      | P:-   B:-   L:-   M:-  
2026-09-10 08:27:57 | NOT_FOUND  | TMDB_NO_MA | Na sygnale: Detoks                       | Na sygnale: Detoks                       | P:-   B:-   L:-   M:-  
2026-09-10 08:28:02 | NOT_FOUND  | TMDB_NO_MA | Pełnia wiary                             | Pełnia wiary                             | P:-   B:-   L:-   M:-  
2026-09-10 08:28:05 | NOT_FOUND  | TMDB_NO_MA | Pytanie na śniadanie - pobudka           | Pytanie na śniadanie - pobudka           | P:-   B:-   L:-   M:-  
2026-09-10 08:28:07 | NOT_FOUND  | TMDB_NO_MA | Polska o poranku                         | Polska o poranku                         | P:-   B:-   L:-   M:-  
2026-09-10 08:28:07 | NOT_FOUND  | TMDB_NO_MA | Gość poranka                             | Gość poranka                             | P:-   B:-   L:-   M:-  
2026-09-10 08:28:10 | NOT_FOUND  | TMDB_NO_MA | Kuchenne rewolucje: Barlinek - Limba: od | Kuchenne rewolucje: Barlinek - Limba     | P:-   B:-   L:-   M:-  
2026-09-10 08:28:10 | NOT_FOUND  | TMDB_NO_MA | Kuchenne rewolucje: Płońsk, Trops: odc.7 | Kuchenne rewolucje: Płońsk, Trops        | P:-   B:-   L:-   M:-  
2026-09-10 08:28:14 | NOT_FOUND  | TMDB_NO_MA | Detektywi: Odnaleziona córka             | Detektywi: Odnaleziona córka             | P:-   B:-   L:-   M:-  
2026-09-10 08:28:19 | NOT_FOUND  | TMDB_NO_MA | Mniej znaczy więcej. Better for Less: od | Mniej znaczy więcej. Better for Less     | P:-   B:-   L:-   M:-  
2026-09-10 08:28:22 | NOT_FOUND  | TMDB_NO_MA | Graty Dereka Bieriego 2: odc.8           | Graty Dereka Bieriego                    | P:-   B:-   L:-   M:-  
2026-09-10 08:28:22 | NOT_FOUND  | TMDB_NO_MA | Fani czterech kółek 18 (odc. 5)          | Fani czterech kółek                      | P:-   B:-   L:-   M:-  
2026-09-10 08:28:29 | NOT_FOUND  | TMDB_NO_MA | Le 8-9                                   | Le 8-9                                   | P:-   B:-   L:-   M:-  
2026-09-10 08:28:37 | NOT_FOUND  | ELCIN_NO_M | Gry małżeńskie 14 (odc. 6)               | Gry małżeńskie                           | P:-   B:-   L:-   M:-  
2026-09-10 08:28:42 | NOT_FOUND  | TMDB_NO_MA | Quoi ? Quand ? Où ?                      | Quoi? Quand? Où?                         | P:-   B:-   L:-   M:-  
2026-09-10 08:28:42 | NOT_FOUND  | TMDB_NO_MA | Le Clan Delon - L'impossible héritage    | Le Clan Delon - L'impossible héritage    | P:-   B:-   L:-   M:-  
2026-09-10 08:28:53 | NOT_FOUND  | TMDB_NO_MA | Dans les coulisses de "Vigilante"        | Dans les coulisses de "Vigilante"        | P:-   B:-   L:-   M:-  
2026-09-10 08:28:53 | NOT_FOUND  | TMDB_NO_MA | Coûte que coûte, c'est notre argent      | Coûte que coûte, c'est notre argent      | P:-   B:-   L:-   M:-  
2026-09-10 08:28:57 | NOT_FOUND  | TMDB_NO_MA | Dans votre canap' VIP                    | Dans votre canap' VIP                    | P:-   B:-   L:-   M:-  
2026-09-10 08:29:01 | NOT_FOUND  | TMDB_NO_MA | Dr. House - Medical division             | Dr. House - Medical division             | P:-   B:-   L:-   M:-  
2026-09-10 08:29:08 | NOT_FOUND  | TMDB_NO_MA | Segreti di famiglia                      | Segreti di famiglia                      | P:-   B:-   L:-   M:-  
2026-09-10 08:29:08 | NOT_FOUND  | TMDB_NO_MA | Ore 11                                   | Ore 11                                   | P:-   B:-   L:-   M:-  
2026-09-10 08:29:10 | NOT_FOUND  | TMDB_NO_MA | Traffico                                 | Traffico                                 | P:-   B:-   L:-   M:-  
2026-09-10 08:29:10 | NOT_FOUND  | ELCIN_NO_M | Jedzenie ma znaczenie: odc.26            | Jedzenie ma znaczenie                    | P:-   B:-   L:-   M:-  
2026-09-10 08:29:55 | NOT_FOUND  | TMDB_NO_MA | Baywatch - Il mostro                     | Baywatch - Il mostro                     | P:-   B:-   L:-   M:-  
2026-09-10 08:29:56 | NOT_FOUND  | TMDB_NO_MA | Fiamme fatali                            | Fiamme fatali                            | P:-   B:-   L:-   M:-  
2026-09-10 08:29:56 | NOT_FOUND  | TMDB_NO_MA | Squadra Speciale Colonia - Indifeso      | Squadra Speciale Colonia - Indifeso      | P:-   B:-   L:-   M:-  
2026-09-10 08:29:56 | NOT_FOUND  | TMDB_NO_MA | La morte corre in rete                   | La morte corre in rete                   | P:-   B:-   L:-   M:-  
2026-09-10 08:29:56 | NOT_FOUND  | TMDB_NO_MA | RaiNews24                                | RaiNews24                                | P:-   B:-   L:-   M:-  
2026-09-10 08:29:58 | NOT_FOUND  | TMDB_NO_MA | Porta a Porta                            | Porta a Porta                            | P:-   B:-   L:-   M:-  
2026-09-10 08:30:02 | NOT_FOUND  | TMDB_NO_MA | Fast Forward IV ep.1                     | Fast Forward IV                          | P:-   B:-   L:-   M:-  
2026-09-10 08:30:02 | NOT_FOUND  | TMDB_NO_MA | Senza Traccia II ep.3                    | Senza Traccia II                         | P:-   B:-   L:-   M:-  
2026-09-10 08:30:02 | NOT_FOUND  | TMDB_NO_MA | Stranger Tape in Town pt.3               | Stranger Tape in Town                    | P:-   B:-   L:-   M:-  
2026-09-10 08:30:31 | NOT_FOUND  | TMDB_NO_MA | Omnibus ST.27                            | Omnibus ST.27                            | P:-   B:-   L:-   M:-  
2026-09-10 08:30:31 | NOT_FOUND  | TMDB_NO_MA | TG La7 Edizione Delle 7.30               | TG La7 Edizione Delle 7.30               | P:-   B:-   L:-   M:-  
2026-09-10 08:30:35 | NOT_FOUND  | TMDB_NO_MA | The Hollywood Collection                 | The Hollywood Collection                 | P:-   B:-   L:-   M:-  
2026-09-10 08:30:35 | NOT_FOUND  | TMDB_NO_MA | Josephine Ange Gardien ST.11             | Josephine Ange Gardien ST.11             | P:-   B:-   L:-   M:-  
2026-09-10 08:30:44 | NOT_FOUND  | TMDB_NO_MA | 3 auf zwei                               | 3 auf zwei                               | P:-   B:-   L:-   M:-  
2026-09-10 08:30:45 | NOT_FOUND  | TMDB_NO_MA | Les Hamsters de Hamsterdale              | Les Hamsters de Hamsterdale              | P:-   B:-   L:-   M:-  
2026-09-10 08:30:45 | NOT_FOUND  | TMDB_NO_MA | Bienvenue chez les Mouche                | Bienvenue chez les Mouche                | P:-   B:-   L:-   M:-  
2026-09-10 08:30:46 | NOT_FOUND  | TMDB_NO_MA | Tagesschau vor 20 Jahren                 | Tagesschau vor 20 Jahren                 | P:-   B:-   L:-   M:-  
2026-09-10 08:30:46 | NOT_FOUND  | TMDB_NO_MA | Forum                                    | Forum                                    | P:-   B:-   L:-   M:-  
2026-09-10 08:30:50 | NOT_FOUND  | ELCIN_NO_M | SRF bi de Lüt                            | SRF bi de Lüt                            | P:-   B:-   L:-   M:-  
2026-09-10 08:30:56 | NOT_FOUND  | TMDB_NO_MA | Mezz'ora per voi                         | Mezz'ora per voi                         | P:-   B:-   L:-   M:-  
2026-09-10 08:30:56 | NOT_FOUND  | TMDB_NO_MA | L'uomo di casa - Team Baxter             | L'uomo di casa - Team Baxter             | P:-   B:-   L:-   M:-  
2026-09-10 08:30:56 | NOT_FOUND  | TMDB_NO_MA | L'uomo di casa - Segreti di famiglia     | L'uomo di casa - Segreti di famiglia     | P:-   B:-   L:-   M:-  
2026-09-10 08:30:56 | NOT_FOUND  | TMDB_NO_MA | Guardia Costiera - I due rivali          | Guardia Costiera - I due rivali          | P:-   B:-   L:-   M:-  
2026-09-10 08:30:57 | NOT_FOUND  | TMDB_NO_MA | Setteventi in TV                         | Setteventi in TV                         | P:-   B:-   L:-   M:-  
2026-09-10 08:30:57 | NOT_FOUND  | TMDB_NO_MA | Casa Svizzera                            | Casa Svizzera                            | P:-   B:-   L:-   M:-  
2026-09-10 08:30:57 | NOT_FOUND  | TMDB_NO_MA | Radiogiornale                            | Radiogiornale                            | P:-   B:-   L:-   M:-  
2026-09-10 08:30:57 | NOT_FOUND  | TMDB_NO_MA | Modem                                    | Modem                                    | P:-   B:-   L:-   M:-  
2026-09-10 08:30:57 | NOT_FOUND  | TMDB_NO_MA | Millevoci in TV                          | Millevoci in TV                          | P:-   B:-   L:-   M:-  
2026-09-10 08:31:17 | NOT_FOUND  | TMDB_NO_MA | Kryminalna siódemka                      | Kryminalna siódemka                      | P:-   B:-   L:-   M:-  
2026-09-10 08:31:29 | NOT_FOUND  | TMDB_NO_MA | Tomek i przyjaciele: Naprzód lokomotywy! | Tomek i przyjaciele: Naprzód lokomotywy! | P:-   B:-   L:-   M:-  
2026-09-10 08:31:30 | NOT_FOUND  | TMDB_NO_MA | Kobra - oddział specjalny: odc.6         | Kobra - oddział specjalny                | P:-   B:-   L:-   M:-  
2026-09-10 08:31:44 | NOT_FOUND  | TMDB_NO_MA | Wszystko, co chcielibyście wiedzieć: Czy | Wszystko, co chcielibyście wiedzieć: Czy | P:-   B:-   L:-   M:-  
2026-09-10 08:31:48 | NOT_FOUND  | TMDB_NO_MA | Malanowski i partnerzy: odc.430          | Malanowski i partnerzy                   | P:-   B:-   L:-   M:-  
2026-09-10 08:31:53 | NOT_FOUND  | TMDB_NO_MA | Nadzieja                                 | Nadzieja                                 | P:-   B:-   L:-   M:-  
2026-09-10 08:31:53 | NOT_FOUND  | TMDB_NO_MA | Fuks                                     | Fuks                                     | P:-   B:-   L:-   M:-  
2026-09-10 08:31:53 | NOT_FOUND  | TMDB_NO_MA | Prawda czy fałsz. Psychologia trumpizmu  | Prawda czy fałsz. Psychologia trumpizmu  | P:-   B:-   L:-   M:-  
2026-09-10 08:31:53 | NOT_FOUND  | TMDB_NO_MA | Saga Zmierzch: Przed świtem. Część I     | Saga Zmierzch: Przed świtem. Część I     | P:-   B:-   L:-   M:-  
2026-09-10 08:32:03 | NOT_FOUND  | TMDB_NO_MA | Tregimtarja                              | Tregimtarja                              | P:-   B:-   L:-   M:-  
2026-09-10 08:32:03 | NOT_FOUND  | TMDB_NO_MA | Ndarja                                   | Ndarja                                   | P:-   B:-   L:-   M:-  
2026-09-10 08:32:03 | NOT_FOUND  | TMDB_NO_MA | Ikje nga biblioteka e z.Limonçelo        | Ikje nga biblioteka e z.Limonçelo        | P:-   B:-   L:-   M:-  
2026-09-10 08:32:03 | NOT_FOUND  | TMDB_NO_MA | Një zgjim i lavdishëm                    | Një zgjim i lavdishëm                    | P:-   B:-   L:-   M:-  
2026-09-10 08:32:03 | NOT_FOUND  | TMDB_NO_MA | Agjenti 007: Bota nuk mjafton            | Agjenti 007: Bota nuk mjafton            | P:-   B:-   L:-   M:-  
2026-09-10 08:32:10 | NOT_FOUND  | TMDB_NO_MA | Të Bukura dhe Vdekjeprurëse              | Të Bukura dhe Vdekjeprurëse              | P:-   B:-   L:-   M:-  
2026-09-10 08:32:10 | NOT_FOUND  | TMDB_NO_MA | Mbi trupin tënd                          | Mbi trupin tënd                          | P:-   B:-   L:-   M:-  
2026-09-10 08:32:10 | NOT_FOUND  | TMDB_NO_MA | Ti, Unë dhe Toskana                      | Ti, Unë dhe Toskana                      | P:-   B:-   L:-   M:-  
2026-09-10 08:32:10 | NOT_FOUND  | TMDB_NO_MA | Majk, Nik, Nik dhe Elis                  | Majk, Nik, Nik dhe Elis                  | P:-   B:-   L:-   M:-  
2026-09-10 08:32:17 | NOT_FOUND  | TMDB_NO_MA | Mbreti Majmun 2                          | Mbreti Majmun 2                          | P:-   B:-   L:-   M:-  
2026-09-10 08:32:17 | NOT_FOUND  | TMDB_NO_MA | Intuita                                  | Intuita                                  | P:-   B:-   L:-   M:-  
2026-09-10 08:32:17 | NOT_FOUND  | TMDB_NO_MA | Merr dhe lër                             | Merr dhe lër                             | P:-   B:-   L:-   M:-  
2026-09-10 08:32:17 | NOT_FOUND  | TMDB_NO_MA | Shigjeta e thyer                         | Shigjeta e thyer                         | P:-   B:-   L:-   M:-  
2026-09-10 08:32:17 | NOT_FOUND  | TMDB_NO_MA | Dublantja e nuses                        | Dublantja e nuses                        | P:-   B:-   L:-   M:-  
2026-09-10 08:32:20 | NOT_FOUND  | TMDB_NO_MA | Dy metra larg teje                       | Dy metra larg teje                       | P:-   B:-   L:-   M:-  
2026-09-10 08:32:20 | NOT_FOUND  | TMDB_NO_MA | Mufasa: Mbreti Luan                      | Mufasa: Mbreti Luan                      | P:-   B:-   L:-   M:-  
2026-09-10 08:32:20 | NOT_FOUND  | TMDB_NO_MA | Sirena e Vogël                           | Sirena e Vogël                           | P:-   B:-   L:-   M:-  
2026-09-10 08:32:20 | NOT_FOUND  | TMDB_NO_MA | Enola Holms                              | Enola Holms                              | P:-   B:-   L:-   M:-  
2026-09-10 08:32:20 | NOT_FOUND  | TMDB_NO_MA | Një polic në Beverly Hills: Aksel F      | Një polic në Beverly Hills: Aksel F      | P:-   B:-   L:-   M:-  
2026-09-10 08:32:24 | NOT_FOUND  | TMDB_NO_MA | Shumë vështirë për të vrarë              | Shumë vështirë për të vrarë              | P:-   B:-   L:-   M:-  
2026-09-10 08:32:24 | NOT_FOUND  | TMDB_NO_MA | Përmes perëndimit - pjesa e katërt       | Përmes perëndimit - pjesa e katërt       | P:-   B:-   L:-   M:-  
2026-09-10 08:32:24 | NOT_FOUND  | TMDB_NO_MA | Zemërdragoi                              | Zemërdragoi                              | P:-   B:-   L:-   M:-  
2026-09-10 08:32:24 | NOT_FOUND  | TMDB_NO_MA | Tri mbretëritë                           | Tri mbretëritë                           | P:-   B:-   L:-   M:-  
2026-09-10 08:32:24 | NOT_FOUND  | TMDB_NO_MA | Renegatët e Beitaunit                    | Renegatët e Beitaunit                    | P:-   B:-   L:-   M:-  
2026-09-10 08:32:26 | NOT_FOUND  | TMDB_NO_MA | Toka e premtuar                          | Toka e premtuar                          | P:-   B:-   L:-   M:-  
2026-09-10 08:32:26 | NOT_FOUND  | TMDB_NO_MA | Katër martesa dhe një funeral            | Katër martesa dhe një funeral            | P:-   B:-   L:-   M:-  
2026-09-10 08:32:26 | NOT_FOUND  | TMDB_NO_MA | Diell dhe portokalle                     | Diell dhe portokalle                     | P:-   B:-   L:-   M:-  
2026-09-10 08:32:26 | NOT_FOUND  | TMDB_NO_MA | Zhizhi                                   | Zhizhi                                   | P:-   B:-   L:-   M:-  
2026-09-10 08:32:26 | NOT_FOUND  | TMDB_NO_MA | Zhelani milioner                         | Zhelani milioner                         | P:-   B:-   L:-   M:-  
2026-09-10 08:32:29 | NOT_FOUND  | TMDB_NO_MA | Një dasmë paranormale                    | Një dasmë paranormale                    | P:-   B:-   L:-   M:-  
2026-09-10 08:32:29 | NOT_FOUND  | TMDB_NO_MA | E paplotësuar                            | E paplotësuar                            | P:-   B:-   L:-   M:-  
2026-09-10 08:32:29 | NOT_FOUND  | TMDB_NO_MA | Këshilltarja e dashurisë                 | Këshilltarja e dashurisë                 | P:-   B:-   L:-   M:-  
2026-09-10 08:32:29 | NOT_FOUND  | TMDB_NO_MA | Një fundjavë pa internet                 | Një fundjavë pa internet                 | P:-   B:-   L:-   M:-  
2026-09-10 08:32:29 | NOT_FOUND  | TMDB_NO_MA | Klubi i grave të para                    | Klubi i grave të para                    | P:-   B:-   L:-   M:-  
2026-09-10 08:32:31 | NOT_FOUND  | TMDB_NO_MA | Robër të dimrit                          | Robër të dimrit                          | P:-   B:-   L:-   M:-  
2026-09-10 08:32:32 | NOT_FOUND  | TMDB_NO_MA | Mendje vdekjeprurëse                     | Mendje vdekjeprurëse                     | P:-   B:-   L:-   M:-  
2026-09-10 08:32:32 | NOT_FOUND  | TMDB_NO_MA | Sakrifica                                | Sakrifica                                | P:-   B:-   L:-   M:-  
2026-09-10 08:32:32 | NOT_FOUND  | TMDB_NO_MA | I humbur                                 | I humbur                                 | P:-   B:-   L:-   M:-  
2026-09-10 08:32:32 | NOT_FOUND  | TMDB_NO_MA | Xhesi Stoun 4 - Terren i rrezikshëm      | Xhesi Stoun                              | P:-   B:-   L:-   M:-  
2026-09-10 08:32:34 | NOT_FOUND  | TMDB_NO_MA | Në vend të luleve                        | Në vend të luleve                        | P:-   B:-   L:-   M:-  
2026-09-10 08:32:34 | NOT_FOUND  | TMDB_NO_MA | Dita ime e fundit pa ty                  | Dita ime e fundit pa ty                  | P:-   B:-   L:-   M:-  
2026-09-10 08:32:34 | NOT_FOUND  | TMDB_NO_MA | Rekordi                                  | Rekordi                                  | P:-   B:-   L:-   M:-  
2026-09-10 08:32:34 | NOT_FOUND  | TMDB_NO_MA | Udhëtimi i pakohë                        | Udhëtimi i pakohë                        | P:-   B:-   L:-   M:-  
2026-09-10 08:32:34 | NOT_FOUND  | TMDB_NO_MA | Gëzuar Vitin e Ri                        | Gëzuar Vitin e Ri                        | P:-   B:-   L:-   M:-  
2026-09-10 08:32:36 | NOT_FOUND  | TMDB_NO_MA | Po kthehem në shtëpi                     | Po kthehem në shtëpi                     | P:-   B:-   L:-   M:-  
2026-09-10 08:32:36 | NOT_FOUND  | TMDB_NO_MA | Koncerti                                 | Koncerti                                 | P:-   B:-   L:-   M:-  
2026-09-10 08:32:36 | NOT_FOUND  | TMDB_NO_MA | S'duam fëmijë                            | S'duam fëmijë                            | P:-   B:-   L:-   M:-  
2026-09-10 08:32:36 | NOT_FOUND  | TMDB_NO_MA | Udhëtimi i fundit                        | Udhëtimi i fundit                        | P:-   B:-   L:-   M:-  
2026-09-10 08:32:36 | NOT_FOUND  | TMDB_NO_MA | Këngë për Marionën                       | Këngë për Marionën                       | P:-   B:-   L:-   M:-  
2026-09-10 08:32:39 | NOT_FOUND  | TMDB_NO_MA | Perandoria                               | Perandoria                               | P:-   B:-   L:-   M:-  
2026-09-10 08:32:43 | NOT_FOUND  | TMDB_NO_MA | Fisi i faunës 13                         | Fisi i faunës 13                         | P:-   B:-   L:-   M:-  
2026-09-10 08:32:43 | NOT_FOUND  | TMDB_NO_MA | Rojat e Taxhit                           | Rojat e Taxhit                           | P:-   B:-   L:-   M:-  
2026-09-10 08:32:43 | NOT_FOUND  | TMDB_NO_MA | ABC...ZH                                 | ABC...ZH                                 | P:-   B:-   L:-   M:-  
2026-09-10 08:32:43 | NOT_FOUND  | TMDB_NO_MA | Fisi i faunës 14                         | Fisi i faunës 14                         | P:-   B:-   L:-   M:-  
2026-09-10 08:32:43 | NOT_FOUND  | TMDB_NO_MA | Dita e parë e emërimit                   | Dita e parë e emërimit                   | P:-   B:-   L:-   M:-  
2026-09-10 08:32:45 | NOT_FOUND  | TMDB_NO_MA | Zjarr TV                                 | Zjarr TV                                 | P:-   B:-   L:-   M:-  
2026-09-10 08:32:48 | NOT_FOUND  | TMDB_NO_MA | Vánoce s princem: Královský potomek      | Vánoce s princem: Královský potomek      | P:-   B:-   L:-   M:-  
2026-09-10 08:32:48 | NOT_FOUND  | TMDB_NO_MA | Operace Valkýra                          | Operace Valkýra                          | P:-   B:-   L:-   M:-  
2026-09-10 08:32:48 | NOT_FOUND  | TMDB_NO_MA | Princezna Nevěsta                        | Princezna Nevěsta                        | P:-   B:-   L:-   M:-  
2026-09-10 08:32:53 | NOT_FOUND  | TMDB_NO_MA | Knjižničar 2: Potraga za blagom kralja S | Knjižničar 2: Potraga za blagom kralja S | P:-   B:-   L:-   M:-  
2026-09-10 08:32:53 | NOT_FOUND  | TMDB_NO_MA | Plava laguna, film                       | Plava laguna                             | P:-   B:-   L:-   M:-  
2026-09-10 08:32:53 | NOT_FOUND  | TMDB_NO_MA | Gola istina, film                        | Gola istina                              | P:-   B:-   L:-   M:-  
2026-09-10 08:32:53 | NOT_FOUND  | TMDB_NO_MA | Muškarac u kući, film                    | Muškarac u kući                          | P:-   B:-   L:-   M:-  
2026-09-10 08:32:53 | NOT_FOUND  | TMDB_NO_MA | Zvukař                                   | Zvukař                                   | P:-   B:-   L:-   M:-  
2026-09-10 08:32:53 | NOT_FOUND  | TMDB_NO_MA | P.S. Miluji Tě                           | P.S. Miluji Tě                           | P:-   B:-   L:-   M:-  
2026-09-10 08:32:53 | NOT_FOUND  | TMDB_NO_MA | Harry Potter a Princ dvojí krve          | Harry Potter a Princ dvojí krve          | P:-   B:-   L:-   M:-  
2026-09-10 08:32:53 | NOT_FOUND  | TMDB_NO_MA | Když se zamiluje mrzout                  | Když se zamiluje mrzout                  | P:-   B:-   L:-   M:-  
2026-09-10 08:32:53 | NOT_FOUND  | TMDB_NO_MA | Jak mi Jane Austenová zničila život      | Jak mi Jane Austenová zničila život      | P:-   B:-   L:-   M:-  
2026-09-10 08:32:57 | NOT_FOUND  | TMDB_NO_MA | Hlavní kandidát                          | Hlavní kandidát                          | P:-   B:-   L:-   M:-  
2026-09-10 08:32:57 | NOT_FOUND  | TMDB_NO_MA | Velká ryba                               | Velká ryba                               | P:-   B:-   L:-   M:-  
2026-09-10 08:32:57 | NOT_FOUND  | TMDB_NO_MA | Šťastný a veselý Madagaskar              | Šťastný a veselý Madagaskar              | P:-   B:-   L:-   M:-  
2026-09-10 08:32:57 | NOT_FOUND  | TMDB_NO_MA | Kohout (10)                              | Kohout (10)                              | P:-   B:-   L:-   M:-  
2026-09-10 08:33:00 | NOT_FOUND  | TMDB_NO_MA | Foťák                                    | Foťák                                    | P:-   B:-   L:-   M:-  
2026-09-10 08:33:03 | NOT_FOUND  | TMDB_NO_MA | San o bijelom konju, film                | San o bijelom konju                      | P:-   B:-   L:-   M:-  
2026-09-10 08:33:03 | NOT_FOUND  | TMDB_NO_MA | Transformeri 2, film                     | Transformeri 2                           | P:-   B:-   L:-   M:-  
2026-09-10 08:33:03 | NOT_FOUND  | TMDB_NO_MA | Učitelj koji je obećao more, film        | Učitelj koji je obećao more              | P:-   B:-   L:-   M:-  
2026-09-10 08:33:03 | NOT_FOUND  | TMDB_NO_MA | Moje mjesto je ovdje, film               | Moje mjesto je ovdje                     | P:-   B:-   L:-   M:-  
2026-09-10 08:33:12 | NOT_FOUND  | TMDB_NO_MA | Učitel, který sliboval moře              | Učitel, který sliboval moře              | P:-   B:-   L:-   M:-  
2026-09-10 08:33:12 | NOT_FOUND  | TMDB_NO_MA | Mráček                                   | Mráček                                   | P:-   B:-   L:-   M:-  
2026-09-10 08:33:12 | NOT_FOUND  | TMDB_NO_MA | Zabití mongolského koně                  | Zabití mongolského koně                  | P:-   B:-   L:-   M:-  
2026-09-10 08:33:12 | NOT_FOUND  | TMDB_NO_MA | Transformers: Pomsta poražených          | Transformers: Pomsta poražených          | P:-   B:-   L:-   M:-  
2026-09-10 08:33:12 | NOT_FOUND  | TMDB_NO_MA | Mé místo je tady                         | Mé místo je tady                         | P:-   B:-   L:-   M:-  
2026-09-10 08:33:14 | NOT_FOUND  | TMDB_NO_MA | Mikado, film                             | Mikado                                   | P:-   B:-   L:-   M:-  
2026-09-10 08:33:14 | NOT_FOUND  | TMDB_NO_MA | Made in EU, film                         | Made in EU                               | P:-   B:-   L:-   M:-  
2026-09-10 08:33:15 | NOT_FOUND  | TMDB_NO_MA | Putovi vjetra, film                      | Putovi vjetra                            | P:-   B:-   L:-   M:-  
2026-09-10 08:33:15 | NOT_FOUND  | TMDB_NO_MA | Dva metra iznad zemlje, film             | Dva metra iznad zemlje                   | P:-   B:-   L:-   M:-  
2026-09-10 08:33:15 | NOT_FOUND  | TMDB_NO_MA | Samo nekoliko dana, film                 | Samo nekoliko dana                       | P:-   B:-   L:-   M:-  
2026-09-10 08:33:17 | NOT_FOUND  | TMDB_NO_MA | Cesty větru                              | Cesty větru                              | P:-   B:-   L:-   M:-  
2026-09-10 08:33:17 | NOT_FOUND  | TMDB_NO_MA | Dva metry nad zemí                       | Dva metry nad zemí                       | P:-   B:-   L:-   M:-  
2026-09-10 08:33:17 | NOT_FOUND  | TMDB_NO_MA | Jen na pár dní                           | Jen na pár dní                           | P:-   B:-   L:-   M:-  
2026-09-10 08:33:20 | NOT_FOUND  | TMDB_NO_MA | Izgubljeni na horizontu, film            | Izgubljeni na horizontu                  | P:-   B:-   L:-   M:-  
2026-09-10 08:33:20 | NOT_FOUND  | TMDB_NO_MA | Sushi na meksički način, film            | Sushi na meksički način                  | P:-   B:-   L:-   M:-  
2026-09-10 08:33:20 | NOT_FOUND  | TMDB_NO_MA | Direktori na cesti, film                 | Direktori na cesti                       | P:-   B:-   L:-   M:-  
2026-09-10 08:33:20 | NOT_FOUND  | TMDB_NO_MA | Aleluja! film                            | Aleluja! film                            | P:-   B:-   L:-   M:-  
2026-09-10 08:33:20 | NOT_FOUND  | TMDB_NO_MA | Na krilima časti, film                   | Na krilima časti                         | P:-   B:-   L:-   M:-  
2026-09-10 08:33:21 | NOT_FOUND  | TMDB_NO_MA | Obitelj bez kočnica, film                | Obitelj bez kočnica                      | P:-   B:-   L:-   M:-  
2026-09-10 08:33:21 | NOT_FOUND  | TMDB_NO_MA | Sjaj, film                               | Sjaj                                     | P:-   B:-   L:-   M:-  
2026-09-10 08:33:21 | NOT_FOUND  | TMDB_NO_MA | Ona je tako zabavna, film                | Ona je tako zabavna                      | P:-   B:-   L:-   M:-  
2026-09-10 08:33:21 | NOT_FOUND  | TMDB_NO_MA | Tajne petog staleža, film                | Tajne petog staleža                      | P:-   B:-   L:-   M:-  
2026-09-10 08:33:24 | NOT_FOUND  | TMDB_NO_MA | Duh u oklopu, film                       | Duh u oklopu                             | P:-   B:-   L:-   M:-  
2026-09-10 08:33:24 | NOT_FOUND  | TMDB_NO_MA | Taksi 5, film                            | Taksi 5                                  | P:-   B:-   L:-   M:-  
2026-09-10 08:33:24 | NOT_FOUND  | TMDB_NO_MA | Vremenski policajac, film                | Vremenski policajac                      | P:-   B:-   L:-   M:-  
2026-09-10 08:33:24 | NOT_FOUND  | TMDB_NO_MA | Otkrila sam špijuna, film                | Otkrila sam špijuna                      | P:-   B:-   L:-   M:-  
2026-09-10 08:33:29 | NOT_FOUND  | TMDB_NO_MA | Vlak za Busan, film                      | Vlak za Busan                            | P:-   B:-   L:-   M:-  
2026-09-10 08:33:29 | NOT_FOUND  | TMDB_NO_MA | Vlak za Busan: Zona zombija, film        | Vlak za Busan: Zona zombija              | P:-   B:-   L:-   M:-  
2026-09-10 08:33:29 | NOT_FOUND  | TMDB_NO_MA | Duhovi, ep. 7. serija                    | Duhovi                                   | P:-   B:-   L:-   M:-  
2026-09-10 08:33:32 | NOT_FOUND  | TMDB_NO_MA | Izgubljen u Londonu, film                | Izgubljen u Londonu                      | P:-   B:-   L:-   M:-  
2026-09-10 08:33:32 | NOT_FOUND  | TMDB_NO_MA | Frendice u istini i laži, film           | Frendice u istini i laži                 | P:-   B:-   L:-   M:-  
2026-09-10 08:33:32 | NOT_FOUND  | TMDB_NO_MA | Spark: Svemirska pustolovina, film       | Spark: Svemirska pustolovina             | P:-   B:-   L:-   M:-  
2026-09-10 08:33:32 | NOT_FOUND  | TMDB_NO_MA | Muke s palcem, film                      | Muke s palcem                            | P:-   B:-   L:-   M:-  
2026-09-10 08:33:34 | NOT_FOUND  | TMDB_NO_MA | Nauč sa milovať                          | Nauč sa milovať                          | P:-   B:-   L:-   M:-  
2026-09-10 08:33:34 | NOT_FOUND  | TMDB_NO_MA | Nerozlučná dvojka                        | Nerozlučná dvojka                        | P:-   B:-   L:-   M:-  
2026-09-10 08:33:34 | NOT_FOUND  | TMDB_NO_MA | Panda a ja                               | Panda a ja                               | P:-   B:-   L:-   M:-  
2026-09-10 08:33:34 | NOT_FOUND  | TMDB_NO_MA | Mack & Rita                              | Mack& Rita                               | P:-   B:-   L:-   M:-  
2026-09-10 08:33:34 | NOT_FOUND  | TMDB_NO_MA | Skutočné vraždy: Vraždy podľa predlohy   | Skutočné vraždy: Vraždy podľa predlohy   | P:-   B:-   L:-   M:-  
2026-09-10 08:33:36 | NOT_FOUND  | TMDB_NO_MA | Izvan sumnje, film                       | Izvan sumnje                             | P:-   B:-   L:-   M:-  
2026-09-10 08:33:36 | NOT_FOUND  | TMDB_NO_MA | Prljavi zadatak, film                    | Prljavi zadatak                          | P:-   B:-   L:-   M:-  
2026-09-10 08:33:36 | NOT_FOUND  | TMDB_NO_MA | Priča o tri sestre, film                 | Priča o tri sestre                       | P:-   B:-   L:-   M:-  
2026-09-10 08:33:36 | NOT_FOUND  | TMDB_NO_MA | Pucali su na pijanista, film             | Pucali su na pijanista                   | P:-   B:-   L:-   M:-  
2026-09-10 08:33:36 | NOT_FOUND  | TMDB_NO_MA | Gospođa Bovary, film                     | Gospođa Bovary                           | P:-   B:-   L:-   M:-  
2026-09-10 08:33:39 | NOT_FOUND  | TMDB_NO_MA | Oblačno s ćuftama, film                  | Oblačno s ćuftama                        | P:-   B:-   L:-   M:-  
2026-09-10 08:33:39 | NOT_FOUND  | TMDB_NO_MA | Opsjednuta, film                         | Opsjednuta                               | P:-   B:-   L:-   M:-  
2026-09-10 08:33:39 | NOT_FOUND  | TMDB_NO_MA | Dečki mog života, film                   | Dečki mog života                         | P:-   B:-   L:-   M:-  
2026-09-10 08:33:39 | NOT_FOUND  | TMDB_NO_MA | Djevojka s bisernom naušnicom, film      | Djevojka s bisernom naušnicom            | P:-   B:-   L:-   M:-  
2026-09-10 08:33:39 | NOT_FOUND  | TMDB_NO_MA | Samo je jedan Jimmy Grimble, film        | Samo je jedan Jimmy Grimble              | P:-   B:-   L:-   M:-  
2026-09-10 08:33:40 | NOT_FOUND  | TMDB_NO_MA | Istraga: Tajna podmornice Vigil, ep. 3.  | Istraga: Tajna podmornice Vigil          | P:-   B:-   L:-   M:-  
2026-09-10 08:33:40 | NOT_FOUND  | TMDB_NO_MA | Škola za medicinske sestre 6, ep. 6. ser | Škola za medicinske sestre               | P:-   B:-   L:-   M:-  
2026-09-10 08:33:40 | NOT_FOUND  | TMDB_NO_MA | Endeavour, mladi Morse, ep. 3. serija    | Endeavour, mladi Morse                   | P:-   B:-   L:-   M:-  
2026-09-10 08:33:40 | NOT_FOUND  | TMDB_NO_MA | Inspektorica Ray, ep. 4. serija          | Inspektorica Ray                         | P:-   B:-   L:-   M:-  
2026-09-10 08:33:42 | NOT_FOUND  | TMDB_NO_MA | Alvin i vjeverice 2, film                | Alvin i vjeverice 2                      | P:-   B:-   L:-   M:-  
2026-09-10 08:33:42 | NOT_FOUND  | TMDB_NO_MA | Mislim da volim svoju ženu, film         | Mislim da volim svoju ženu               | P:-   B:-   L:-   M:-  
2026-09-10 08:33:42 | NOT_FOUND  | TMDB_NO_MA | Moja ljubavna pjesma, film               | Moja ljubavna pjesma                     | P:-   B:-   L:-   M:-  
2026-09-10 08:33:42 | NOT_FOUND  | TMDB_NO_MA | Alvin i vjeverice: Velika Alvintura, fil | Alvin i vjeverice: Velika Alvintura      | P:-   B:-   L:-   M:-  
2026-09-10 08:33:46 | NOT_FOUND  | TMDB_NO_MA | Alvin dhe fytyrëketrushët                | Alvin dhe fytyrëketrushët                | P:-   B:-   L:-   M:-  
2026-09-10 08:33:46 | NOT_FOUND  | TMDB_NO_MA | Unë e dua gruan                          | Unë e dua gruan                          | P:-   B:-   L:-   M:-  
2026-09-10 08:33:46 | NOT_FOUND  | TMDB_NO_MA | Shkatërrimi                              | Shkatërrimi                              | P:-   B:-   L:-   M:-  
2026-09-10 08:33:46 | NOT_FOUND  | TMDB_NO_MA | My Own love song                         | My Own love song                         | P:-   B:-   L:-   M:-  
2026-09-10 08:33:46 | NOT_FOUND  | TMDB_NO_MA | Alvin dhe fytyrëketrushat 4              | Alvin dhe fytyrëketrushat 4              | P:-   B:-   L:-   M:-  
2026-09-10 08:33:57 | NOT_FOUND  | TMDB_NO_MA | Zločinački umovi 13, ep. 12. serija      | Zločinački umovi                         | P:-   B:-   L:-   M:-  
2026-09-10 08:33:57 | NOT_FOUND  | TMDB_NO_MA | Detektiv na Floridi 2, ep. 3. serija     | Detektiv na Floridi                      | P:-   B:-   L:-   M:-  
2026-09-10 08:33:57 | NOT_FOUND  | TMDB_NO_MA | Povratak u raj 2, ep. 5. serija          | Povratak u raj                           | P:-   B:-   L:-   M:-  
2026-09-10 08:33:58 | NOT_FOUND  | TMDB_NO_MA | Valovi sudbine, ep. 4. serija            | Valovi sudbine                           | P:-   B:-   L:-   M:-  
2026-09-10 08:33:59 | NOT_FOUND  | TMDB_NO_MA | TV izlog                                 | TV izlog                                 | P:-   B:-   L:-   M:-  
2026-09-10 08:34:43 | NOT_FOUND  | TMDB_NO_MA | Doly krále Šalamouna I (1)               | Doly krále Šalamouna                     | P:-   B:-   L:-   M:-  
2026-09-10 08:34:43 | NOT_FOUND  | TMDB_NO_MA | Univerzální uklízečka                    | Univerzální uklízečka                    | P:-   B:-   L:-   M:-  
2026-09-10 08:34:47 | NOT_FOUND  | TMDB_NO_MA | Námořní vyšetřovací služba XX (14)       | Námořní vyšetřovací služba               | P:-   B:-   L:-   M:-  
2026-09-10 08:35:02 | NOT_FOUND  | TMDB_NO_MA | Novi status, film                        | Novi status                              | P:-   B:-   L:-   M:-  
2026-09-10 08:35:02 | NOT_FOUND  | TMDB_NO_MA | Hladna pohlepa, film                     | Hladna pohlepa                           | P:-   B:-   L:-   M:-  
2026-09-10 08:35:02 | NOT_FOUND  | TMDB_NO_MA | Zadnja stanica, film                     | Zadnja stanica                           | P:-   B:-   L:-   M:-  
2026-09-10 08:35:02 | NOT_FOUND  | TMDB_NO_MA | Cake: Razlog za život, film              | Cake: Razlog za život                    | P:-   B:-   L:-   M:-  
2026-09-10 08:35:02 | NOT_FOUND  | TMDB_NO_MA | Zla kob 2, film                          | Zla kob 2                                | P:-   B:-   L:-   M:-  
2026-09-10 08:35:05 | NOT_FOUND  | TMDB_NO_MA | Zavet, film                              | Zavet                                    | P:-   B:-   L:-   M:-  
2026-09-10 08:35:05 | NOT_FOUND  | TMDB_NO_MA | Vanbračna putovanja, film                | Vanbračna putovanja                      | P:-   B:-   L:-   M:-  
2026-09-10 08:35:05 | NOT_FOUND  | TMDB_NO_MA | Miris poljskog cveća, film               | Miris poljskog cveća                     | P:-   B:-   L:-   M:-  
2026-09-10 08:35:05 | NOT_FOUND  | TMDB_NO_MA | Žena sa slomljenim nosom, film           | Žena sa slomljenim nosom                 | P:-   B:-   L:-   M:-  
2026-09-10 08:35:05 | NOT_FOUND  | TMDB_NO_MA | Događaj, film                            | Događaj                                  | P:-   B:-   L:-   M:-  
2026-09-10 08:35:09 | NOT_FOUND  | TMDB_NO_MA | Traljav posao 5, ep. 1. Knockers On Heav | Traljav posao                            | P:-   B:-   L:-   M:-  
2026-09-10 08:35:16 | NOT_FOUND  | TMDB_NO_MA | Matlocková (3)                           | Matlocková (3)                           | P:-   B:-   L:-   M:-  
2026-09-10 08:35:16 | NOT_FOUND  | TMDB_NO_MA | Vražedné čísla I (14)                    | Vražedné čísla                           | P:-   B:-   L:-   M:-  
2026-09-10 08:35:24 | NOT_FOUND  | TMDB_NO_MA | História 360                             | História 360                             | P:-   B:-   L:-   M:-  
2026-09-10 08:35:24 | NOT_FOUND  | TMDB_NO_MA | Zázraky prírody                          | Zázraky prírody                          | P:-   B:-   L:-   M:-  
2026-09-10 08:35:24 | NOT_FOUND  | TMDB_NO_MA | Zbrane Hollywoodu I (8)                  | Zbrane Hollywoodu                        | P:-   B:-   L:-   M:-  
2026-09-10 08:35:24 | NOT_FOUND  | TMDB_NO_MA | Po stopách vrahov IV (2)                 | Po stopách vrahov                        | P:-   B:-   L:-   M:-  
2026-09-10 08:35:24 | NOT_FOUND  | TMDB_NO_MA | Hitlerove tajné misie                    | Hitlerove tajné misie                    | P:-   B:-   L:-   M:-  
2026-09-10 08:35:28 | NOT_FOUND  | TMDB_NO_MA | Snídaně s Novou                          | Snídaně s Novou                          | P:-   B:-   L:-   M:-  
2026-09-10 08:35:28 | NOT_FOUND  | TMDB_NO_MA | Riskuj! (1042)                           | Riskuj! (1042)                           | P:-   B:-   L:-   M:-  
2026-09-10 08:35:28 | NOT_FOUND  | TMDB_NO_MA | Ulice (5183)                             | Ulice (5183)                             | P:-   B:-   L:-   M:-  
2026-09-10 08:35:28 | NOT_FOUND  | TMDB_NO_MA | Gympl s (r)učením omezeným (93)          | Gympl s (r) učením omezeným (93)         | P:-   B:-   L:-   M:-  
2026-09-10 08:35:33 | NOT_FOUND  | TMDB_NO_MA | Pobrežná hliadka IV (10)                 | Pobrežná hliadka                         | P:-   B:-   L:-   M:-  
2026-09-10 08:35:33 | NOT_FOUND  | TMDB_NO_MA | Nerovný zápas                            | Nerovný zápas                            | P:-   B:-   L:-   M:-  
2026-09-10 08:35:37 | NOT_FOUND  | TMDB_NO_MA | Nebezpečné vztahy                        | Nebezpečné vztahy                        | P:-   B:-   L:-   M:-  
2026-09-10 08:35:37 | NOT_FOUND  | TMDB_NO_MA | Jak to dopadlo!?                         | Jak to dopadlo! ?                        | P:-   B:-   L:-   M:-  
2026-09-10 08:35:37 | NOT_FOUND  | TMDB_NO_MA | Klenot TV                                | Klenot TV                                | P:-   B:-   L:-   M:-  
2026-09-10 08:35:37 | NOT_FOUND  | TMDB_NO_MA | Co bude dnes k večeři?                   | Co bude dnes k večeři?                   | P:-   B:-   L:-   M:-  
2026-09-10 08:35:46 | NOT_FOUND  | TMDB_NO_MA | Vychytávky Ládi Hrušky                   | Vychytávky Ládi Hrušky                   | P:-   B:-   L:-   M:-  
2026-09-10 08:35:46 | NOT_FOUND  | TMDB_NO_MA | Sestřičky (22)                           | Sestřičky (22)                           | P:-   B:-   L:-   M:-  
2026-09-10 08:35:46 | NOT_FOUND  | TMDB_NO_MA | Kamarádi (29)                            | Kamarádi (29)                            | P:-   B:-   L:-   M:-  
2026-09-10 08:35:46 | NOT_FOUND  | TMDB_NO_MA | Receptář prima nápadů                    | Receptář prima nápadů                    | P:-   B:-   L:-   M:-  
2026-09-10 08:35:48 | NOT_FOUND  | TMDB_NO_MA | Doktor z hor: Nové příběhy V (9)         | Doktor z hor: Nové příběhy               | P:-   B:-   L:-   M:-  
2026-09-10 08:35:55 | NOT_FOUND  | TMDB_NO_MA | Autosalon                                | Autosalon                                | P:-   B:-   L:-   M:-  
2026-09-10 08:35:55 | NOT_FOUND  | TMDB_NO_MA | Autosalon.tv                             | Autosalon.tv                             | P:-   B:-   L:-   M:-  
2026-09-10 08:36:03 | NOT_FOUND  | TMDB_NO_MA | Gospodar neba 5, ep. 66. serija          | Gospodar neba                            | P:-   B:-   L:-   M:-  
2026-09-10 08:36:03 | NOT_FOUND  | TMDB_NO_MA | Anđeo osvete, ep. 116. serija            | Anđeo osvete                             | P:-   B:-   L:-   M:-  
2026-09-10 08:36:03 | NOT_FOUND  | TMDB_NO_MA | Djevojke sunca, ep. 68. serija           | Djevojke sunca                           | P:-   B:-   L:-   M:-  
2026-09-10 08:36:06 | NOT_FOUND  | TMDB_NO_MA | Bijeg u dvorac: Sam svoj majstor 4, ep.  | Bijeg u dvorac: Sam svoj majstor         | P:-   B:-   L:-   M:-  
2026-09-10 08:36:06 | NOT_FOUND  | TMDB_NO_MA | Zestrea muzicală                         | Zestrea muzicală                         | P:-   B:-   L:-   M:-  
2026-09-10 08:36:06 | NOT_FOUND  | TMDB_NO_MA | Etnografica                              | Etnografica                              | P:-   B:-   L:-   M:-  
2026-09-10 08:36:06 | NOT_FOUND  | TMDB_NO_MA | Muzica regiunilor                        | Muzica regiunilor                        | P:-   B:-   L:-   M:-  
2026-09-10 08:36:06 | NOT_FOUND  | TMDB_NO_MA | Tezaur folcloric                         | Tezaur folcloric                         | P:-   B:-   L:-   M:-  
2026-09-10 08:36:06 | NOT_FOUND  | TMDB_NO_MA | Scena românilor                          | Scena românilor                          | P:-   B:-   L:-   M:-  
2026-09-10 08:36:09 | NOT_FOUND  | TMDB_NO_MA | Zgjohu me MCN                            | Zgjohu me MCN                            | P:-   B:-   L:-   M:-  
2026-09-10 08:36:09 | NOT_FOUND  | TMDB_NO_MA | MCN Economy                              | MCN Economy                              | P:-   B:-   L:-   M:-  
2026-09-10 08:36:13 | NOT_FOUND  | TMDB_NO_MA | Shpirt i egër                            | Shpirt i egër                            | P:-   B:-   L:-   M:-  
2026-09-10 08:36:13 | NOT_FOUND  | TMDB_NO_MA | Çapkëni i pasur                          | Çapkëni i pasur                          | P:-   B:-   L:-   M:-  
2026-09-10 08:36:13 | NOT_FOUND  | TMDB_NO_MA | Shije Shtëpie                            | Shije Shtëpie                            | P:-   B:-   L:-   M:-  
2026-09-10 08:36:13 | NOT_FOUND  | TMDB_NO_MA | Rudina                                   | Rudina                                   | P:-   B:-   L:-   M:-  
2026-09-10 08:36:17 | NOT_FOUND  | TMDB_NO_MA | Programet e RTSH2                        | Programet e RTSH2                        | P:-   B:-   L:-   M:-  
2026-09-10 08:36:19 | NOT_FOUND  | TMDB_NO_MA | Dobar, bolji, najbolji... britanski slas | Dobar, bolji, najbolji... britanski slas | P:-   B:-   L:-   M:-  
2026-09-10 08:36:19 | NOT_FOUND  | TMDB_NO_MA | Spašavatelji vrtova (8), dokumentarna se | Spašavatelji vrtova (8) , dokumentarna s | P:-   B:-   L:-   M:-  
2026-09-10 08:36:19 | NOT_FOUND  | TMDB_NO_MA | Čudesni svijet dizajna: Švedska (3), dok | Čudesni svijet dizajna: Švedska (3) , do | P:-   B:-   L:-   M:-  
2026-09-10 08:36:19 | NOT_FOUND  | TMDB_NO_MA | Bijeg u unutrašnjost (32), dokumentarna  | Bijeg u unutrašnjost (32) , dokumentarna | P:-   B:-   L:-   M:-  
2026-09-10 08:36:19 | NOT_FOUND  | TMDB_NO_MA | Gordon Ramsay: Umijeće kuhanja kod kuće  | Gordon Ramsay: Umijeće kuhanja kod kuće  | P:-   B:-   L:-   M:-  
2026-09-10 08:36:21 | NOT_FOUND  | TMDB_NO_MA | FUJ - Fina Ukusna Jela: Piletina s moleo | FUJ - Fina Ukusna Jela: Piletina s moleo | P:-   B:-   L:-   M:-  
2026-09-10 08:36:21 | NOT_FOUND  | TMDB_NO_MA | Pip i Popi, ep. 1.                       | Pip i Popi                               | P:-   B:-   L:-   M:-  
2026-09-10 08:36:21 | NOT_FOUND  | TMDB_NO_MA | Drvo i pčela: Nove cipele, ep. 7.        | Drvo i pčela: Nove cipele                | P:-   B:-   L:-   M:-  
2026-09-10 08:36:35 | NOT_FOUND  | TMDB_NO_MA | News Flash                               | News Flash                               | P:-   B:-   L:-   M:-  
2026-09-10 08:36:35 | NOT_FOUND  | TMDB_NO_MA | Guetta and Assenheim                     | Guetta and Assenheim                     | P:-   B:-   L:-   M:-  
2026-09-10 08:36:35 | NOT_FOUND  | TMDB_NO_MA | Three Songs - Love Songs                 | Three Songs - Love Songs                 | P:-   B:-   L:-   M:-  
2026-09-10 08:36:35 | NOT_FOUND  | TMDB_NO_MA | Shaul Amsterdamski and Maya Rachlin      | Shaul Amsterdamski and Maya Rachlin      | P:-   B:-   L:-   M:-  
2026-09-10 08:36:39 | NOT_FOUND  | TMDB_NO_MA | Morning News - With Yoav Limor           | Morning News - With Yoav Limor           | P:-   B:-   L:-   M:-  
2026-09-10 08:36:39 | NOT_FOUND  | TMDB_NO_MA | The Morning News - With Nesli Barda      | The Morning News - With Nesli Barda      | P:-   B:-   L:-   M:-  
2026-09-10 08:36:39 | NOT_FOUND  | TMDB_NO_MA | Salt of the Earth - Nissim Ziv and Shani | Salt of the Earth - Nissim Ziv and Shani | P:-   B:-   L:-   M:-  
2026-09-10 08:36:43 | NOT_FOUND  | TMDB_NO_MA | This Morning - Omer Yardeni & Rotem Isra | This Morning - Omer Yardeni& Rotem Isra  | P:-   B:-   L:-   M:-  
2026-09-10 08:36:43 | NOT_FOUND  | TMDB_NO_MA | Starting the Day - Yarden and Elad       | Starting the Day - Yarden and Elad       | P:-   B:-   L:-   M:-  
2026-09-10 08:36:51 | NOT_FOUND  | TMDB_NO_MA | Israel This Morning                      | Israel This Morning                      | P:-   B:-   L:-   M:-  
2026-09-10 08:36:51 | NOT_FOUND  | TMDB_NO_MA | The Morning Edition - with Dana Varon    | The Morning Edition - with Dana Varon    | P:-   B:-   L:-   M:-  
2026-09-10 08:36:51 | NOT_FOUND  | TMDB_NO_MA | Midday News                              | Midday News                              | P:-   B:-   L:-   M:-  
2026-09-10 08:36:51 | NOT_FOUND  | TMDB_NO_MA | Midday Journal                           | Midday Journal                           | P:-   B:-   L:-   M:-  
2026-09-10 08:36:53 | NOT_FOUND  | TMDB_NO_MA | Ring of Discord                          | Ring of Discord                          | P:-   B:-   L:-   M:-  
2026-09-10 08:36:53 | NOT_FOUND  | TMDB_NO_MA | The Engagement Ring - Episode 627        | The Engagement Ring                      | P:-   B:-   L:-   M:-  
2026-09-10 08:36:53 | NOT_FOUND  | TMDB_NO_MA | Understand. Forgive - Against the Rules  | Understand. Forgive - Against the Rules  | P:-   B:-   L:-   M:-  
2026-09-10 08:36:53 | NOT_FOUND  | TMDB_NO_MA | Understand. Forgive - Past Mistakes      | Understand. Forgive - Past Mistakes      | P:-   B:-   L:-   M:-  
2026-09-10 08:36:58 | NOT_FOUND  | TMDB_NO_MA | Makan Radio Broadcasts: Agenda           | Makan Radio Broadcasts: Agenda           | P:-   B:-   L:-   M:-  
2026-09-10 08:36:58 | NOT_FOUND  | TMDB_NO_MA | Makan Radio Broadcasts: Morning Journal  | Makan Radio Broadcasts: Morning Journal  | P:-   B:-   L:-   M:-  
2026-09-10 08:36:58 | NOT_FOUND  | TMDB_NO_MA | Radio Makan - Maria and Erin             | Radio Makan - Maria and Erin             | P:-   B:-   L:-   M:-  
2026-09-10 08:37:12 | NOT_FOUND  | TMDB_NO_MA | Sat.1 Fruehstuecksfernsehen              | Sat.1 Fruehstuecksfernsehen              | P:-   B:-   L:-   M:-  
2026-09-10 08:37:21 | NOT_FOUND  | TMDB_NO_MA | Telediario Matinal                       | Telediario Matinal                       | P:-   B:-   L:-   M:-  
2026-09-10 08:37:21 | NOT_FOUND  | TMDB_NO_MA | La Hora de la 1                          | La Hora de la 1                          | P:-   B:-   L:-   M:-  
2026-09-10 08:37:21 | NOT_FOUND  | TMDB_NO_MA | Mananeros 360                            | Mananeros 360                            | P:-   B:-   L:-   M:-  
2026-09-10 08:37:24 | NOT_FOUND  | TMDB_NO_MA | A Million in a Wedding Basket            | A Million in a Wedding Basket            | P:-   B:-   L:-   M:-  
2026-09-10 08:37:24 | NOT_FOUND  | TMDB_NO_MA | The Bigshot                              | The Bigshot                              | P:-   B:-   L:-   M:-  
2026-09-10 08:37:24 | NOT_FOUND  | TMDB_NO_MA | The Queen of the Gas Station             | The Queen of the Gas Station             | P:-   B:-   L:-   M:-  
2026-09-10 08:37:24 | NOT_FOUND  | TMDB_NO_MA | Drivers of the Long Road. 10 Years Later | Drivers of the Long Road. 10 Years Later | P:-   B:-   L:-   M:-  
2026-09-10 08:37:38 | NOT_FOUND  | TMDB_NO_MA | Morning in Russia                        | Morning in Russia                        | P:-   B:-   L:-   M:-  
2026-09-10 08:37:38 | NOT_FOUND  | TMDB_NO_MA | News. Local Time                         | News. Local Time                         | P:-   B:-   L:-   M:-  
2026-09-10 08:37:43 | NOT_FOUND  | TMDB_NO_MA | Fashion Court                            | Fashion Court                            | P:-   B:-   L:-   M:-  
2026-09-10 08:37:43 | NOT_FOUND  | TMDB_NO_MA | Good Morning                             | Good Morning                             | P:-   B:-   L:-   M:-  
2026-09-10 08:37:43 | NOT_FOUND  | TMDB_NO_MA | Living Well                              | Living Well                              | P:-   B:-   L:-   M:-  
2026-09-10 08:37:44 | NOT_FOUND  | TMDB_NO_MA | Time Will Tell                           | Time Will Tell                           | P:-   B:-   L:-   M:-  
2026-09-10 08:37:50 | NOT_FOUND  | TMDB_NO_MA | ONE Podcasts - Hapoel Tel Aviv           | ONE Podcasts - Hapoel Tel Aviv           | P:-   B:-   L:-   M:-  
2026-09-10 08:37:50 | NOT_FOUND  | TMDB_NO_MA | Real Betis - Real Madrid Highlights      | Real Betis - Real Madrid Highlights      | P:-   B:-   L:-   M:-  
2026-09-10 08:37:50 | NOT_FOUND  | TMDB_NO_MA | Deportivo Alaves - Osasuna               | Deportivo Alaves - Osasuna               | P:-   B:-   L:-   M:-  
2026-09-10 08:37:50 | NOT_FOUND  | TMDB_NO_MA | Live! ONE Podcasts - The Daily Conversat | Live! ONE Podcasts - The Daily Conversat | P:-   B:-   L:-   M:-  
2026-09-10 08:37:51 | NOT_FOUND  | TMDB_NO_MA | Inter - Napoli                           | Inter - Napoli                           | P:-   B:-   L:-   M:-  
2026-09-10 08:37:51 | NOT_FOUND  | TMDB_NO_MA | The Best Of SERIE A                      | The Best Of SERIE A                      | P:-   B:-   L:-   M:-  
2026-09-10 08:37:51 | NOT_FOUND  | TMDB_NO_MA | Cagliari - Lecce                         | Cagliari - Lecce                         | P:-   B:-   L:-   M:-  
2026-09-10 08:37:51 | NOT_FOUND  | TMDB_NO_MA | Frosinone - Venezia                      | Frosinone - Venezia                      | P:-   B:-   L:-   M:-  
2026-09-10 08:38:05 | NOT_FOUND  | TMDB_NO_MA | Barcelona - Feyenoord                    | Barcelona - Feyenoord                    | P:-   B:-   L:-   M:-  
2026-09-10 08:38:05 | NOT_FOUND  | TMDB_NO_MA | Liverpool - At. Madrid                   | Liverpool - At. Madrid                   | P:-   B:-   L:-   M:-  
2026-09-10 08:38:05 | NOT_FOUND  | TMDB_NO_MA | H. Haemek - M. Ramat Gan                 | H. Haemek - M. Ramat Gan                 | P:-   B:-   L:-   M:-  
2026-09-10 08:38:05 | NOT_FOUND  | TMDB_NO_MA | Napoli - Arsenal                         | Napoli - Arsenal                         | P:-   B:-   L:-   M:-  
2026-09-10 08:38:05 | NOT_FOUND  | TMDB_NO_MA | H. Eilat - Bnei Herzliya                 | H. Eilat - Bnei Herzliya                 | P:-   B:-   L:-   M:-  
2026-09-10 08:38:08 | NOT_FOUND  | TMDB_NO_MA | PSG - S. Bratislava                      | PSG - S. Bratislava                      | P:-   B:-   L:-   M:-  
2026-09-10 08:38:08 | NOT_FOUND  | TMDB_NO_MA | R. Madrid - Inter                        | R. Madrid - Inter                        | P:-   B:-   L:-   M:-  
2026-09-10 08:38:08 | NOT_FOUND  | TMDB_NO_MA | Lille - Betis                            | Lille - Betis                            | P:-   B:-   L:-   M:-  
2026-09-10 08:38:10 | NOT_FOUND  | TMDB_NO_MA | M. Tel Aviv - B. Jerusalem, 99/00        | M. Tel Aviv - B. Jerusalem, 99/ 00       | P:-   B:-   L:-   M:-  
2026-09-10 08:38:10 | NOT_FOUND  | TMDB_NO_MA | H. Beit She'an - M. Haifa, 98/99         | H. Beit She'an - M. Haifa, 98/ 99        | P:-   B:-   L:-   M:-  
2026-09-10 08:38:14 | NOT_FOUND  | TMDB_NO_MA | Spider-Man: Far From Home                | Spider-Man: Far From Home                | P:-   B:-   L:-   M:-  
2026-09-10 08:38:14 | NOT_FOUND  | TMDB_NO_MA | Chief Of Station                         | Chief Of Station                         | P:-   B:-   L:-   M:-  
2026-09-10 08:38:15 | NOT_FOUND  | ELCIN_NO_M | Riada El Hamisa                          | Riada El Hamisa                          | P:-   B:-   L:-   M:-  
2026-09-10 08:38:18 | NOT_FOUND  | TMDB_NO_MA | The Hummingbird Project                  | The Hummingbird Project                  | P:-   B:-   L:-   M:-  
2026-09-10 08:38:18 | NOT_FOUND  | TMDB_NO_MA | The Life Of Chuck                        | The Life Of Chuck                        | P:-   B:-   L:-   M:-  
2026-09-10 08:38:18 | NOT_FOUND  | TMDB_NO_MA | The Room Next Door                       | The Room Next Door                       | P:-   B:-   L:-   M:-  
2026-09-10 08:38:18 | NOT_FOUND  | TMDB_NO_MA | Lady Bird                                | Lady Bird                                | P:-   B:-   L:-   M:-  
2026-09-10 08:38:22 | NOT_FOUND  | TMDB_NO_MA | The Underdoggs                           | The Underdoggs                           | P:-   B:-   L:-   M:-  
2026-09-10 08:38:22 | NOT_FOUND  | TMDB_NO_MA | Skiptrace                                | Skiptrace                                | P:-   B:-   L:-   M:-  
2026-09-10 08:38:27 | NOT_FOUND  | TMDB_NO_MA | Red Eye - 2                              | Red Eye - 2                              | P:-   B:-   L:-   M:-  
2026-09-10 08:38:27 | NOT_FOUND  | TMDB_NO_MA | Broken Spies - 1                         | Broken Spies - 1                         | P:-   B:-   L:-   M:-  
2026-09-10 08:38:44 | NOT_FOUND  | TMDB_NO_MA | Midnight Entertainer                     | Midnight Entertainer                     | P:-   B:-   L:-   M:-  
2026-09-10 08:38:44 | NOT_FOUND  | TMDB_NO_MA | Mazal Hatula                             | Mazal Hatula                             | P:-   B:-   L:-   M:-  
2026-09-10 08:38:44 | NOT_FOUND  | TMDB_NO_MA | Abba Ganuv 3                             | Abba Ganuv 3                             | P:-   B:-   L:-   M:-  
2026-09-10 08:38:44 | NOT_FOUND  | TMDB_NO_MA | Tzanani Family                           | Tzanani Family                           | P:-   B:-   L:-   M:-  
2026-09-10 08:38:44 | NOT_FOUND  | TMDB_NO_MA | The World is Funny                       | The World is Funny                       | P:-   B:-   L:-   M:-  
2026-09-10 08:38:48 | NOT_FOUND  | TMDB_NO_MA | Beyond The Hill - Ep. 26                 | Beyond The Hill                          | P:-   B:-   L:-   M:-  
2026-09-10 08:38:48 | NOT_FOUND  | TMDB_NO_MA | Blooming Lady 3 - Ep. 189                | Blooming Lady                            | P:-   B:-   L:-   M:-  
2026-09-10 08:38:53 | NOT_FOUND  | TMDB_NO_MA | Take My Hand - Ep. 25                    | Take My Hand                             | P:-   B:-   L:-   M:-  
2026-09-10 08:38:53 | NOT_FOUND  | TMDB_NO_MA | Waves of Love - Ep. 11                   | Waves of Love                            | P:-   B:-   L:-   M:-  
2026-09-10 08:38:53 | NOT_FOUND  | TMDB_NO_MA | Little Big Heart - Ep. 22                | Little Big Heart                         | P:-   B:-   L:-   M:-  
2026-09-10 08:39:01 | NOT_FOUND  | TMDB_NO_MA | Grand Hotel - All Secrets Stay Here - Ep | Grand Hotel - All Secrets Stay Here - Ep | P:-   B:-   L:-   M:-  
2026-09-10 08:39:12 | NOT_FOUND  | ELCIN_NO_M | عمايل ايديا                              | عمايل ايديا                              | P:-   B:-   L:-   M:-  
2026-09-10 08:39:35 | NOT_FOUND  | TMDB_NO_MA | Harry Potter And The Prisoner Of Azkaban | Harry Potter And The Prisoner Of Azkaban | P:-   B:-   L:-   M:-  
2026-09-10 08:39:35 | NOT_FOUND  | TMDB_NO_MA | Fantastic Beasts: The Crimes Of Grindelw | Fantastic Beasts: The Crimes Of Grindelw | P:-   B:-   L:-   M:-  
2026-09-10 08:39:51 | NOT_FOUND  | TMDB_NO_MA | West Elbalad                             | West Elbalad                             | P:-   B:-   L:-   M:-  
2026-09-10 08:39:51 | NOT_FOUND  | TMDB_NO_MA | Lil Mawt                                 | Lil Mawt                                 | P:-   B:-   L:-   M:-  
2026-09-10 08:40:23 | NOT_FOUND  | TMDB_NO_MA | Eghfer Li Khateaty                       | Eghfer Li Khateaty                       | P:-   B:-   L:-   M:-  
2026-09-10 08:40:23 | NOT_FOUND  | TMDB_NO_MA | Hazemny Yaa                              | Hazemny Yaa                              | P:-   B:-   L:-   M:-  
2026-09-10 08:40:27 | NOT_FOUND  | TMDB_NO_MA | Yahdoth Fi Masr                          | Yahdoth Fi Masr                          | P:-   B:-   L:-   M:-  
2026-09-10 08:40:31 | NOT_FOUND  | TMDB_NO_MA | Zaki Shan                                | Zaki Shan                                | P:-   B:-   L:-   M:-  
2026-09-10 08:40:32 | NOT_FOUND  | ELCIN_NO_M | El Maddah: Ostouret El Awda              | El Maddah: Ostouret El Awda              | P:-   B:-   L:-   M:-  
2026-09-10 08:40:34 | NOT_FOUND  | ELCIN_NO_M | Ismail Yassin Fi Mostashfa El Maganeen   | Ismail Yassin Fi Mostashfa El Maganeen   | P:-   B:-   L:-   M:-  
2026-09-10 08:40:34 | NOT_FOUND  | TMDB_NO_MA | Elwatar                                  | Elwatar                                  | P:-   B:-   L:-   M:-  
2026-09-10 08:40:34 | NOT_FOUND  | TMDB_NO_MA | Khalawes                                 | Khalawes                                 | P:-   B:-   L:-   M:-  
2026-09-10 08:40:34 | NOT_FOUND  | TMDB_NO_MA | Tegebha Keda Tegelha Keda Heya Keda      | Tegebha Keda Tegelha Keda Heya Keda      | P:-   B:-   L:-   M:-  
2026-09-10 08:40:34 | NOT_FOUND  | TMDB_NO_MA | Jawab Eetiqal                            | Jawab Eetiqal                            | P:-   B:-   L:-   M:-  
2026-09-10 08:40:35 | NOT_FOUND  | ELCIN_NO_M | الدعوة عامة                              | الدعوة عامة                              | P:-   B:-   L:-   M:-  
2026-09-10 08:40:39 | NOT_FOUND  | ELCIN_NO_M | Al Ardhalgy                              | Al Ardhalgy                              | P:-   B:-   L:-   M:-  
2026-09-10 08:41:40 | NOT_FOUND  | TMDB_NO_MA | Wieża zabaw: odc.10                      | Wieża zabaw                              | P:-   B:-   L:-   M:-  
2026-09-10 08:41:40 | NOT_FOUND  | TMDB_NO_MA | Nikhil i Jay: odc.27                     | Nikhil i Jay                             | P:-   B:-   L:-   M:-  
2026-09-10 08:41:40 | NOT_FOUND  | TMDB_NO_MA | JoJo i Babcia 2: odc.34                  | JoJo i Babcia                            | P:-   B:-   L:-   M:-  
2026-09-10 08:41:44 | NOT_FOUND  | TMDB_NO_MA | Greenowie w wielkim mieście 4: odc.97    | Greenowie w wielkim mieście              | P:-   B:-   L:-   M:-  
2026-09-10 08:41:55 | NOT_FOUND  | TMDB_NO_MA | Psia Brygada 2 (odc. 29)                 | Psia Brygada                             | P:-   B:-   L:-   M:-  
2026-09-10 08:41:56 | NOT_FOUND  | TMDB_NO_MA | Dziewczyna, chłopak, itd. 1 (odc. 27)    | Dziewczyna, chłopak, itd                 | P:-   B:-   L:-   M:-  
2026-09-10 08:41:56 | NOT_FOUND  | TMDB_NO_MA | Zwariowane Melodie: Kreskówki 1 (odc. 24 | Zwariowane Melodie: Kreskówki            | P:-   B:-   L:-   M:-  
2026-09-10 08:42:02 | NOT_FOUND  | TMDB_NO_MA | Grzmotomocni: Tajniacy 1 (odc. 24)       | Grzmotomocni: Tajniacy                   | P:-   B:-   L:-   M:-  
2026-09-10 08:42:02 | NOT_FOUND  | TMDB_NO_MA | Niebezpieczny oddział 3 (odc. 4)         | Niebezpieczny oddział                    | P:-   B:-   L:-   M:-  
2026-09-10 08:42:27 | NOT_FOUND  | TMDB_NO_MA | Harmidom 6: odc.11                       | Harmidom                                 | P:-   B:-   L:-   M:-  
2026-09-10 08:42:27 | NOT_FOUND  | TMDB_NO_MA | Wylde Pak - zakręcona paka: odc.6        | Wylde Pak - zakręcona paka               | P:-   B:-   L:-   M:-  
2026-09-10 08:42:27 | NOT_FOUND  | TMDB_NO_MA | Wielkodomscy 3 (odc. 5)                  | Wielkodomscy                             | P:-   B:-   L:-   M:-  
2026-09-10 08:42:30 | NOT_FOUND  | TMDB_NO_MA | Szasza i Milo 1 (odc. 2)                 | Szasza i Milo                            | P:-   B:-   L:-   M:-  
2026-09-10 08:42:37 | NOT_FOUND  | TMDB_NO_MA | Ptyś i Bill 2: odc.88                    | Ptyś i Bill                              | P:-   B:-   L:-   M:-  
2026-09-10 08:42:38 | NOT_FOUND  | TMDB_NO_MA | Vida i zwierzaki 2: odc.32               | Vida i zwierzaki                         | P:-   B:-   L:-   M:-  
2026-09-10 08:42:46 | NOT_FOUND  | TMDB_NO_MA | La casa delle bambole di Gabby           | La casa delle bambole di Gabby           | P:-   B:-   L:-   M:-  
2026-09-10 08:42:52 | NOT_FOUND  | TMDB_NO_MA | Masha e Orso III EP.75                   | Masha e Orso III                         | P:-   B:-   L:-   M:-  
2026-09-10 08:43:52 | NOT_FOUND  | TMDB_NO_MA | Papa' Gambalunga                         | Papa' Gambalunga                         | P:-   B:-   L:-   M:-  
2026-09-10 08:43:52 | NOT_FOUND  | TMDB_NO_MA | Holly e Benji Forever                    | Holly e Benji Forever                    | P:-   B:-   L:-   M:-  
2026-09-10 08:44:23 | NOT_FOUND  | TMDB_NO_MA | South Kensington                         | South Kensington                         | P:-   B:-   L:-   M:-  
2026-09-10 08:44:23 | NOT_FOUND  | TMDB_NO_MA | Viola bacia tutti                        | Viola bacia tutti                        | P:-   B:-   L:-   M:-  
2026-09-10 08:44:23 | NOT_FOUND  | TMDB_NO_MA | Sapore di te                             | Sapore di te                             | P:-   B:-   L:-   M:-  
2026-09-10 08:44:27 | NOT_FOUND  | TMDB_NO_MA | Fratelli in affari                       | Fratelli in affari                       | P:-   B:-   L:-   M:-  
2026-09-10 08:44:30 | NOT_FOUND  | TMDB_NO_MA | La freccia nella polvere                 | La freccia nella polvere                 | P:-   B:-   L:-   M:-  
2026-09-10 08:44:30 | NOT_FOUND  | TMDB_NO_MA | Il grande colpo di Surcouf               | Il grande colpo di Surcouf               | P:-   B:-   L:-   M:-  
2026-09-10 08:44:30 | NOT_FOUND  | TMDB_NO_MA | N - Io e Napoleone                       | N - Io e Napoleone                       | P:-   B:-   L:-   M:-  
2026-09-10 08:44:40 | NOT_FOUND  | TMDB_NO_MA | Kupujemy dom na plaży 23: odc.11         | Kupujemy dom na plaży                    | P:-   B:-   L:-   M:-  
2026-09-10 08:44:40 | NOT_FOUND  | TMDB_NO_MA | Remontujemy dom na plaży 9 (odc. 5)      | Remontujemy dom na plaży                 | P:-   B:-   L:-   M:-  
2026-09-10 08:44:40 | NOT_FOUND  | TMDB_NO_MA | Poszukiwacze domów: raj na własność 1 (o | Poszukiwacze domów: raj na własność      | P:-   B:-   L:-   M:-  
2026-09-10 08:44:44 | NOT_FOUND  | TMDB_NO_MA | Storie segrete                           | Storie segrete                           | P:-   B:-   L:-   M:-  
2026-09-10 08:44:44 | NOT_FOUND  | TMDB_NO_MA | Prove sepolte - le avventure dell'archeo | Prove sepolte - le avventure dell'archeo | P:-   B:-   L:-   M:-  
2026-09-10 08:44:48 | NOT_FOUND  | TMDB_NO_MA | Dr. House - Medical division             | Dr. House - Medical division             | P:-   B:-   L:-   M:-  
2026-09-10 08:44:51 | NOT_FOUND  | TMDB_NO_MA | Segreti di famiglia                      | Segreti di famiglia                      | P:-   B:-   L:-   M:-  
2026-09-10 08:44:51 | NOT_FOUND  | TMDB_NO_MA | Ore 11                                   | Ore 11                                   | P:-   B:-   L:-   M:-  
2026-09-10 08:44:53 | NOT_FOUND  | TMDB_NO_MA | Traffico                                 | Traffico                                 | P:-   B:-   L:-   M:-  
2026-09-10 08:45:10 | NOT_FOUND  | TMDB_NO_MA | Porta a Porta                            | Porta a Porta                            | P:-   B:-   L:-   M:-  
2026-09-10 08:45:10 | NOT_FOUND  | TMDB_NO_MA | Baywatch - Il mostro                     | Baywatch - Il mostro                     | P:-   B:-   L:-   M:-  
2026-09-10 08:45:10 | NOT_FOUND  | TMDB_NO_MA | Squadra Speciale Colonia - Indifeso      | Squadra Speciale Colonia - Indifeso      | P:-   B:-   L:-   M:-  
2026-09-10 08:45:10 | NOT_FOUND  | TMDB_NO_MA | Fiamme fatali                            | Fiamme fatali                            | P:-   B:-   L:-   M:-  
2026-09-10 08:45:10 | NOT_FOUND  | TMDB_NO_MA | La morte corre in rete                   | La morte corre in rete                   | P:-   B:-   L:-   M:-  
2026-09-10 08:45:17 | NOT_FOUND  | TMDB_NO_MA | RaiNews24                                | RaiNews24                                | P:-   B:-   L:-   M:-  
2026-09-10 08:45:18 | NOT_FOUND  | TMDB_NO_MA | Fast Forward IV ep.1                     | Fast Forward IV                          | P:-   B:-   L:-   M:-  
2026-09-10 08:45:18 | NOT_FOUND  | TMDB_NO_MA | Stranger Tape in Town pt.3               | Stranger Tape in Town                    | P:-   B:-   L:-   M:-  
2026-09-10 08:45:18 | NOT_FOUND  | TMDB_NO_MA | Senza Traccia II ep.3                    | Senza Traccia II                         | P:-   B:-   L:-   M:-  
2026-09-10 08:45:21 | NOT_FOUND  | TMDB_NO_MA | Il monaco di Monza                       | Il monaco di Monza                       | P:-   B:-   L:-   M:-  
2026-09-10 08:45:21 | NOT_FOUND  | TMDB_NO_MA | 7 pistole per un massacro                | 7 pistole per un massacro                | P:-   B:-   L:-   M:-  
2026-09-10 08:45:21 | NOT_FOUND  | TMDB_NO_MA | Gli Imperdibili                          | Gli Imperdibili                          | P:-   B:-   L:-   M:-  
2026-09-10 08:45:21 | NOT_FOUND  | TMDB_NO_MA | Priscilla                                | Priscilla                                | P:-   B:-   L:-   M:-  
2026-09-10 08:45:28 | NOT_FOUND  | ELCIN_NO_M | Come le foglie al vento                  | Come le foglie al vento                  | P:-   B:-   L:-   M:-  
2026-09-10 08:45:29 | NOT_FOUND  | TMDB_NO_MA | Che magnifica impresa L'Italia verticale | Che magnifica impresa L'Italia verticale | P:-   B:-   L:-   M:-  
2026-09-10 08:45:29 | NOT_FOUND  | TMDB_NO_MA | Argo In viaggio verso l'America          | Argo In viaggio verso l'America          | P:-   B:-   L:-   M:-  
2026-09-10 08:45:29 | NOT_FOUND  | TMDB_NO_MA | Il giorno e la storia                    | Il giorno e la storia                    | P:-   B:-   L:-   M:-  
2026-09-10 08:45:29 | NOT_FOUND  | TMDB_NO_MA | Passato e presente L'appeasement. L'illu | Passato e presente L'appeasement. L'illu | P:-   B:-   L:-   M:-  
2026-09-10 08:45:29 | NOT_FOUND  | TMDB_NO_MA | Porto Azzurro Un carcere sotto sequestro | Porto Azzurro Un carcere sotto sequestro | P:-   B:-   L:-   M:-  
2026-09-10 08:45:30 | NOT_FOUND  | TMDB_NO_MA | Un giorno per: gli scacchi               | Un giorno per: gli scacchi               | P:-   B:-   L:-   M:-  
2026-09-10 08:45:30 | NOT_FOUND  | TMDB_NO_MA | American Genius Wright VS Curtiss - Avia | American Genius Wright VS Curtiss - Avia | P:-   B:-   L:-   M:-  
2026-09-10 08:45:30 | NOT_FOUND  | TMDB_NO_MA | Memex Memex Doc - Vita da Ricercatore (p | Memex Memex Doc - Vita da Ricercatore (p | P:-   B:-   L:-   M:-  
2026-09-10 08:45:30 | NOT_FOUND  | TMDB_NO_MA | Memex Nautilus - Cemento, tra storia e i | Memex Nautilus - Cemento, tra storia e i | P:-   B:-   L:-   M:-  
2026-09-10 08:45:31 | NOT_FOUND  | TMDB_NO_MA | Digital world pt 18 Esploratori digitali | Digital world                            | P:-   B:-   L:-   M:-  
2026-09-10 08:45:32 | NOT_FOUND  | TMDB_NO_MA | segue GOOD MORNING RADIO2                | segue GOOD MORNING RADIO2                | P:-   B:-   L:-   M:-  
2026-09-10 08:45:32 | NOT_FOUND  | TMDB_NO_MA | GR 2                                     | GR 2                                     | P:-   B:-   L:-   M:-  
2026-09-10 08:45:34 | NOT_FOUND  | ELCIN_NO_M | Un posto al sole 30 - p.138              | Un posto al sole 30                      | P:-   B:-   L:-   M:-  
2026-09-10 08:45:37 | NOT_FOUND  | ELCIN_NO_M | RADIO2 VADO AL MASSIMO                   | RADIO2 VADO AL MASSIMO                   | P:-   B:-   L:-   M:-  
2026-09-10 08:46:09 | NOT_FOUND  | TMDB_NO_MA | Journal 08h00                            | Journal 08h00                            | P:-   B:-   L:-   M:-  
2026-09-10 08:46:10 | NOT_FOUND  | TMDB_NO_MA | La minute des Maternelles                | La minute des Maternelles                | P:-   B:-   L:-   M:-  
2026-09-10 08:46:12 | NOT_FOUND  | TMDB_NO_MA | ICI Matin                                | ICI Matin                                | P:-   B:-   L:-   M:-  
2026-09-10 08:46:12 | NOT_FOUND  | TMDB_NO_MA | ICI dans votre région                    | ICI dans votre région                    | P:-   B:-   L:-   M:-  
2026-09-10 08:46:12 | NOT_FOUND  | TMDB_NO_MA | Escales en France                        | Escales en France                        | P:-   B:-   L:-   M:-  
2026-09-10 08:46:14 | NOT_FOUND  | TMDB_NO_MA | Oscar & Malika toujours en retard 3 (odc | Oscar& Malika toujours en retard         | P:-   B:-   L:-   M:-  
2026-09-10 08:46:17 | NOT_FOUND  | TMDB_NO_MA | Les trois Bricochons 1 (odc. 50)         | Les trois Bricochons                     | P:-   B:-   L:-   M:-  
2026-09-10 08:46:24 | NOT_FOUND  | TMDB_NO_MA | Les mondes d'Ushuaïa                     | Les mondes d'Ushuaïa                     | P:-   B:-   L:-   M:-  
2026-09-10 08:46:27 | NOT_FOUND  | TMDB_NO_MA | Chasse en famille au Québec              | Chasse en famille au Québec              | P:-   B:-   L:-   M:-  
2026-09-10 08:46:27 | NOT_FOUND  | TMDB_NO_MA | Trophées du monde                        | Trophées du monde                        | P:-   B:-   L:-   M:-  
2026-09-10 08:46:29 | NOT_FOUND  | TMDB_NO_MA | Patrick Edlinger, la liberté au bout des | Patrick Edlinger, la liberté au bout des | P:-   B:-   L:-   M:-  
2026-09-10 08:46:29 | NOT_FOUND  | TMDB_NO_MA | Inside Surfing                           | Inside Surfing                           | P:-   B:-   L:-   M:-  
2026-09-10 08:46:29 | NOT_FOUND  | TMDB_NO_MA | Arnaud de Rosnay, au-delà du défi        | Arnaud de Rosnay, au-delà du défi        | P:-   B:-   L:-   M:-  
2026-09-10 08:46:34 | NOT_FOUND  | TMDB_NO_MA | Jack l'éventreur : affaire non résolue   | Jack l'éventreur: affaire non résolue    | P:-   B:-   L:-   M:-  
2026-09-10 08:46:34 | NOT_FOUND  | TMDB_NO_MA | Les derniers secrets du serpent          | Les derniers secrets du serpent          | P:-   B:-   L:-   M:-  
2026-09-10 08:46:37 | NOT_FOUND  | TMDB_NO_MA | Réparer la nature                        | Réparer la nature                        | P:-   B:-   L:-   M:-  
2026-09-10 08:46:37 | NOT_FOUND  | TMDB_NO_MA | Quand la nature se déchaîne              | Quand la nature se déchaîne              | P:-   B:-   L:-   M:-  
2026-09-10 08:46:37 | NOT_FOUND  | TMDB_NO_MA | La nature se déchaîne                    | La nature se déchaîne                    | P:-   B:-   L:-   M:-  
2026-09-10 08:46:37 | NOT_FOUND  | TMDB_NO_MA | Les nouveaux pionniers de l'espace       | Les nouveaux pionniers de l'espace       | P:-   B:-   L:-   M:-  
2026-09-10 08:46:41 | NOT_FOUND  | TMDB_NO_MA | High Side : Le Meilleur                  | High Side: Le Meilleur                   | P:-   B:-   L:-   M:-  
2026-09-10 08:46:55 | NOT_FOUND  | TMDB_NO_MA | The Story Is With Elex Michaelson        | The Story Is With Elex Michaelson        | P:-   B:-   L:-   M:-  
2026-09-10 08:46:55 | NOT_FOUND  | TMDB_NO_MA | CNN Headline Express                     | CNN Headline Express                     | P:-   B:-   L:-   M:-  
2026-09-10 08:47:01 | NOT_FOUND  | TMDB_NO_MA | Budzimy się wPolsce24                    | Budzimy się wPolsce24                    | P:-   B:-   L:-   M:-  
2026-09-10 08:47:01 | NOT_FOUND  | TMDB_NO_MA | Rozmowa Wikły                            | Rozmowa Wikły                            | P:-   B:-   L:-   M:-  
2026-09-10 08:47:01 | NOT_FOUND  | TMDB_NO_MA | Kawa i Wikło                             | Kawa i Wikło                             | P:-   B:-   L:-   M:-  
2026-09-10 08:47:09 | NOT_FOUND  | TMDB_NO_MA | Europe Today                             | Europe Today                             | P:-   B:-   L:-   M:-  
2026-09-10 08:47:22 | NOT_FOUND  | TMDB_NO_MA | RADIO MONTE CARLO MORNING                | RADIO MONTE CARLO MORNING                | P:-   B:-   L:-   M:-  
2026-09-10 08:47:22 | NOT_FOUND  | TMDB_NO_MA | RADIO MONTE CARLO AFTERNOON              | RADIO MONTE CARLO AFTERNOON              | P:-   B:-   L:-   M:-  
2026-09-10 08:47:25 | NOT_FOUND  | TMDB_NO_MA | Niemożliwe! 36: Sterling i Carly Aquilin | Niemożliwe! 36: Sterling i Carly Aquilin | P:-   B:-   L:-   M:-  
2026-09-10 08:47:25 | NOT_FOUND  | TMDB_NO_MA | Niemożliwe! 36: Sterling i Nina Agdal LV | Niemożliwe! 36: Sterling i Nina Agdal LV | P:-   B:-   L:-   M:-  
2026-09-10 08:47:25 | NOT_FOUND  | TMDB_NO_MA | Niemożliwe! 40 (odc. 16)                 | Niemożliwe!                              | P:-   B:-   L:-   M:-  
2026-09-10 08:47:25 | NOT_FOUND  | TMDB_NO_MA | Mistrz tatuażu 11 (odc. 10)              | Mistrz tatuażu                           | P:-   B:-   L:-   M:-  
2026-09-10 08:47:28 | NOT_FOUND  | TMDB_NO_MA | Hitowy poranek                           | Hitowy poranek                           | P:-   B:-   L:-   M:-  
2026-09-10 08:47:28 | NOT_FOUND  | TMDB_NO_MA | Tylko hity                               | Tylko hity                               | P:-   B:-   L:-   M:-  
2026-09-10 08:47:29 | NOT_FOUND  | TMDB_NO_MA | Hit Karaoke                              | Hit Karaoke                              | P:-   B:-   L:-   M:-  
2026-09-10 08:47:29 | NOT_FOUND  | TMDB_NO_MA | W Rytmie Hitów - Kids Hits               | W Rytmie Hitów - Kids Hits               | P:-   B:-   L:-   M:-  
2026-09-10 08:47:30 | NOT_FOUND  | TMDB_NO_MA | W rytmie hitów                           | W rytmie hitów                           | P:-   B:-   L:-   M:-  
2026-09-10 08:47:31 | NOT_FOUND  | TMDB_NO_MA | Hity na czasie                           | Hity na czasie                           | P:-   B:-   L:-   M:-  
2026-09-10 08:47:33 | NOT_FOUND  | TMDB_NO_MA | Polska lista                             | Polska lista                             | P:-   B:-   L:-   M:-  
2026-09-10 08:47:33 | NOT_FOUND  | TMDB_NO_MA | Hity zawsze na czasie                    | Hity zawsze na czasie                    | P:-   B:-   L:-   M:-  
2026-09-10 08:47:33 | NOT_FOUND  | TMDB_NO_MA | Hit godzina                              | Hit godzina                              | P:-   B:-   L:-   M:-  
2026-09-10 08:47:35 | NOT_FOUND  | TMDB_NO_MA | @ktywacja                                | @ktywacja                                | P:-   B:-   L:-   M:-  
2026-09-10 08:47:35 | NOT_FOUND  | TMDB_NO_MA | Gramy co chcemy                          | Gramy co chcemy                          | P:-   B:-   L:-   M:-  
2026-09-10 08:47:35 | NOT_FOUND  | TMDB_NO_MA | Rock by night                            | Rock by night                            | P:-   B:-   L:-   M:-  
2026-09-10 08:47:35 | NOT_FOUND  | TMDB_NO_MA | Rock nie wyrok                           | Rock nie wyrok                           | P:-   B:-   L:-   M:-  
2026-09-10 08:47:37 | NOT_FOUND  | TMDB_NO_MA | Breakfast in Rock                        | Breakfast in Rock                        | P:-   B:-   L:-   M:-  
2026-09-10 08:47:37 | NOT_FOUND  | TMDB_NO_MA | Morning Glory                            | Morning Glory                            | P:-   B:-   L:-   M:-  
2026-09-10 08:47:56 | NOT_FOUND  | TMDB_NO_MA | Karaoke w 4FUN DANCE                     | Karaoke w 4FUN DANCE                     | P:-   B:-   L:-   M:-  
2026-09-10 08:47:56 | NOT_FOUND  | TMDB_NO_MA | Dance na dzień dobry                     | Dance na dzień dobry                     | P:-   B:-   L:-   M:-  
2026-09-10 08:47:56 | NOT_FOUND  | TMDB_NO_MA | Najwięcej muzyki na imprezę              | Najwięcej muzyki na imprezę              | P:-   B:-   L:-   M:-  
2026-09-10 08:47:58 | NOT_FOUND  | TMDB_NO_MA | Ulubiona 20                              | Ulubiona 20                              | P:-   B:-   L:-   M:-  
2026-09-10 08:47:58 | NOT_FOUND  | TMDB_NO_MA | Najwięcej muzyki                         | Najwięcej muzyki                         | P:-   B:-   L:-   M:-  
2026-09-10 08:47:58 | NOT_FOUND  | TMDB_NO_MA | 4FUN budzi ludzi                         | 4FUN budzi ludzi                         | P:-   B:-   L:-   M:-  
2026-09-10 08:47:58 | NOT_FOUND  | TMDB_NO_MA | AI lista                                 | AI lista                                 | P:-   B:-   L:-   M:-  
2026-09-10 08:47:58 | NOT_FOUND  | TMDB_NO_MA | Kulinarne hity                           | Kulinarne hity                           | P:-   B:-   L:-   M:-  
2026-09-10 08:48:08 | NOT_FOUND  | TMDB_NO_MA | Rok z dziką przyrodą 1 (odc. 6)          | Rok z dziką przyrodą                     | P:-   B:-   L:-   M:-  
2026-09-10 08:48:08 | NOT_FOUND  | TMDB_NO_MA | Tajemnice afrykańskich drzew 1 (odc. 2)  | Tajemnice afrykańskich drzew             | P:-   B:-   L:-   M:-  
2026-09-10 08:48:08 | NOT_FOUND  | TMDB_NO_MA | Autostrada dla super-rekinów 1 (odc. 1)  | Autostrada dla super-rekinów             | P:-   B:-   L:-   M:-  
2026-09-10 08:48:08 | NOT_FOUND  | TMDB_NO_MA | Kraina wielkich kotów 1 (odc. 2)         | Kraina wielkich kotów                    | P:-   B:-   L:-   M:-  
2026-09-10 08:48:10 | NOT_FOUND  | TMDB_NO_MA | Love of the Wild: A Falconer's Legacy in | Love of the Wild: A Falconer's Legacy in | P:-   B:-   L:-   M:-  
2026-09-10 08:48:11 | NOT_FOUND  | TMDB_NO_MA | The Armchair Adventurer: odc.7           | The Armchair Adventurer                  | P:-   B:-   L:-   M:-  
2026-09-10 08:48:16 | NOT_FOUND  | TMDB_NO_MA | Miejsce docelowe: zdrowie 3: odc.11      | Miejsce docelowe: zdrowie                | P:-   B:-   L:-   M:-  
2026-09-10 08:48:28 | NOT_FOUND  | TMDB_NO_MA | Harry Potter i Insygnia Śmierci: Część 2 | Harry Potter i Insygnia Śmierci: Część 2 | P:-   B:-   L:-   M:-  
2026-09-10 08:48:28 | NOT_FOUND  | TMDB_NO_MA | Kolejna zwyczajna przysługa              | Kolejna zwyczajna przysługa              | P:-   B:-   L:-   M:-  
2026-09-10 08:48:28 | NOT_FOUND  | TMDB_NO_MA | Mój mistrz                               | Mój mistrz                               | P:-   B:-   L:-   M:-  
2026-09-10 08:48:28 | NOT_FOUND  | TMDB_NO_MA | Harry Potter i Insygnia Śmierci: część 1 | Harry Potter i Insygnia Śmierci: część 1 | P:-   B:-   L:-   M:-  
2026-09-10 08:48:36 | NOT_FOUND  | TMDB_NO_MA | Spider-Man: Bez drogi do domu            | Spider-Man: Bez drogi do domu            | P:-   B:-   L:-   M:-  
2026-09-10 08:48:36 | NOT_FOUND  | TMDB_NO_MA | Kina i Yuk                               | Kina i Yuk                               | P:-   B:-   L:-   M:-  
2026-09-10 08:48:36 | NOT_FOUND  | TMDB_NO_MA | Śmierć komedianta                        | Śmierć komedianta                        | P:-   B:-   L:-   M:-  
2026-09-10 08:48:40 | NOT_FOUND  | TMDB_NO_MA | Okiem Oscara                             | Okiem Oscara                             | P:-   B:-   L:-   M:-  
2026-09-10 08:48:41 | NOT_FOUND  | TMDB_NO_MA | Nauczyciel, który obiecał nam morze      | Nauczyciel, który obiecał nam morze      | P:-   B:-   L:-   M:-  
2026-09-10 08:48:41 | NOT_FOUND  | TMDB_NO_MA | Zabić mongolskiego konia                 | Zabić mongolskiego konia                 | P:-   B:-   L:-   M:-  
2026-09-10 08:48:41 | NOT_FOUND  | TMDB_NO_MA | Transformers: Zemsta upadłych            | Transformers: Zemsta upadłych            | P:-   B:-   L:-   M:-  
2026-09-10 08:48:41 | NOT_FOUND  | TMDB_NO_MA | Chmurka                                  | Chmurka                                  | P:-   B:-   L:-   M:-  
2026-09-10 08:48:42 | NOT_FOUND  | TMDB_NO_MA | Moje miejsce jest tutaj                  | Moje miejsce jest tutaj                  | P:-   B:-   L:-   M:-  
2026-09-10 08:48:44 | NOT_FOUND  | TMDB_NO_MA | Wietrzne podróże                         | Wietrzne podróże                         | P:-   B:-   L:-   M:-  
2026-09-10 08:48:44 | NOT_FOUND  | TMDB_NO_MA | Sześć stóp nad ziemią                    | Sześć stóp nad ziemią                    | P:-   B:-   L:-   M:-  
2026-09-10 08:48:44 | NOT_FOUND  | TMDB_NO_MA | Made in EU                               | Made in EU                               | P:-   B:-   L:-   M:-  
2026-09-10 08:48:44 | NOT_FOUND  | TMDB_NO_MA | Kilka dni, nie więcej                    | Kilka dni, nie więcej                    | P:-   B:-   L:-   M:-  
2026-09-10 08:48:44 | NOT_FOUND  | TMDB_NO_MA | Magia uczuć                              | Magia uczuć                              | P:-   B:-   L:-   M:-  
2026-09-10 08:48:47 | NOT_FOUND  | TMDB_NO_MA | Orzełek Iggy                             | Orzełek Iggy                             | P:-   B:-   L:-   M:-  
2026-09-10 08:48:47 | NOT_FOUND  | TMDB_NO_MA | Mikołaj i ekipa                          | Mikołaj i ekipa                          | P:-   B:-   L:-   M:-  
2026-09-10 08:48:49 | NOT_FOUND  | TMDB_NO_MA | Prawda czy fałsz. Psychologia trumpizmu  | Prawda czy fałsz. Psychologia trumpizmu  | P:-   B:-   L:-   M:-  
2026-09-10 08:48:49 | NOT_FOUND  | TMDB_NO_MA | Saga Zmierzch: Przed świtem. Część I     | Saga Zmierzch: Przed świtem. Część I     | P:-   B:-   L:-   M:-  
2026-09-10 08:48:49 | NOT_FOUND  | TMDB_NO_MA | Fuks                                     | Fuks                                     | P:-   B:-   L:-   M:-  
2026-09-10 08:48:49 | NOT_FOUND  | TMDB_NO_MA | Moje pieczone kurczaki                   | Moje pieczone kurczaki                   | P:-   B:-   L:-   M:-  
2026-09-10 08:48:52 | NOT_FOUND  | TMDB_NO_MA | Rafcio Śrubka 2: odc.23                  | Rafcio Śrubka                            | P:-   B:-   L:-   M:-  
2026-09-10 08:49:02 | NOT_FOUND  | TMDB_NO_MA | Sekretne życie zwierzaków domowych 2     | Sekretne życie zwierzaków domowych 2     | P:-   B:-   L:-   M:-  
2026-09-10 08:49:02 | NOT_FOUND  | TMDB_NO_MA | Brian Wilson: Long Promised Road         | Brian Wilson: Long Promised Road         | P:-   B:-   L:-   M:-  
2026-09-10 08:49:02 | NOT_FOUND  | TMDB_NO_MA | Verticals 2: odc.7                       | Verticals                                | P:-   B:-   L:-   M:-  
2026-09-10 08:49:10 | NOT_FOUND  | TMDB_NO_MA | Długi weekend                            | Długi weekend                            | P:-   B:-   L:-   M:-  
2026-09-10 08:49:14 | NOT_FOUND  | TMDB_NO_MA | Pożegnanie z miłością                    | Pożegnanie z miłością                    | P:-   B:-   L:-   M:-  
2026-09-10 08:49:14 | NOT_FOUND  | TMDB_NO_MA | Papillon. Motylek                        | Papillon. Motylek                        | P:-   B:-   L:-   M:-  
2026-09-10 08:49:16 | NOT_FOUND  | TMDB_NO_MA | Ad Astra: Ku gwiazdom                    | Ad Astra: Ku gwiazdom                    | P:-   B:-   L:-   M:-  
2026-09-10 08:49:16 | NOT_FOUND  | TMDB_NO_MA | Strażnik czasu                           | Strażnik czasu                           | P:-   B:-   L:-   M:-  
2026-09-10 08:49:16 | NOT_FOUND  | TMDB_NO_MA | Kaktus Jack                              | Kaktus Jack                              | P:-   B:-   L:-   M:-  
2026-09-10 08:49:16 | NOT_FOUND  | TMDB_NO_MA | Motylek                                  | Motylek                                  | P:-   B:-   L:-   M:-  
2026-09-10 08:49:19 | NOT_FOUND  | TMDB_NO_MA | Gwiezdny pył                             | Gwiezdny pył                             | P:-   B:-   L:-   M:-  
2026-09-10 08:49:23 | NOT_FOUND  | TMDB_NO_MA | Pełniejsza chata 2: odc.5                | Pełniejsza chata                         | P:-   B:-   L:-   M:-  
2026-09-10 08:49:47 | NOT_FOUND  | TMDB_NO_MA | Acceptance                               | Acceptance                               | P:-   B:-   L:-   M:-  
2026-09-10 08:49:47 | NOT_FOUND  | TMDB_NO_MA | Strażnik snów 1 (odc. 2)                 | Strażnik snów                            | P:-   B:-   L:-   M:-  
2026-09-10 08:49:51 | NOT_FOUND  | TMDB_NO_MA | Bibliotekarze 2: odc.1                   | Bibliotekarze                            | P:-   B:-   L:-   M:-  
2026-09-10 08:49:53 | NOT_FOUND  | TMDB_NO_MA | Kuchenne rewolucje: Barlinek - Limba: od | Kuchenne rewolucje: Barlinek - Limba     | P:-   B:-   L:-   M:-  
2026-09-10 08:49:53 | NOT_FOUND  | TMDB_NO_MA | Kuchenne rewolucje: Płońsk, Trops: odc.7 | Kuchenne rewolucje: Płońsk, Trops        | P:-   B:-   L:-   M:-  
2026-09-10 08:49:58 | NOT_FOUND  | TMDB_NO_MA | Bez śladu 1 (odc. 19)                    | Bez śladu                                | P:-   B:-   L:-   M:-  
2026-09-10 08:49:58 | NOT_FOUND  | TMDB_NO_MA | Morderstwa w Tours                       | Morderstwa w Tours                       | P:-   B:-   L:-   M:-  
2026-09-10 08:50:02 | NOT_FOUND  | TMDB_NO_MA | Z pamiętnika położnej 13: odc.4          | Z pamiętnika położnej                    | P:-   B:-   L:-   M:-  
2026-09-10 08:50:06 | NOT_FOUND  | TMDB_NO_MA | Brytyjskie fabryki 9: odc.5              | Brytyjskie fabryki                       | P:-   B:-   L:-   M:-  
2026-09-10 08:50:06 | NOT_FOUND  | TMDB_NO_MA | Tajemnice Trójkąta Bermudzkiego: odc.3   | Tajemnice Trójkąta Bermudzkiego          | P:-   B:-   L:-   M:-  
2026-09-10 08:50:14 | NOT_FOUND  | TMDB_NO_MA | Zagadki kryminalne panny Fisher 1 (odc.  | Zagadki kryminalne panny Fisher          | P:-   B:-   L:-   M:-  
2026-09-10 08:50:14 | NOT_FOUND  | TMDB_NO_MA | Panna Marple: 4:50 z Paddington          | Panna Marple: 4: 50 z Paddington         | P:-   B:-   L:-   M:-  
2026-09-10 08:50:17 | NOT_FOUND  | TMDB_NO_MA | Zadbaj o siebie                          | Zadbaj o siebie                          | P:-   B:-   L:-   M:-  
2026-09-10 08:50:17 | NOT_FOUND  | TMDB_NO_MA | Rok, w którym Dolly Parton była moją mam | Rok, w którym Dolly Parton była moją mam | P:-   B:-   L:-   M:-  
2026-09-10 08:50:17 | NOT_FOUND  | TMDB_NO_MA | Świąteczne opowieści                     | Świąteczne opowieści                     | P:-   B:-   L:-   M:-  
2026-09-10 08:50:17 | NOT_FOUND  | TMDB_NO_MA | W harmonii                               | W harmonii                               | P:-   B:-   L:-   M:-  
2026-09-10 08:50:17 | NOT_FOUND  | TMDB_NO_MA | Weekend z królem                         | Weekend z królem                         | P:-   B:-   L:-   M:-  
2026-09-10 08:50:19 | NOT_FOUND  | TMDB_NO_MA | Czekając na Anyę                         | Czekając na Anyę                         | P:-   B:-   L:-   M:-  
2026-09-10 08:50:19 | NOT_FOUND  | TMDB_NO_MA | Irlandzki numer                          | Irlandzki numer                          | P:-   B:-   L:-   M:-  
2026-09-10 08:50:19 | NOT_FOUND  | TMDB_NO_MA | Duch świąt                               | Duch świąt                               | P:-   B:-   L:-   M:-  
2026-09-10 08:50:19 | NOT_FOUND  | TMDB_NO_MA | Piaskun                                  | Piaskun                                  | P:-   B:-   L:-   M:-  
2026-09-10 08:50:21 | NOT_FOUND  | TMDB_NO_MA | Zagubiony smok                           | Zagubiony smok                           | P:-   B:-   L:-   M:-  
2026-09-10 08:50:21 | NOT_FOUND  | TMDB_NO_MA | Tajna agentka                            | Tajna agentka                            | P:-   B:-   L:-   M:-  
2026-09-10 08:50:21 | NOT_FOUND  | TMDB_NO_MA | Goldbergowie 7 (odc. 2)                  | Goldbergowie                             | P:-   B:-   L:-   M:-  
2026-09-10 08:50:21 | NOT_FOUND  | TMDB_NO_MA | Guido Superbohater                       | Guido Superbohater                       | P:-   B:-   L:-   M:-  
2026-09-10 08:50:21 | NOT_FOUND  | TMDB_NO_MA | Coco Chanel                              | Coco Chanel                              | P:-   B:-   L:-   M:-  
2026-09-10 08:50:26 | NOT_FOUND  | TMDB_NO_MA | Wyspa szemrzącego wiatru                 | Wyspa szemrzącego wiatru                 | P:-   B:-   L:-   M:-  
2026-09-10 08:50:26 | NOT_FOUND  | TMDB_NO_MA | Che II. Boliwia                          | Che II. Boliwia                          | P:-   B:-   L:-   M:-  
2026-09-10 08:50:26 | NOT_FOUND  | TMDB_NO_MA | Skarb Jesse'ego Jamesa                   | Skarb Jesse'ego Jamesa                   | P:-   B:-   L:-   M:-  
2026-09-10 08:50:26 | NOT_FOUND  | TMDB_NO_MA | Wrobieni                                 | Wrobieni                                 | P:-   B:-   L:-   M:-  
2026-09-10 08:50:32 | NOT_FOUND  | TMDB_NO_MA | Sherlock Holmes i tajny szyfr            | Sherlock Holmes i tajny szyfr            | P:-   B:-   L:-   M:-  
2026-09-10 08:50:32 | NOT_FOUND  | TMDB_NO_MA | Nierządnica                              | Nierządnica                              | P:-   B:-   L:-   M:-  
2026-09-10 08:50:32 | NOT_FOUND  | TMDB_NO_MA | Buster się żeni                          | Buster się żeni                          | P:-   B:-   L:-   M:-  
2026-09-10 08:50:32 | NOT_FOUND  | TMDB_NO_MA | Abbott i Costello - afrykańska przygoda  | Abbott i Costello - afrykańska przygoda  | P:-   B:-   L:-   M:-  
2026-09-10 08:50:32 | NOT_FOUND  | TMDB_NO_MA | Rycząca otchłań                          | Rycząca otchłań                          | P:-   B:-   L:-   M:-  
2026-09-10 08:50:34 | NOT_FOUND  | TMDB_NO_MA | Kości: odc.22                            | Kości                                    | P:-   B:-   L:-   M:-  
2026-09-10 08:50:40 | NOT_FOUND  | TMDB_NO_MA | Współczesna rodzina 10: odc.7            | Współczesna rodzina                      | P:-   B:-   L:-   M:-  
2026-09-10 08:50:40 | NOT_FOUND  | TMDB_NO_MA | Diabli nadali 3 (odc. 24)                | Diabli nadali                            | P:-   B:-   L:-   M:-  
2026-09-10 08:50:42 | NOT_FOUND  | TMDB_NO_MA | Dwóch i pół 2: odc.2                     | Dwóch i pół                              | P:-   B:-   L:-   M:-  
2026-09-10 08:50:52 | NOT_FOUND  | TMDB_NO_MA | Ostry dyżur 5: odc.1                     | Ostry dyżur                              | P:-   B:-   L:-   M:-  
2026-09-10 08:51:11 | NOT_FOUND  | TMDB_NO_MA | Kobra - oddział specjalny 14: odc.10     | Kobra - oddział specjalny                | P:-   B:-   L:-   M:-  
2026-09-10 08:51:11 | NOT_FOUND  | TMDB_NO_MA | Nieustraszony 3: odc.14                  | Nieustraszony                            | P:-   B:-   L:-   M:-  
2026-09-10 08:51:11 | NOT_FOUND  | TMDB_NO_MA | Gwiezdne wrota 10 (odc. 10)              | Gwiezdne wrota                           | P:-   B:-   L:-   M:-  
2026-09-10 08:51:17 | NOT_FOUND  | TMDB_NO_MA | Widok za miliony: odc.7                  | Widok za miliony                         | P:-   B:-   L:-   M:-  
2026-09-10 08:51:17 | NOT_FOUND  | TMDB_NO_MA | Detektyw Murdoch 12: odc.15              | Detektyw Murdoch                         | P:-   B:-   L:-   M:-  
2026-09-10 08:51:21 | NOT_FOUND  | TMDB_NO_MA | Sprawy pana Booka: odc.6                 | Sprawy pana Booka                        | P:-   B:-   L:-   M:-  
2026-09-10 08:51:33 | NOT_FOUND  | TMDB_NO_MA | Papa' Gambalunga                         | Papa' Gambalunga                         | P:-   B:-   L:-   M:-  
2026-09-10 08:51:34 | NOT_FOUND  | TMDB_NO_MA | Holly e Benji Forever                    | Holly e Benji Forever                    | P:-   B:-   L:-   M:-  
2026-09-10 08:51:34 | NOT_FOUND  | ELCIN_NO_M | Wszystkie stworzenia duże i małe: odc.7  | Wszystkie stworzenia duże i małe         | P:-   B:-   L:-   M:-  
2026-09-10 08:51:40 | NOT_FOUND  | TMDB_NO_MA | South Kensington                         | South Kensington                         | P:-   B:-   L:-   M:-  
2026-09-10 08:51:40 | NOT_FOUND  | TMDB_NO_MA | Sapore di te                             | Sapore di te                             | P:-   B:-   L:-   M:-  
2026-09-10 08:51:40 | NOT_FOUND  | TMDB_NO_MA | Viola bacia tutti                        | Viola bacia tutti                        | P:-   B:-   L:-   M:-  
2026-09-10 08:51:42 | NOT_FOUND  | TMDB_NO_MA | Fratelli in affari                       | Fratelli in affari                       | P:-   B:-   L:-   M:-  
2026-09-10 08:51:44 | NOT_FOUND  | TMDB_NO_MA | Il grande colpo di Surcouf               | Il grande colpo di Surcouf               | P:-   B:-   L:-   M:-  
2026-09-10 08:51:44 | NOT_FOUND  | TMDB_NO_MA | La freccia nella polvere                 | La freccia nella polvere                 | P:-   B:-   L:-   M:-  
2026-09-10 08:51:44 | NOT_FOUND  | TMDB_NO_MA | N - Io e Napoleone                       | N - Io e Napoleone                       | P:-   B:-   L:-   M:-  
2026-09-10 08:51:44 | NOT_FOUND  | TMDB_NO_MA | Un piano perfetto                        | Un piano perfetto                        | P:-   B:-   L:-   M:-  
2026-09-10 08:52:10 | NOT_FOUND  | TMDB_NO_MA | Potop: odc.2                             | Potop                                    | P:-   B:-   L:-   M:-  
2026-09-10 08:52:10 | NOT_FOUND  | TMDB_NO_MA | Noce i dnie: Bogumił i Barbara: odc.1    | Noce i dnie: Bogumił i Barbara           | P:-   B:-   L:-   M:-  
2026-09-10 08:52:18 | NOT_FOUND  | TMDB_NO_MA | Górski lekarz: odc.10                    | Górski lekarz                            | P:-   B:-   L:-   M:-  
2026-09-10 08:52:18 | NOT_FOUND  | TMDB_NO_MA | Robert Makłowicz: Do Czarnogóry!: odc.23 | Robert Makłowicz: Do Czarnogóry!         | P:-   B:-   L:-   M:-  
2026-09-10 08:52:19 | NOT_FOUND  | TMDB_NO_MA | Robert Makłowicz: Dalmacja - Dalmatyńska | Robert Makłowicz: Dalmacja - Dalmatyńska | P:-   B:-   L:-   M:-  
2026-09-10 08:52:19 | NOT_FOUND  | TMDB_NO_MA | Pyszne dania w 10 minut z Julią Oleś 2:  | Pyszne dania w 10 minut z Julią Oleś     | P:-   B:-   L:-   M:-  
2026-09-10 08:52:21 | NOT_FOUND  | TMDB_NO_MA | Rosamunde Pilcher: Miłość na horyzoncie! | Rosamunde Pilcher: Miłość na horyzoncie! | P:-   B:-   L:-   M:-  
2026-09-10 08:52:21 | NOT_FOUND  | TMDB_NO_MA | Käthe i ja 1 (odc. 8)                    | Käthe i ja                               | P:-   B:-   L:-   M:-  
2026-09-10 08:52:21 | NOT_FOUND  | TMDB_NO_MA | Dora Heldt: Ucieczka ciotki Inge         | Dora Heldt: Ucieczka ciotki Inge         | P:-   B:-   L:-   M:-  
2026-09-10 08:52:21 | NOT_FOUND  | TMDB_NO_MA | Malibu - Moje marzenie, twoje marzenie   | Malibu - Moje marzenie, twoje marzenie   | P:-   B:-   L:-   M:-  
2026-09-10 08:52:30 | NOT_FOUND  | TMDB_NO_MA | Otchłań namiętności 1 (odc. 161)         | Otchłań namiętności                      | P:-   B:-   L:-   M:-  
2026-09-10 08:52:30 | NOT_FOUND  | TMDB_NO_MA | Opowieść o wyspie 1 (odc. 38)            | Opowieść o wyspie                        | P:-   B:-   L:-   M:-  
2026-09-10 08:52:30 | NOT_FOUND  | TMDB_NO_MA | Miłość w Cabo 1 (odc. 20)                | Miłość w Cabo                            | P:-   B:-   L:-   M:-  
2026-09-10 08:52:35 | NOT_FOUND  | TMDB_NO_MA | Wariaci za kierownicą 1 (odc. 2)         | Wariaci za kierownicą                    | P:-   B:-   L:-   M:-  
2026-09-10 08:52:35 | NOT_FOUND  | TMDB_NO_MA | Kasandra 7 (odc. 4)                      | Kasandra                                 | P:-   B:-   L:-   M:-  
2026-09-10 08:52:36 | NOT_FOUND  | TMDB_NO_MA | Policjanci z sąsiedztwa 4: odc.18        | Policjanci z sąsiedztwa                  | P:-   B:-   L:-   M:-  
2026-09-10 08:53:36 | NOT_FOUND  | TMDB_NO_MA | Świat według Kiepskich: Bezpieczeństwo i | Świat według Kiepskich: Bezpieczeństwo i | P:-   B:-   L:-   M:-  
2026-09-10 08:54:27 | NOT_FOUND  | TMDB_NO_MA | Harry Potter i Insygnia Śmierci: część 1 | Harry Potter i Insygnia Śmierci: część 1 | P:-   B:-   L:-   M:-  
2026-09-10 08:54:27 | NOT_FOUND  | TMDB_NO_MA | Harry Potter i Insygnia Śmierci: Część 2 | Harry Potter i Insygnia Śmierci: Część 2 | P:-   B:-   L:-   M:-  
2026-09-10 08:54:28 | NOT_FOUND  | TMDB_NO_MA | Mój mistrz                               | Mój mistrz                               | P:-   B:-   L:-   M:-  
2026-09-10 08:54:28 | NOT_FOUND  | TMDB_NO_MA | Kolejna zwyczajna przysługa              | Kolejna zwyczajna przysługa              | P:-   B:-   L:-   M:-  
2026-09-10 08:54:31 | NOT_FOUND  | TMDB_NO_MA | Spider-Man: Bez drogi do domu            | Spider-Man: Bez drogi do domu            | P:-   B:-   L:-   M:-  
2026-09-10 08:54:31 | NOT_FOUND  | TMDB_NO_MA | Kina i Yuk                               | Kina i Yuk                               | P:-   B:-   L:-   M:-  
2026-09-10 08:54:31 | NOT_FOUND  | TMDB_NO_MA | Śmierć komedianta                        | Śmierć komedianta                        | P:-   B:-   L:-   M:-  
2026-09-10 08:54:34 | NOT_FOUND  | TMDB_NO_MA | Okiem Oscara                             | Okiem Oscara                             | P:-   B:-   L:-   M:-  
2026-09-10 08:54:35 | NOT_FOUND  | TMDB_NO_MA | Nauczyciel, który obiecał nam morze      | Nauczyciel, który obiecał nam morze      | P:-   B:-   L:-   M:-  
2026-09-10 08:54:35 | NOT_FOUND  | TMDB_NO_MA | Chmurka                                  | Chmurka                                  | P:-   B:-   L:-   M:-  
2026-09-10 08:54:35 | NOT_FOUND  | TMDB_NO_MA | Zabić mongolskiego konia                 | Zabić mongolskiego konia                 | P:-   B:-   L:-   M:-  
2026-09-10 08:54:35 | NOT_FOUND  | TMDB_NO_MA | Transformers: Zemsta upadłych            | Transformers: Zemsta upadłych            | P:-   B:-   L:-   M:-  
2026-09-10 08:54:35 | NOT_FOUND  | TMDB_NO_MA | Moje miejsce jest tutaj                  | Moje miejsce jest tutaj                  | P:-   B:-   L:-   M:-  
2026-09-10 08:54:38 | NOT_FOUND  | TMDB_NO_MA | Wietrzne podróże                         | Wietrzne podróże                         | P:-   B:-   L:-   M:-  
2026-09-10 08:54:38 | NOT_FOUND  | TMDB_NO_MA | Made in EU                               | Made in EU                               | P:-   B:-   L:-   M:-  
2026-09-10 08:54:38 | NOT_FOUND  | TMDB_NO_MA | Kilka dni, nie więcej                    | Kilka dni, nie więcej                    | P:-   B:-   L:-   M:-  
2026-09-10 08:54:38 | NOT_FOUND  | TMDB_NO_MA | Sześć stóp nad ziemią                    | Sześć stóp nad ziemią                    | P:-   B:-   L:-   M:-  
2026-09-10 08:54:38 | NOT_FOUND  | TMDB_NO_MA | Magia uczuć                              | Magia uczuć                              | P:-   B:-   L:-   M:-  
2026-09-10 08:54:39 | NOT_FOUND  | TMDB_NO_MA | Orzełek Iggy                             | Orzełek Iggy                             | P:-   B:-   L:-   M:-  
2026-09-10 08:54:39 | NOT_FOUND  | TMDB_NO_MA | Mikołaj i ekipa                          | Mikołaj i ekipa                          | P:-   B:-   L:-   M:-  
2026-09-10 08:54:41 | NOT_FOUND  | TMDB_NO_MA | Prawda czy fałsz. Psychologia trumpizmu  | Prawda czy fałsz. Psychologia trumpizmu  | P:-   B:-   L:-   M:-  
2026-09-10 08:54:41 | NOT_FOUND  | TMDB_NO_MA | Saga Zmierzch: Przed świtem. Część I     | Saga Zmierzch: Przed świtem. Część I     | P:-   B:-   L:-   M:-  
2026-09-10 08:54:41 | NOT_FOUND  | TMDB_NO_MA | Fuks                                     | Fuks                                     | P:-   B:-   L:-   M:-  
2026-09-10 08:54:41 | NOT_FOUND  | TMDB_NO_MA | Moje pieczone kurczaki                   | Moje pieczone kurczaki                   | P:-   B:-   L:-   M:-  
2026-09-10 08:54:44 | NOT_FOUND  | TMDB_NO_MA | Rafcio Śrubka 2: odc.23                  | Rafcio Śrubka                            | P:-   B:-   L:-   M:-  
2026-09-10 08:54:45 | NOT_FOUND  | TMDB_NO_MA | Sekretne życie zwierzaków domowych 2     | Sekretne życie zwierzaków domowych 2     | P:-   B:-   L:-   M:-  
2026-09-10 08:54:45 | NOT_FOUND  | TMDB_NO_MA | Brian Wilson: Long Promised Road         | Brian Wilson: Long Promised Road         | P:-   B:-   L:-   M:-  
2026-09-10 08:54:45 | NOT_FOUND  | TMDB_NO_MA | Verticals 2: odc.7                       | Verticals                                | P:-   B:-   L:-   M:-  
2026-09-10 08:54:47 | NOT_FOUND  | TMDB_NO_MA | Długi weekend                            | Długi weekend                            | P:-   B:-   L:-   M:-  
2026-09-10 08:54:49 | NOT_FOUND  | TMDB_NO_MA | Pożegnanie z miłością                    | Pożegnanie z miłością                    | P:-   B:-   L:-   M:-  
2026-09-10 08:54:49 | NOT_FOUND  | TMDB_NO_MA | Papillon. Motylek                        | Papillon. Motylek                        | P:-   B:-   L:-   M:-  
2026-09-10 08:54:52 | NOT_FOUND  | TMDB_NO_MA | Ad Astra: Ku gwiazdom                    | Ad Astra: Ku gwiazdom                    | P:-   B:-   L:-   M:-  
2026-09-10 08:54:52 | NOT_FOUND  | TMDB_NO_MA | Strażnik czasu                           | Strażnik czasu                           | P:-   B:-   L:-   M:-  
2026-09-10 08:54:52 | NOT_FOUND  | TMDB_NO_MA | Motylek                                  | Motylek                                  | P:-   B:-   L:-   M:-  
2026-09-10 08:54:52 | NOT_FOUND  | TMDB_NO_MA | Kaktus Jack                              | Kaktus Jack                              | P:-   B:-   L:-   M:-  
2026-09-10 08:54:54 | NOT_FOUND  | TMDB_NO_MA | Gwiezdny pył                             | Gwiezdny pył                             | P:-   B:-   L:-   M:-  
2026-09-10 08:54:57 | NOT_FOUND  | TMDB_NO_MA | Pełniejsza chata 2: odc.5                | Pełniejsza chata                         | P:-   B:-   L:-   M:-  
2026-09-10 08:55:01 | NOT_FOUND  | TMDB_NO_MA | Il monaco di Monza                       | Il monaco di Monza                       | P:-   B:-   L:-   M:-  
2026-09-10 08:55:01 | NOT_FOUND  | TMDB_NO_MA | 7 pistole per un massacro                | 7 pistole per un massacro                | P:-   B:-   L:-   M:-  
2026-09-10 08:55:01 | NOT_FOUND  | TMDB_NO_MA | Gli Imperdibili                          | Gli Imperdibili                          | P:-   B:-   L:-   M:-  
2026-09-10 08:55:01 | NOT_FOUND  | TMDB_NO_MA | Priscilla                                | Priscilla                                | P:-   B:-   L:-   M:-  
2026-09-10 08:55:02 | NOT_FOUND  | ELCIN_NO_M | Un posto al sole 30 - p.138              | Un posto al sole 30                      | P:-   B:-   L:-   M:-  
2026-09-10 08:55:03 | NOT_FOUND  | TMDB_NO_MA | Acceptance                               | Acceptance                               | P:-   B:-   L:-   M:-  
2026-09-10 08:55:03 | NOT_FOUND  | TMDB_NO_MA | Strażnik snów 1 (odc. 2)                 | Strażnik snów                            | P:-   B:-   L:-   M:-  
2026-09-10 08:55:03 | NOT_FOUND  | ELCIN_NO_M | Come le foglie al vento                  | Come le foglie al vento                  | P:-   B:-   L:-   M:-  
2026-09-10 08:55:12 | NOT_FOUND  | TMDB_NO_MA | Bibliotekarze 2: odc.1                   | Bibliotekarze                            | P:-   B:-   L:-   M:-  
2026-09-10 08:55:15 | NOT_FOUND  | TMDB_NO_MA | Kuchenne rewolucje: Płońsk, Trops: odc.7 | Kuchenne rewolucje: Płońsk, Trops        | P:-   B:-   L:-   M:-  
2026-09-10 08:55:15 | NOT_FOUND  | TMDB_NO_MA | Kuchenne rewolucje: Barlinek - Limba: od | Kuchenne rewolucje: Barlinek - Limba     | P:-   B:-   L:-   M:-  
2026-09-10 08:55:17 | NOT_FOUND  | TMDB_NO_MA | Morderstwa w Tours                       | Morderstwa w Tours                       | P:-   B:-   L:-   M:-  
2026-09-10 08:55:17 | NOT_FOUND  | TMDB_NO_MA | Bez śladu 1 (odc. 19)                    | Bez śladu                                | P:-   B:-   L:-   M:-  
2026-09-10 08:55:19 | NOT_FOUND  | TMDB_NO_MA | Z pamiętnika położnej 13: odc.4          | Z pamiętnika położnej                    | P:-   B:-   L:-   M:-  
2026-09-10 08:55:22 | NOT_FOUND  | TMDB_NO_MA | Brytyjskie fabryki 9: odc.5              | Brytyjskie fabryki                       | P:-   B:-   L:-   M:-  
2026-09-10 08:55:22 | NOT_FOUND  | TMDB_NO_MA | Tajemnice Trójkąta Bermudzkiego: odc.3   | Tajemnice Trójkąta Bermudzkiego          | P:-   B:-   L:-   M:-  
2026-09-10 08:55:24 | NOT_FOUND  | TMDB_NO_MA | Zagadki kryminalne panny Fisher 1 (odc.  | Zagadki kryminalne panny Fisher          | P:-   B:-   L:-   M:-  
2026-09-10 08:55:24 | NOT_FOUND  | TMDB_NO_MA | Panna Marple: 4:50 z Paddington          | Panna Marple: 4: 50 z Paddington         | P:-   B:-   L:-   M:-  
2026-09-10 08:55:26 | NOT_FOUND  | TMDB_NO_MA | Zadbaj o siebie                          | Zadbaj o siebie                          | P:-   B:-   L:-   M:-  
2026-09-10 08:55:26 | NOT_FOUND  | TMDB_NO_MA | Rok, w którym Dolly Parton była moją mam | Rok, w którym Dolly Parton była moją mam | P:-   B:-   L:-   M:-  
2026-09-10 08:55:26 | NOT_FOUND  | TMDB_NO_MA | Świąteczne opowieści                     | Świąteczne opowieści                     | P:-   B:-   L:-   M:-  
2026-09-10 08:55:26 | NOT_FOUND  | TMDB_NO_MA | W harmonii                               | W harmonii                               | P:-   B:-   L:-   M:-  
2026-09-10 08:55:26 | NOT_FOUND  | TMDB_NO_MA | Weekend z królem                         | Weekend z królem                         | P:-   B:-   L:-   M:-  
2026-09-10 08:55:29 | NOT_FOUND  | TMDB_NO_MA | Duch świąt                               | Duch świąt                               | P:-   B:-   L:-   M:-  
2026-09-10 08:55:29 | NOT_FOUND  | TMDB_NO_MA | Irlandzki numer                          | Irlandzki numer                          | P:-   B:-   L:-   M:-  
2026-09-10 08:55:29 | NOT_FOUND  | TMDB_NO_MA | Czekając na Anyę                         | Czekając na Anyę                         | P:-   B:-   L:-   M:-  
2026-09-10 08:55:29 | NOT_FOUND  | TMDB_NO_MA | Piaskun                                  | Piaskun                                  | P:-   B:-   L:-   M:-  
2026-09-10 08:55:30 | NOT_FOUND  | TMDB_NO_MA | Zagubiony smok                           | Zagubiony smok                           | P:-   B:-   L:-   M:-  
2026-09-10 08:55:30 | NOT_FOUND  | TMDB_NO_MA | Guido Superbohater                       | Guido Superbohater                       | P:-   B:-   L:-   M:-  
2026-09-10 08:55:30 | NOT_FOUND  | TMDB_NO_MA | Goldbergowie 7 (odc. 2)                  | Goldbergowie                             | P:-   B:-   L:-   M:-  
2026-09-10 08:55:30 | NOT_FOUND  | TMDB_NO_MA | Tajna agentka                            | Tajna agentka                            | P:-   B:-   L:-   M:-  
2026-09-10 08:55:31 | NOT_FOUND  | TMDB_NO_MA | Coco Chanel                              | Coco Chanel                              | P:-   B:-   L:-   M:-  
2026-09-10 08:55:34 | NOT_FOUND  | TMDB_NO_MA | Wyspa szemrzącego wiatru                 | Wyspa szemrzącego wiatru                 | P:-   B:-   L:-   M:-  
2026-09-10 08:55:34 | NOT_FOUND  | TMDB_NO_MA | Skarb Jesse'ego Jamesa                   | Skarb Jesse'ego Jamesa                   | P:-   B:-   L:-   M:-  
2026-09-10 08:55:34 | NOT_FOUND  | TMDB_NO_MA | Wrobieni                                 | Wrobieni                                 | P:-   B:-   L:-   M:-  
2026-09-10 08:55:34 | NOT_FOUND  | TMDB_NO_MA | Che II. Boliwia                          | Che II. Boliwia                          | P:-   B:-   L:-   M:-  
2026-09-10 08:55:38 | NOT_FOUND  | TMDB_NO_MA | Nierządnica                              | Nierządnica                              | P:-   B:-   L:-   M:-  
2026-09-10 08:55:38 | NOT_FOUND  | TMDB_NO_MA | Rycząca otchłań                          | Rycząca otchłań                          | P:-   B:-   L:-   M:-  
2026-09-10 08:55:38 | NOT_FOUND  | TMDB_NO_MA | Sherlock Holmes i tajny szyfr            | Sherlock Holmes i tajny szyfr            | P:-   B:-   L:-   M:-  
2026-09-10 08:55:38 | NOT_FOUND  | TMDB_NO_MA | Abbott i Costello - afrykańska przygoda  | Abbott i Costello - afrykańska przygoda  | P:-   B:-   L:-   M:-  
2026-09-10 08:55:38 | NOT_FOUND  | TMDB_NO_MA | Buster się żeni                          | Buster się żeni                          | P:-   B:-   L:-   M:-  
2026-09-10 08:55:40 | NOT_FOUND  | TMDB_NO_MA | Kości: odc.22                            | Kości                                    | P:-   B:-   L:-   M:-  
2026-09-10 08:55:41 | NOT_FOUND  | TMDB_NO_MA | Współczesna rodzina 10: odc.7            | Współczesna rodzina                      | P:-   B:-   L:-   M:-  
2026-09-10 08:55:42 | NOT_FOUND  | TMDB_NO_MA | Diabli nadali 3 (odc. 24)                | Diabli nadali                            | P:-   B:-   L:-   M:-  
2026-09-10 08:55:43 | NOT_FOUND  | TMDB_NO_MA | Dwóch i pół 2: odc.3                     | Dwóch i pół                              | P:-   B:-   L:-   M:-  
2026-09-10 08:56:18 | NOT_FOUND  | TMDB_NO_MA | Kabaretowy szał: Kabaret Czesuaf: odc.19 | Kabaretowy szał: Kabaret Czesuaf         | P:-   B:-   L:-   M:-  
2026-09-10 08:56:24 | NOT_FOUND  | TMDB_NO_MA | Kobra - oddział specjalny 24: odc.4      | Kobra - oddział specjalny                | P:-   B:-   L:-   M:-  
2026-09-10 08:56:34 | NOT_FOUND  | TMDB_NO_MA | Nadzieja                                 | Nadzieja                                 | P:-   B:-   L:-   M:-  
2026-09-10 08:56:37 | NOT_FOUND  | TMDB_NO_MA | Malanowski i partnerzy: odc.430          | Malanowski i partnerzy                   | P:-   B:-   L:-   M:-  
2026-09-10 08:56:52 | NOT_FOUND  | TMDB_NO_MA | Oszukane 1 (odc. 5)                      | Oszukane                                 | P:-   B:-   L:-   M:-  
2026-09-10 08:56:54 | NOT_FOUND  | TMDB_NO_MA | Dorwać tuńczyka: odc.5                   | Dorwać tuńczyka                          | P:-   B:-   L:-   M:-  
2026-09-10 08:56:54 | NOT_FOUND  | TMDB_NO_MA | Wojny kontenerowe 1 (odc. 15)            | Wojny kontenerowe                        | P:-   B:-   L:-   M:-  
2026-09-10 08:56:59 | NOT_FOUND  | TMDB_NO_MA | Zaklinaczka duchów 5: odc.88             | Zaklinaczka duchów                       | P:-   B:-   L:-   M:-  
2026-09-10 08:57:02 | NOT_FOUND  | TMDB_NO_MA | Tomek i przyjaciele: Naprzód lokomotywy! | Tomek i przyjaciele: Naprzód lokomotywy! | P:-   B:-   L:-   M:-  
2026-09-10 08:57:06 | NOT_FOUND  | TMDB_NO_MA | Na sygnale: Detoks                       | Na sygnale: Detoks                       | P:-   B:-   L:-   M:-  
2026-09-10 08:57:06 | NOT_FOUND  | TMDB_NO_MA | Na sygnale: Ustawka                      | Na sygnale: Ustawka                      | P:-   B:-   L:-   M:-  
2026-09-10 08:57:08 | NOT_FOUND  | TMDB_NO_MA | Pełnia wiary                             | Pełnia wiary                             | P:-   B:-   L:-   M:-  
2026-09-10 08:57:09 | NOT_FOUND  | TMDB_NO_MA | Panna młoda: odc.193                     | Panna młoda                              | P:-   B:-   L:-   M:-  
2026-09-10 08:57:12 | NOT_FOUND  | TMDB_NO_MA | Gość poranka                             | Gość poranka                             | P:-   B:-   L:-   M:-  
2026-09-10 08:57:12 | NOT_FOUND  | TMDB_NO_MA | Kryminalna siódemka                      | Kryminalna siódemka                      | P:-   B:-   L:-   M:-  
2026-09-10 08:57:12 | NOT_FOUND  | TMDB_NO_MA | Wykrywacz kłamstw                        | Wykrywacz kłamstw                        | P:-   B:-   L:-   M:-  
2026-09-10 08:57:12 | NOT_FOUND  | TMDB_NO_MA | Całkiem niezła historia: Powrót do domu  | Całkiem niezła historia: Powrót do domu  | P:-   B:-   L:-   M:-  
2026-09-10 08:57:23 | NOT_FOUND  | ELCIN_NO_M | Jedzenie ma znaczenie: odc.26            | Jedzenie ma znaczenie                    | P:-   B:-   L:-   M:-  
2026-09-10 08:57:24 | NOT_FOUND  | TMDB_NO_MA | Fani czterech kółek 18: odc.4            | Fani czterech kółek                      | P:-   B:-   L:-   M:-  
2026-09-10 08:57:28 | NOT_FOUND  | TMDB_NO_MA | Forum                                    | Forum                                    | P:-   B:-   L:-   M:-  
2026-09-10 08:57:29 | NOT_FOUND  | TMDB_NO_MA | 3 auf zwei                               | 3 auf zwei                               | P:-   B:-   L:-   M:-  
2026-09-10 08:57:29 | NOT_FOUND  | TMDB_NO_MA | Tagesschau vor 20 Jahren                 | Tagesschau vor 20 Jahren                 | P:-   B:-   L:-   M:-  
2026-09-10 08:57:31 | NOT_FOUND  | TMDB_NO_MA | Bienvenue chez les Mouche                | Bienvenue chez les Mouche                | P:-   B:-   L:-   M:-  
2026-09-10 08:57:31 | NOT_FOUND  | TMDB_NO_MA | Les Hamsters de Hamsterdale              | Les Hamsters de Hamsterdale              | P:-   B:-   L:-   M:-  
2026-09-10 08:57:31 | NOT_FOUND  | ELCIN_NO_M | SRF bi de Lüt                            | SRF bi de Lüt                            | P:-   B:-   L:-   M:-  
2026-09-10 08:57:35 | NOT_FOUND  | TMDB_NO_MA | L'uomo di casa - Team Baxter             | L'uomo di casa - Team Baxter             | P:-   B:-   L:-   M:-  
2026-09-10 08:57:35 | NOT_FOUND  | TMDB_NO_MA | Guardia Costiera - I due rivali          | Guardia Costiera - I due rivali          | P:-   B:-   L:-   M:-  
2026-09-10 08:57:35 | NOT_FOUND  | TMDB_NO_MA | Mezz'ora per voi                         | Mezz'ora per voi                         | P:-   B:-   L:-   M:-  
2026-09-10 08:57:35 | NOT_FOUND  | TMDB_NO_MA | L'uomo di casa - Segreti di famiglia     | L'uomo di casa - Segreti di famiglia     | P:-   B:-   L:-   M:-  
2026-09-10 08:57:35 | NOT_FOUND  | TMDB_NO_MA | La grande prateria                       | La grande prateria                       | P:-   B:-   L:-   M:-  
2026-09-10 08:57:36 | NOT_FOUND  | TMDB_NO_MA | Setteventi in TV                         | Setteventi in TV                         | P:-   B:-   L:-   M:-  
2026-09-10 08:57:36 | NOT_FOUND  | TMDB_NO_MA | Radiogiornale                            | Radiogiornale                            | P:-   B:-   L:-   M:-  
2026-09-10 08:57:36 | NOT_FOUND  | TMDB_NO_MA | Modem                                    | Modem                                    | P:-   B:-   L:-   M:-  
2026-09-10 08:57:36 | NOT_FOUND  | TMDB_NO_MA | Millevoci in TV                          | Millevoci in TV                          | P:-   B:-   L:-   M:-  
2026-09-10 08:57:36 | NOT_FOUND  | TMDB_NO_MA | Casa Svizzera                            | Casa Svizzera                            | P:-   B:-   L:-   M:-  
2026-09-10 08:57:38 | NOT_FOUND  | TMDB_NO_MA | Le 8-9                                   | Le 8-9                                   | P:-   B:-   L:-   M:-  
2026-09-10 08:57:41 | NOT_FOUND  | TMDB_NO_MA | Quoi ? Quand ? Où ?                      | Quoi? Quand? Où?                         | P:-   B:-   L:-   M:-  
2026-09-10 08:57:41 | NOT_FOUND  | TMDB_NO_MA | Le Clan Delon - L'impossible héritage    | Le Clan Delon - L'impossible héritage    | P:-   B:-   L:-   M:-  
2026-09-10 08:57:48 | NOT_FOUND  | TMDB_NO_MA | Dans les coulisses de "Vigilante"        | Dans les coulisses de "Vigilante"        | P:-   B:-   L:-   M:-  
2026-09-10 08:57:48 | NOT_FOUND  | TMDB_NO_MA | Coûte que coûte, c'est notre argent      | Coûte que coûte, c'est notre argent      | P:-   B:-   L:-   M:-  
2026-09-10 08:57:56 | NOT_FOUND  | TMDB_NO_MA | Dans votre canap' VIP                    | Dans votre canap' VIP                    | P:-   B:-   L:-   M:-  
2026-09-10 08:58:09 | NOT_FOUND  | TMDB_NO_MA | Dr. House - Medical division             | Dr. House - Medical division             | P:-   B:-   L:-   M:-  
2026-09-10 08:58:11 | NOT_FOUND  | TMDB_NO_MA | Segreti di famiglia                      | Segreti di famiglia                      | P:-   B:-   L:-   M:-  
2026-09-10 08:58:11 | NOT_FOUND  | TMDB_NO_MA | Ore 11                                   | Ore 11                                   | P:-   B:-   L:-   M:-  
2026-09-10 08:58:13 | NOT_FOUND  | TMDB_NO_MA | Traffico                                 | Traffico                                 | P:-   B:-   L:-   M:-  
2026-09-10 08:58:19 | NOT_FOUND  | TMDB_NO_MA | Porta a Porta                            | Porta a Porta                            | P:-   B:-   L:-   M:-  
2026-09-10 08:58:21 | NOT_FOUND  | TMDB_NO_MA | Squadra Speciale Colonia - Indifeso      | Squadra Speciale Colonia - Indifeso      | P:-   B:-   L:-   M:-  
2026-09-10 08:58:21 | NOT_FOUND  | TMDB_NO_MA | Fiamme fatali                            | Fiamme fatali                            | P:-   B:-   L:-   M:-  
2026-09-10 08:58:21 | NOT_FOUND  | TMDB_NO_MA | La morte corre in rete                   | La morte corre in rete                   | P:-   B:-   L:-   M:-  
2026-09-10 08:58:21 | NOT_FOUND  | TMDB_NO_MA | RaiNews24                                | RaiNews24                                | P:-   B:-   L:-   M:-  
2026-09-10 08:58:32 | NOT_FOUND  | TMDB_NO_MA | Spider-Man: Far From Home                | Spider-Man: Far From Home                | P:-   B:-   L:-   M:-  
2026-09-10 08:58:32 | NOT_FOUND  | TMDB_NO_MA | Chief Of Station                         | Chief Of Station                         | P:-   B:-   L:-   M:-  
2026-09-10 08:58:43 | NOT_FOUND  | TMDB_NO_MA | The Hummingbird Project                  | The Hummingbird Project                  | P:-   B:-   L:-   M:-  
2026-09-10 08:58:43 | NOT_FOUND  | TMDB_NO_MA | The Life Of Chuck                        | The Life Of Chuck                        | P:-   B:-   L:-   M:-  
2026-09-10 08:58:43 | NOT_FOUND  | TMDB_NO_MA | The Room Next Door                       | The Room Next Door                       | P:-   B:-   L:-   M:-  
2026-09-10 08:58:44 | NOT_FOUND  | TMDB_NO_MA | The Smashing Machine                     | The Smashing Machine                     | P:-   B:-   L:-   M:-  
2026-09-10 08:58:47 | NOT_FOUND  | TMDB_NO_MA | The Underdoggs                           | The Underdoggs                           | P:-   B:-   L:-   M:-  
2026-09-10 08:58:47 | NOT_FOUND  | TMDB_NO_MA | Skiptrace                                | Skiptrace                                | P:-   B:-   L:-   M:-  
2026-09-10 08:58:49 | NOT_FOUND  | TMDB_NO_MA | Red Eye - 2                              | Red Eye - 2                              | P:-   B:-   L:-   M:-  
2026-09-10 08:58:49 | NOT_FOUND  | TMDB_NO_MA | Broken Spies - 1                         | Broken Spies - 1                         | P:-   B:-   L:-   M:-  
2026-09-10 08:59:02 | NOT_FOUND  | TMDB_NO_MA | Mazal Hatula                             | Mazal Hatula                             | P:-   B:-   L:-   M:-  
2026-09-10 08:59:02 | NOT_FOUND  | TMDB_NO_MA | Abba Ganuv 3                             | Abba Ganuv 3                             | P:-   B:-   L:-   M:-  
2026-09-10 08:59:02 | NOT_FOUND  | TMDB_NO_MA | Midnight Entertainer                     | Midnight Entertainer                     | P:-   B:-   L:-   M:-  
2026-09-10 08:59:02 | NOT_FOUND  | TMDB_NO_MA | Tzanani Family                           | Tzanani Family                           | P:-   B:-   L:-   M:-  
2026-09-10 08:59:02 | NOT_FOUND  | TMDB_NO_MA | The World is Funny                       | The World is Funny                       | P:-   B:-   L:-   M:-  
2026-09-10 08:59:04 | NOT_FOUND  | TMDB_NO_MA | Beyond The Hill - Ep. 26                 | Beyond The Hill                          | P:-   B:-   L:-   M:-  
2026-09-10 08:59:04 | NOT_FOUND  | TMDB_NO_MA | Blooming Lady 3 - Ep. 189                | Blooming Lady                            | P:-   B:-   L:-   M:-  
2026-09-10 08:59:06 | NOT_FOUND  | TMDB_NO_MA | Take My Hand - Ep. 25                    | Take My Hand                             | P:-   B:-   L:-   M:-  
2026-09-10 08:59:06 | NOT_FOUND  | TMDB_NO_MA | Waves of Love - Ep. 11                   | Waves of Love                            | P:-   B:-   L:-   M:-  
2026-09-10 08:59:06 | NOT_FOUND  | TMDB_NO_MA | Little Big Heart - Ep. 22                | Little Big Heart                         | P:-   B:-   L:-   M:-  
2026-09-10 08:59:26 | NOT_FOUND  | TMDB_NO_MA | Grand Hotel - All Secrets Stay Here - Ep | Grand Hotel - All Secrets Stay Here - Ep | P:-   B:-   L:-   M:-  
2026-09-10 08:59:40 | NOT_FOUND  | TMDB_NO_MA | Një zgjim i lavdishëm                    | Një zgjim i lavdishëm                    | P:-   B:-   L:-   M:-  
2026-09-10 08:59:40 | NOT_FOUND  | TMDB_NO_MA | Agjenti 007: Bota nuk mjafton            | Agjenti 007: Bota nuk mjafton            | P:-   B:-   L:-   M:-  
2026-09-10 08:59:40 | NOT_FOUND  | TMDB_NO_MA | Ndarja                                   | Ndarja                                   | P:-   B:-   L:-   M:-  
2026-09-10 08:59:40 | NOT_FOUND  | TMDB_NO_MA | Ikje nga biblioteka e z.Limonçelo        | Ikje nga biblioteka e z.Limonçelo        | P:-   B:-   L:-   M:-  
2026-09-10 08:59:40 | NOT_FOUND  | TMDB_NO_MA | Rojtarët e Galaktikës 3                  | Rojtarët e Galaktikës 3                  | P:-   B:-   L:-   M:-  
2026-09-10 08:59:43 | NOT_FOUND  | TMDB_NO_MA | Të Bukura dhe Vdekjeprurëse              | Të Bukura dhe Vdekjeprurëse              | P:-   B:-   L:-   M:-  
2026-09-10 08:59:43 | NOT_FOUND  | TMDB_NO_MA | Mbi trupin tënd                          | Mbi trupin tënd                          | P:-   B:-   L:-   M:-  
2026-09-10 08:59:43 | NOT_FOUND  | TMDB_NO_MA | Ti, Unë dhe Toskana                      | Ti, Unë dhe Toskana                      | P:-   B:-   L:-   M:-  
2026-09-10 08:59:43 | NOT_FOUND  | TMDB_NO_MA | Majk, Nik, Nik dhe Elis                  | Majk, Nik, Nik dhe Elis                  | P:-   B:-   L:-   M:-  
2026-09-10 08:59:45 | NOT_FOUND  | TMDB_NO_MA | Merr dhe lër                             | Merr dhe lër                             | P:-   B:-   L:-   M:-  
2026-09-10 08:59:45 | NOT_FOUND  | TMDB_NO_MA | Mbreti Majmun 2                          | Mbreti Majmun 2                          | P:-   B:-   L:-   M:-  
2026-09-10 08:59:45 | NOT_FOUND  | TMDB_NO_MA | Intuita                                  | Intuita                                  | P:-   B:-   L:-   M:-  
2026-09-10 08:59:45 | NOT_FOUND  | TMDB_NO_MA | Dublantja e nuses                        | Dublantja e nuses                        | P:-   B:-   L:-   M:-  
2026-09-10 08:59:46 | NOT_FOUND  | TMDB_NO_MA | Drakula: Historia e patreguar            | Drakula: Historia e patreguar            | P:-   B:-   L:-   M:-  
2026-09-10 08:59:49 | NOT_FOUND  | TMDB_NO_MA | Dy metra larg teje                       | Dy metra larg teje                       | P:-   B:-   L:-   M:-  
2026-09-10 08:59:49 | NOT_FOUND  | TMDB_NO_MA | Mufasa: Mbreti Luan                      | Mufasa: Mbreti Luan                      | P:-   B:-   L:-   M:-  
2026-09-10 08:59:49 | NOT_FOUND  | TMDB_NO_MA | Sirena e Vogël                           | Sirena e Vogël                           | P:-   B:-   L:-   M:-  
2026-09-10 08:59:49 | NOT_FOUND  | TMDB_NO_MA | Një polic në Beverly Hills: Aksel F      | Një polic në Beverly Hills: Aksel F      | P:-   B:-   L:-   M:-  
2026-09-10 08:59:49 | NOT_FOUND  | TMDB_NO_MA | Enola Holms                              | Enola Holms                              | P:-   B:-   L:-   M:-  
2026-09-10 08:59:51 | NOT_FOUND  | TMDB_NO_MA | Përmes perëndimit - pjesa e katërt       | Përmes perëndimit - pjesa e katërt       | P:-   B:-   L:-   M:-  
2026-09-10 08:59:51 | NOT_FOUND  | TMDB_NO_MA | Shumë vështirë për të vrarë              | Shumë vështirë për të vrarë              | P:-   B:-   L:-   M:-  
2026-09-10 08:59:51 | NOT_FOUND  | TMDB_NO_MA | Renegatët e Beitaunit                    | Renegatët e Beitaunit                    | P:-   B:-   L:-   M:-  
2026-09-10 08:59:51 | NOT_FOUND  | TMDB_NO_MA | Zemërdragoi                              | Zemërdragoi                              | P:-   B:-   L:-   M:-  
2026-09-10 08:59:51 | NOT_FOUND  | TMDB_NO_MA | Tri mbretëritë                           | Tri mbretëritë                           | P:-   B:-   L:-   M:-  
2026-09-10 08:59:52 | NOT_FOUND  | TMDB_NO_MA | Toka e premtuar                          | Toka e premtuar                          | P:-   B:-   L:-   M:-  
2026-09-10 08:59:52 | NOT_FOUND  | TMDB_NO_MA | Katër martesa dhe një funeral            | Katër martesa dhe një funeral            | P:-   B:-   L:-   M:-  
2026-09-10 08:59:52 | NOT_FOUND  | TMDB_NO_MA | Zhizhi                                   | Zhizhi                                   | P:-   B:-   L:-   M:-  
2026-09-10 08:59:52 | NOT_FOUND  | TMDB_NO_MA | Diell dhe portokalle                     | Diell dhe portokalle                     | P:-   B:-   L:-   M:-  
2026-09-10 08:59:52 | NOT_FOUND  | TMDB_NO_MA | Zhelani milioner                         | Zhelani milioner                         | P:-   B:-   L:-   M:-  
2026-09-10 08:59:53 | NOT_FOUND  | TMDB_NO_MA | Një dasmë paranormale                    | Një dasmë paranormale                    | P:-   B:-   L:-   M:-  
2026-09-10 08:59:53 | NOT_FOUND  | TMDB_NO_MA | E paplotësuar                            | E paplotësuar                            | P:-   B:-   L:-   M:-  
2026-09-10 08:59:53 | NOT_FOUND  | TMDB_NO_MA | Këshilltarja e dashurisë                 | Këshilltarja e dashurisë                 | P:-   B:-   L:-   M:-  
2026-09-10 08:59:53 | NOT_FOUND  | TMDB_NO_MA | Klubi i grave të para                    | Klubi i grave të para                    | P:-   B:-   L:-   M:-  
2026-09-10 08:59:53 | NOT_FOUND  | TMDB_NO_MA | Një fundjavë pa internet                 | Një fundjavë pa internet                 | P:-   B:-   L:-   M:-  
2026-09-10 08:59:54 | NOT_FOUND  | TMDB_NO_MA | Mendje vdekjeprurëse                     | Mendje vdekjeprurëse                     | P:-   B:-   L:-   M:-  
2026-09-10 08:59:54 | NOT_FOUND  | TMDB_NO_MA | Robër të dimrit                          | Robër të dimrit                          | P:-   B:-   L:-   M:-  
2026-09-10 08:59:54 | NOT_FOUND  | TMDB_NO_MA | Sakrifica                                | Sakrifica                                | P:-   B:-   L:-   M:-  
2026-09-10 08:59:54 | NOT_FOUND  | TMDB_NO_MA | I humbur                                 | I humbur                                 | P:-   B:-   L:-   M:-  
2026-09-10 08:59:54 | NOT_FOUND  | TMDB_NO_MA | Xhesi Stoun 4 - Terren i rrezikshëm      | Xhesi Stoun                              | P:-   B:-   L:-   M:-  
2026-09-10 08:59:55 | NOT_FOUND  | TMDB_NO_MA | Gëzuar Vitin e Ri                        | Gëzuar Vitin e Ri                        | P:-   B:-   L:-   M:-  
2026-09-10 08:59:55 | NOT_FOUND  | TMDB_NO_MA | Në vend të luleve                        | Në vend të luleve                        | P:-   B:-   L:-   M:-  
2026-09-10 08:59:55 | NOT_FOUND  | TMDB_NO_MA | Udhëtimi i pakohë                        | Udhëtimi i pakohë                        | P:-   B:-   L:-   M:-  
2026-09-10 08:59:55 | NOT_FOUND  | TMDB_NO_MA | Rekordi                                  | Rekordi                                  | P:-   B:-   L:-   M:-  
2026-09-10 08:59:55 | NOT_FOUND  | TMDB_NO_MA | Dita ime e fundit pa ty                  | Dita ime e fundit pa ty                  | P:-   B:-   L:-   M:-  
2026-09-10 08:59:56 | NOT_FOUND  | TMDB_NO_MA | Po kthehem në shtëpi                     | Po kthehem në shtëpi                     | P:-   B:-   L:-   M:-  
2026-09-10 08:59:56 | NOT_FOUND  | TMDB_NO_MA | Këngë për Marionën                       | Këngë për Marionën                       | P:-   B:-   L:-   M:-  
2026-09-10 08:59:56 | NOT_FOUND  | TMDB_NO_MA | Koncerti                                 | Koncerti                                 | P:-   B:-   L:-   M:-  
2026-09-10 08:59:56 | NOT_FOUND  | TMDB_NO_MA | S'duam fëmijë                            | S'duam fëmijë                            | P:-   B:-   L:-   M:-  
2026-09-10 08:59:56 | NOT_FOUND  | TMDB_NO_MA | Udhëtimi i fundit                        | Udhëtimi i fundit                        | P:-   B:-   L:-   M:-  
2026-09-10 08:59:58 | NOT_FOUND  | TMDB_NO_MA | Perandoria                               | Perandoria                               | P:-   B:-   L:-   M:-  
2026-09-10 09:00:00 | NOT_FOUND  | TMDB_NO_MA | Fisi i faunës 13                         | Fisi i faunës 13                         | P:-   B:-   L:-   M:-  
2026-09-10 09:00:00 | NOT_FOUND  | TMDB_NO_MA | Fisi i faunës 14                         | Fisi i faunës 14                         | P:-   B:-   L:-   M:-  
2026-09-10 09:00:00 | NOT_FOUND  | TMDB_NO_MA | Dita e parë e emërimit                   | Dita e parë e emërimit                   | P:-   B:-   L:-   M:-  
2026-09-10 09:00:00 | NOT_FOUND  | TMDB_NO_MA | ABC...ZH                                 | ABC...ZH                                 | P:-   B:-   L:-   M:-  
2026-09-10 09:00:00 | NOT_FOUND  | TMDB_NO_MA | Cuca e maleve                            | Cuca e maleve                            | P:-   B:-   L:-   M:-  
2026-09-10 09:00:02 | NOT_FOUND  | TMDB_NO_MA | Zjarr TV                                 | Zjarr TV                                 | P:-   B:-   L:-   M:-  
2026-09-10 09:00:04 | NOT_FOUND  | TMDB_NO_MA | Princezna Nevěsta                        | Princezna Nevěsta                        | P:-   B:-   L:-   M:-  
2026-09-10 09:00:04 | NOT_FOUND  | TMDB_NO_MA | Operace Valkýra                          | Operace Valkýra                          | P:-   B:-   L:-   M:-  
2026-09-10 09:00:04 | NOT_FOUND  | TMDB_NO_MA | Pán Domu                                 | Pán Domu                                 | P:-   B:-   L:-   M:-  
2026-09-10 09:00:26 | NOT_FOUND  | TMDB_NO_MA | Knjižničar 2: Potraga za blagom kralja S | Knjižničar 2: Potraga za blagom kralja S | P:-   B:-   L:-   M:-  
2026-09-10 09:00:26 | NOT_FOUND  | TMDB_NO_MA | Plava laguna, film                       | Plava laguna                             | P:-   B:-   L:-   M:-  
2026-09-10 09:00:26 | NOT_FOUND  | TMDB_NO_MA | Gola istina, film                        | Gola istina                              | P:-   B:-   L:-   M:-  
2026-09-10 09:00:26 | NOT_FOUND  | TMDB_NO_MA | Muškarac u kući, film                    | Muškarac u kući                          | P:-   B:-   L:-   M:-  
2026-09-10 09:00:29 | NOT_FOUND  | TMDB_NO_MA | Harry Potter a Princ dvojí krve          | Harry Potter a Princ dvojí krve          | P:-   B:-   L:-   M:-  
2026-09-10 09:00:29 | NOT_FOUND  | TMDB_NO_MA | P.S. Miluji Tě                           | P.S. Miluji Tě                           | P:-   B:-   L:-   M:-  
2026-09-10 09:00:29 | NOT_FOUND  | TMDB_NO_MA | Když se zamiluje mrzout                  | Když se zamiluje mrzout                  | P:-   B:-   L:-   M:-  
2026-09-10 09:00:29 | NOT_FOUND  | TMDB_NO_MA | Jak mi Jane Austenová zničila život      | Jak mi Jane Austenová zničila život      | P:-   B:-   L:-   M:-  
2026-09-10 09:00:29 | NOT_FOUND  | TMDB_NO_MA | Bouřlivé výšiny                          | Bouřlivé výšiny                          | P:-   B:-   L:-   M:-  
2026-09-10 09:00:31 | NOT_FOUND  | TMDB_NO_MA | Velká ryba                               | Velká ryba                               | P:-   B:-   L:-   M:-  
2026-09-10 09:00:31 | NOT_FOUND  | TMDB_NO_MA | Šťastný a veselý Madagaskar              | Šťastný a veselý Madagaskar              | P:-   B:-   L:-   M:-  
2026-09-10 09:00:31 | NOT_FOUND  | TMDB_NO_MA | Kohout (10)                              | Kohout (10)                              | P:-   B:-   L:-   M:-  
2026-09-10 09:00:31 | NOT_FOUND  | TMDB_NO_MA | Malé ženy                                | Malé ženy                                | P:-   B:-   L:-   M:-  
2026-09-10 09:00:34 | NOT_FOUND  | TMDB_NO_MA | Foťák                                    | Foťák                                    | P:-   B:-   L:-   M:-  
2026-09-10 09:00:35 | NOT_FOUND  | TMDB_NO_MA | Psí domov                                | Psí domov                                | P:-   B:-   L:-   M:-  
2026-09-10 09:00:36 | NOT_FOUND  | TMDB_NO_MA | Učitelj koji je obećao more, film        | Učitelj koji je obećao more              | P:-   B:-   L:-   M:-  
2026-09-10 09:00:37 | NOT_FOUND  | TMDB_NO_MA | Transformeri 2, film                     | Transformeri 2                           | P:-   B:-   L:-   M:-  
2026-09-10 09:00:37 | NOT_FOUND  | TMDB_NO_MA | Moje mjesto je ovdje, film               | Moje mjesto je ovdje                     | P:-   B:-   L:-   M:-  
2026-09-10 09:00:37 | NOT_FOUND  | TMDB_NO_MA | San o bijelom konju, film                | San o bijelom konju                      | P:-   B:-   L:-   M:-  
2026-09-10 09:00:39 | NOT_FOUND  | TMDB_NO_MA | Zabití mongolského koně                  | Zabití mongolského koně                  | P:-   B:-   L:-   M:-  
2026-09-10 09:00:39 | NOT_FOUND  | TMDB_NO_MA | Transformers: Pomsta poražených          | Transformers: Pomsta poražených          | P:-   B:-   L:-   M:-  
2026-09-10 09:00:39 | NOT_FOUND  | TMDB_NO_MA | Mráček                                   | Mráček                                   | P:-   B:-   L:-   M:-  
2026-09-10 09:00:39 | NOT_FOUND  | TMDB_NO_MA | Učitel, který sliboval moře              | Učitel, který sliboval moře              | P:-   B:-   L:-   M:-  
2026-09-10 09:00:39 | NOT_FOUND  | TMDB_NO_MA | Mé místo je tady                         | Mé místo je tady                         | P:-   B:-   L:-   M:-  
2026-09-10 09:00:41 | NOT_FOUND  | TMDB_NO_MA | Putovi vjetra, film                      | Putovi vjetra                            | P:-   B:-   L:-   M:-  
2026-09-10 09:00:41 | NOT_FOUND  | TMDB_NO_MA | Made in EU, film                         | Made in EU                               | P:-   B:-   L:-   M:-  
2026-09-10 09:00:41 | NOT_FOUND  | TMDB_NO_MA | Dva metra iznad zemlje, film             | Dva metra iznad zemlje                   | P:-   B:-   L:-   M:-  
2026-09-10 09:00:41 | NOT_FOUND  | TMDB_NO_MA | Samo nekoliko dana, film                 | Samo nekoliko dana                       | P:-   B:-   L:-   M:-  
2026-09-10 09:00:45 | NOT_FOUND  | TMDB_NO_MA | Cesty větru                              | Cesty větru                              | P:-   B:-   L:-   M:-  
2026-09-10 09:00:45 | NOT_FOUND  | TMDB_NO_MA | Dva metry nad zemí                       | Dva metry nad zemí                       | P:-   B:-   L:-   M:-  
2026-09-10 09:00:45 | NOT_FOUND  | TMDB_NO_MA | Jen na pár dní                           | Jen na pár dní                           | P:-   B:-   L:-   M:-  
2026-09-10 09:00:48 | NOT_FOUND  | TMDB_NO_MA | Aleluja! film                            | Aleluja! film                            | P:-   B:-   L:-   M:-  
2026-09-10 09:00:48 | NOT_FOUND  | TMDB_NO_MA | Sushi na meksički način, film            | Sushi na meksički način                  | P:-   B:-   L:-   M:-  
2026-09-10 09:00:48 | NOT_FOUND  | TMDB_NO_MA | Direktori na cesti, film                 | Direktori na cesti                       | P:-   B:-   L:-   M:-  
2026-09-10 09:00:48 | NOT_FOUND  | TMDB_NO_MA | Na krilima časti, film                   | Na krilima časti                         | P:-   B:-   L:-   M:-  
2026-09-10 09:00:48 | NOT_FOUND  | TMDB_NO_MA | Luda lova, film                          | Luda lova                                | P:-   B:-   L:-   M:-  
2026-09-10 09:00:50 | NOT_FOUND  | TMDB_NO_MA | Obitelj bez kočnica, film                | Obitelj bez kočnica                      | P:-   B:-   L:-   M:-  
2026-09-10 09:00:50 | NOT_FOUND  | TMDB_NO_MA | Sjaj, film                               | Sjaj                                     | P:-   B:-   L:-   M:-  
2026-09-10 09:00:50 | NOT_FOUND  | TMDB_NO_MA | Ona je tako zabavna, film                | Ona je tako zabavna                      | P:-   B:-   L:-   M:-  
2026-09-10 09:00:50 | NOT_FOUND  | TMDB_NO_MA | Tajne petog staleža, film                | Tajne petog staleža                      | P:-   B:-   L:-   M:-  
2026-09-10 09:00:53 | NOT_FOUND  | TMDB_NO_MA | Taksi 5, film                            | Taksi 5                                  | P:-   B:-   L:-   M:-  
2026-09-10 09:00:53 | NOT_FOUND  | TMDB_NO_MA | Duh u oklopu, film                       | Duh u oklopu                             | P:-   B:-   L:-   M:-  
2026-09-10 09:00:53 | NOT_FOUND  | TMDB_NO_MA | Vremenski policajac, film                | Vremenski policajac                      | P:-   B:-   L:-   M:-  
2026-09-10 09:00:53 | NOT_FOUND  | TMDB_NO_MA | Otkrila sam špijuna, film                | Otkrila sam špijuna                      | P:-   B:-   L:-   M:-  
2026-09-10 09:00:56 | NOT_FOUND  | TMDB_NO_MA | Vlak za Busan, film                      | Vlak za Busan                            | P:-   B:-   L:-   M:-  
2026-09-10 09:00:56 | NOT_FOUND  | TMDB_NO_MA | Vlak za Busan: Zona zombija, film        | Vlak za Busan: Zona zombija              | P:-   B:-   L:-   M:-  
2026-09-10 09:00:56 | NOT_FOUND  | TMDB_NO_MA | Duhovi, ep. 7. serija                    | Duhovi                                   | P:-   B:-   L:-   M:-  
2026-09-10 09:01:03 | NOT_FOUND  | TMDB_NO_MA | Izgubljen u Londonu, film                | Izgubljen u Londonu                      | P:-   B:-   L:-   M:-  
2026-09-10 09:01:03 | NOT_FOUND  | TMDB_NO_MA | Spark: Svemirska pustolovina, film       | Spark: Svemirska pustolovina             | P:-   B:-   L:-   M:-  
2026-09-10 09:01:03 | NOT_FOUND  | TMDB_NO_MA | Muke s palcem, film                      | Muke s palcem                            | P:-   B:-   L:-   M:-  
2026-09-10 09:01:03 | NOT_FOUND  | TMDB_NO_MA | Frendice u istini i laži, film           | Frendice u istini i laži                 | P:-   B:-   L:-   M:-  
2026-09-10 09:01:04 | NOT_FOUND  | TMDB_NO_MA | Nauč sa milovať                          | Nauč sa milovať                          | P:-   B:-   L:-   M:-  
2026-09-10 09:01:04 | NOT_FOUND  | TMDB_NO_MA | Panda a ja                               | Panda a ja                               | P:-   B:-   L:-   M:-  
2026-09-10 09:01:04 | NOT_FOUND  | TMDB_NO_MA | Mack & Rita                              | Mack& Rita                               | P:-   B:-   L:-   M:-  
2026-09-10 09:01:04 | NOT_FOUND  | TMDB_NO_MA | Skutočné vraždy: Vraždy podľa predlohy   | Skutočné vraždy: Vraždy podľa predlohy   | P:-   B:-   L:-   M:-  
2026-09-10 09:01:05 | NOT_FOUND  | TMDB_NO_MA | Nerozlučná dvojka                        | Nerozlučná dvojka                        | P:-   B:-   L:-   M:-  
2026-09-10 09:01:06 | NOT_FOUND  | TMDB_NO_MA | Priča o tri sestre, film                 | Priča o tri sestre                       | P:-   B:-   L:-   M:-  
2026-09-10 09:01:06 | NOT_FOUND  | TMDB_NO_MA | Prljavi zadatak, film                    | Prljavi zadatak                          | P:-   B:-   L:-   M:-  
2026-09-10 09:01:06 | NOT_FOUND  | TMDB_NO_MA | Gospođa Bovary, film                     | Gospođa Bovary                           | P:-   B:-   L:-   M:-  
2026-09-10 09:01:06 | NOT_FOUND  | TMDB_NO_MA | Pucali su na pijanista, film             | Pucali su na pijanista                   | P:-   B:-   L:-   M:-  
2026-09-10 09:01:07 | NOT_FOUND  | TMDB_NO_MA | Potpuna sloboda, film                    | Potpuna sloboda                          | P:-   B:-   L:-   M:-  
2026-09-10 09:01:08 | NOT_FOUND  | TMDB_NO_MA | Oblačno s ćuftama, film                  | Oblačno s ćuftama                        | P:-   B:-   L:-   M:-  
2026-09-10 09:01:08 | NOT_FOUND  | TMDB_NO_MA | Dečki mog života, film                   | Dečki mog života                         | P:-   B:-   L:-   M:-  
2026-09-10 09:01:08 | NOT_FOUND  | TMDB_NO_MA | Opsjednuta, film                         | Opsjednuta                               | P:-   B:-   L:-   M:-  
2026-09-10 09:01:08 | NOT_FOUND  | TMDB_NO_MA | Djevojka s bisernom naušnicom, film      | Djevojka s bisernom naušnicom            | P:-   B:-   L:-   M:-  
2026-09-10 09:01:08 | NOT_FOUND  | TMDB_NO_MA | Samo je jedan Jimmy Grimble, film        | Samo je jedan Jimmy Grimble              | P:-   B:-   L:-   M:-  
2026-09-10 09:01:14 | NOT_FOUND  | TMDB_NO_MA | Alvin dhe fytyrëketrushët                | Alvin dhe fytyrëketrushët                | P:-   B:-   L:-   M:-  
2026-09-10 09:01:14 | NOT_FOUND  | TMDB_NO_MA | Unë e dua gruan                          | Unë e dua gruan                          | P:-   B:-   L:-   M:-  
2026-09-10 09:01:14 | NOT_FOUND  | TMDB_NO_MA | Shkatërrimi                              | Shkatërrimi                              | P:-   B:-   L:-   M:-  
2026-09-10 09:01:14 | NOT_FOUND  | TMDB_NO_MA | My Own love song                         | My Own love song                         | P:-   B:-   L:-   M:-  
2026-09-10 09:01:14 | NOT_FOUND  | TMDB_NO_MA | Alvin dhe fytyrëketrushat 4              | Alvin dhe fytyrëketrushat 4              | P:-   B:-   L:-   M:-  
2026-09-10 09:01:17 | NOT_FOUND  | TMDB_NO_MA | Mislim da volim svoju ženu, film         | Mislim da volim svoju ženu               | P:-   B:-   L:-   M:-  
2026-09-10 09:01:17 | NOT_FOUND  | TMDB_NO_MA | Moja ljubavna pjesma, film               | Moja ljubavna pjesma                     | P:-   B:-   L:-   M:-  
2026-09-10 09:01:17 | NOT_FOUND  | TMDB_NO_MA | Alvin i vjeverice 2, film                | Alvin i vjeverice 2                      | P:-   B:-   L:-   M:-  
2026-09-10 09:01:17 | NOT_FOUND  | TMDB_NO_MA | Alvin i vjeverice: Velika Alvintura, fil | Alvin i vjeverice: Velika Alvintura      | P:-   B:-   L:-   M:-  
2026-09-10 09:01:19 | NOT_FOUND  | TMDB_NO_MA | Zločinački umovi 13, ep. 12. serija      | Zločinački umovi                         | P:-   B:-   L:-   M:-  
2026-09-10 09:01:19 | NOT_FOUND  | TMDB_NO_MA | Povratak u raj 2, ep. 5. serija          | Povratak u raj                           | P:-   B:-   L:-   M:-  
2026-09-10 09:01:19 | NOT_FOUND  | TMDB_NO_MA | Detektiv na Floridi 2, ep. 3. serija     | Detektiv na Floridi                      | P:-   B:-   L:-   M:-  
2026-09-10 09:01:21 | NOT_FOUND  | TMDB_NO_MA | TV izlog                                 | TV izlog                                 | P:-   B:-   L:-   M:-  
2026-09-10 09:01:23 | NOT_FOUND  | TMDB_NO_MA | Doly krále Šalamouna I (1)               | Doly krále Šalamouna                     | P:-   B:-   L:-   M:-  
2026-09-10 09:01:23 | NOT_FOUND  | TMDB_NO_MA | Univerzální uklízečka                    | Univerzální uklízečka                    | P:-   B:-   L:-   M:-  
2026-09-10 09:01:23 | NOT_FOUND  | TMDB_NO_MA | Sudá a lichá                             | Sudá a lichá                             | P:-   B:-   L:-   M:-  
2026-09-10 09:01:25 | NOT_FOUND  | TMDB_NO_MA | Námořní vyšetřovací služba XX (14)       | Námořní vyšetřovací služba               | P:-   B:-   L:-   M:-  
2026-09-10 09:01:36 | NOT_FOUND  | TMDB_NO_MA | Cake: Razlog za život, film              | Cake: Razlog za život                    | P:-   B:-   L:-   M:-  
2026-09-10 09:01:36 | NOT_FOUND  | TMDB_NO_MA | Zadnja stanica, film                     | Zadnja stanica                           | P:-   B:-   L:-   M:-  
2026-09-10 09:01:36 | NOT_FOUND  | TMDB_NO_MA | Novi status, film                        | Novi status                              | P:-   B:-   L:-   M:-  
2026-09-10 09:01:36 | NOT_FOUND  | TMDB_NO_MA | Hladna pohlepa, film                     | Hladna pohlepa                           | P:-   B:-   L:-   M:-  
2026-09-10 09:01:36 | NOT_FOUND  | TMDB_NO_MA | Zla kob 2, film                          | Zla kob 2                                | P:-   B:-   L:-   M:-  
2026-09-10 09:01:39 | NOT_FOUND  | TMDB_NO_MA | Zavet, film                              | Zavet                                    | P:-   B:-   L:-   M:-  
2026-09-10 09:01:39 | NOT_FOUND  | TMDB_NO_MA | Miris poljskog cveća, film               | Miris poljskog cveća                     | P:-   B:-   L:-   M:-  
2026-09-10 09:01:39 | NOT_FOUND  | TMDB_NO_MA | Vanbračna putovanja, film                | Vanbračna putovanja                      | P:-   B:-   L:-   M:-  
2026-09-10 09:01:39 | NOT_FOUND  | TMDB_NO_MA | Događaj, film                            | Događaj                                  | P:-   B:-   L:-   M:-  
2026-09-10 09:01:39 | NOT_FOUND  | TMDB_NO_MA | Žena sa slomljenim nosom, film           | Žena sa slomljenim nosom                 | P:-   B:-   L:-   M:-  
2026-09-10 09:01:45 | NOT_FOUND  | TMDB_NO_MA | Traljav posao 5, ep. 1. Knockers On Heav | Traljav posao                            | P:-   B:-   L:-   M:-  
2026-09-10 09:01:59 | NOT_FOUND  | TMDB_NO_MA | Matlocková (3)                           | Matlocková (3)                           | P:-   B:-   L:-   M:-  
2026-09-10 09:01:59 | NOT_FOUND  | TMDB_NO_MA | Vražedné čísla I (14)                    | Vražedné čísla                           | P:-   B:-   L:-   M:-  
2026-09-10 09:02:02 | NOT_FOUND  | TMDB_NO_MA | Zázraky prírody                          | Zázraky prírody                          | P:-   B:-   L:-   M:-  
2026-09-10 09:02:02 | NOT_FOUND  | TMDB_NO_MA | Hitlerove tajné misie                    | Hitlerove tajné misie                    | P:-   B:-   L:-   M:-  
2026-09-10 09:02:02 | NOT_FOUND  | TMDB_NO_MA | Po stopách vrahov IV (2)                 | Po stopách vrahov                        | P:-   B:-   L:-   M:-  
2026-09-10 09:02:02 | NOT_FOUND  | TMDB_NO_MA | Zbrane Hollywoodu I (8)                  | Zbrane Hollywoodu                        | P:-   B:-   L:-   M:-  
2026-09-10 09:02:02 | NOT_FOUND  | TMDB_NO_MA | Záchrana divokých zvierat I (6)          | Záchrana divokých zvierat                | P:-   B:-   L:-   M:-  
2026-09-10 09:02:08 | NOT_FOUND  | TMDB_NO_MA | Snídaně s Novou                          | Snídaně s Novou                          | P:-   B:-   L:-   M:-  
2026-09-10 09:02:08 | NOT_FOUND  | TMDB_NO_MA | Ulice (5183)                             | Ulice (5183)                             | P:-   B:-   L:-   M:-  
2026-09-10 09:02:08 | NOT_FOUND  | TMDB_NO_MA | Riskuj! (1042)                           | Riskuj! (1042)                           | P:-   B:-   L:-   M:-  
2026-09-10 09:02:08 | NOT_FOUND  | TMDB_NO_MA | Gympl s (r)učením omezeným (93)          | Gympl s (r) učením omezeným (93)         | P:-   B:-   L:-   M:-  
2026-09-10 09:02:11 | NOT_FOUND  | TMDB_NO_MA | Pobrežná hliadka IV (10)                 | Pobrežná hliadka                         | P:-   B:-   L:-   M:-  
2026-09-10 09:02:12 | NOT_FOUND  | TMDB_NO_MA | Nerovný zápas                            | Nerovný zápas                            | P:-   B:-   L:-   M:-  
2026-09-10 09:02:18 | NOT_FOUND  | TMDB_NO_MA | Nebezpečné vztahy                        | Nebezpečné vztahy                        | P:-   B:-   L:-   M:-  
2026-09-10 09:02:18 | NOT_FOUND  | TMDB_NO_MA | Jak to dopadlo!?                         | Jak to dopadlo! ?                        | P:-   B:-   L:-   M:-  
2026-09-10 09:02:18 | NOT_FOUND  | TMDB_NO_MA | Co bude dnes k večeři?                   | Co bude dnes k večeři?                   | P:-   B:-   L:-   M:-  
2026-09-10 09:02:18 | NOT_FOUND  | TMDB_NO_MA | Klenot TV                                | Klenot TV                                | P:-   B:-   L:-   M:-  
2026-09-10 09:02:27 | NOT_FOUND  | TMDB_NO_MA | Kamarádi (29)                            | Kamarádi (29)                            | P:-   B:-   L:-   M:-  
2026-09-10 09:02:27 | NOT_FOUND  | TMDB_NO_MA | Sestřičky (22)                           | Sestřičky (22)                           | P:-   B:-   L:-   M:-  
2026-09-10 09:02:27 | NOT_FOUND  | TMDB_NO_MA | Dvojka na zabitie I (3)                  | Dvojka na zabitie                        | P:-   B:-   L:-   M:-  
2026-09-10 09:02:27 | NOT_FOUND  | TMDB_NO_MA | Kamarádi (30)                            | Kamarádi (30)                            | P:-   B:-   L:-   M:-  
2026-09-10 09:02:29 | NOT_FOUND  | TMDB_NO_MA | Doktor z hor: Nové příběhy V (9)         | Doktor z hor: Nové příběhy               | P:-   B:-   L:-   M:-  
2026-09-10 09:02:37 | NOT_FOUND  | TMDB_NO_MA | Autosalon                                | Autosalon                                | P:-   B:-   L:-   M:-  
2026-09-10 09:02:37 | NOT_FOUND  | TMDB_NO_MA | Autosalon.tv                             | Autosalon.tv                             | P:-   B:-   L:-   M:-  
2026-09-10 09:02:44 | NOT_FOUND  | TMDB_NO_MA | Bijeg u dvorac: Sam svoj majstor 4, ep.  | Bijeg u dvorac: Sam svoj majstor         | P:-   B:-   L:-   M:-  
2026-09-10 09:02:48 | NOT_FOUND  | TMDB_NO_MA | Anđeo osvete, ep. 116. serija            | Anđeo osvete                             | P:-   B:-   L:-   M:-  
2026-09-10 09:02:48 | NOT_FOUND  | TMDB_NO_MA | Djevojke sunca, ep. 68. serija           | Djevojke sunca                           | P:-   B:-   L:-   M:-  
2026-09-10 09:02:48 | NOT_FOUND  | TMDB_NO_MA | Veličanstveni duo, ep. 20. serija        | Veličanstveni duo                        | P:-   B:-   L:-   M:-  
2026-09-10 09:02:50 | NOT_FOUND  | TMDB_NO_MA | Muzica regiunilor                        | Muzica regiunilor                        | P:-   B:-   L:-   M:-  
2026-09-10 09:02:50 | NOT_FOUND  | TMDB_NO_MA | Tezaur folcloric                         | Tezaur folcloric                         | P:-   B:-   L:-   M:-  
2026-09-10 09:02:50 | NOT_FOUND  | TMDB_NO_MA | Scena românilor                          | Scena românilor                          | P:-   B:-   L:-   M:-  
2026-09-10 09:02:50 | NOT_FOUND  | TMDB_NO_MA | Etnografica                              | Etnografica                              | P:-   B:-   L:-   M:-  
2026-09-10 09:02:50 | NOT_FOUND  | TMDB_NO_MA | Cântec românesc                          | Cântec românesc                          | P:-   B:-   L:-   M:-  
2026-09-10 09:02:52 | NOT_FOUND  | TMDB_NO_MA | Zgjohu me MCN                            | Zgjohu me MCN                            | P:-   B:-   L:-   M:-  
2026-09-10 09:02:52 | NOT_FOUND  | TMDB_NO_MA | MCN Economy                              | MCN Economy                              | P:-   B:-   L:-   M:-  
2026-09-10 09:02:56 | NOT_FOUND  | TMDB_NO_MA | Çapkëni i pasur                          | Çapkëni i pasur                          | P:-   B:-   L:-   M:-  
2026-09-10 09:02:56 | NOT_FOUND  | TMDB_NO_MA | Shpirt i egër                            | Shpirt i egër                            | P:-   B:-   L:-   M:-  
2026-09-10 09:02:56 | NOT_FOUND  | TMDB_NO_MA | Rudina                                   | Rudina                                   | P:-   B:-   L:-   M:-  
2026-09-10 09:02:56 | NOT_FOUND  | TMDB_NO_MA | Shije Shtëpie                            | Shije Shtëpie                            | P:-   B:-   L:-   M:-  
2026-09-10 09:02:58 | NOT_FOUND  | TMDB_NO_MA | Programet e RTSH                         | Programet e RTSH                         | P:-   B:-   L:-   M:-  
2026-09-10 09:03:00 | NOT_FOUND  | TMDB_NO_MA | Programet e RTSH2                        | Programet e RTSH2                        | P:-   B:-   L:-   M:-  
2026-09-10 09:03:04 | NOT_FOUND  | TMDB_NO_MA | Spašavatelji vrtova (8), dokumentarna se | Spašavatelji vrtova (8) , dokumentarna s | P:-   B:-   L:-   M:-  
2026-09-10 09:03:04 | NOT_FOUND  | TMDB_NO_MA | Čudesni svijet dizajna: Švedska (3), dok | Čudesni svijet dizajna: Švedska (3) , do | P:-   B:-   L:-   M:-  
2026-09-10 09:03:04 | NOT_FOUND  | TMDB_NO_MA | Dobar, bolji, najbolji... britanski slas | Dobar, bolji, najbolji... britanski slas | P:-   B:-   L:-   M:-  
2026-09-10 09:03:04 | NOT_FOUND  | TMDB_NO_MA | Bijeg u unutrašnjost (32), dokumentarna  | Bijeg u unutrašnjost (32) , dokumentarna | P:-   B:-   L:-   M:-  
2026-09-10 09:03:04 | NOT_FOUND  | TMDB_NO_MA | Gordon Ramsay: Umijeće kuhanja kod kuće  | Gordon Ramsay: Umijeće kuhanja kod kuće  | P:-   B:-   L:-   M:-  
2026-09-10 09:03:06 | NOT_FOUND  | TMDB_NO_MA | Drvo i pčela: Nove cipele, ep. 7.        | Drvo i pčela: Nove cipele                | P:-   B:-   L:-   M:-  
2026-09-10 09:03:06 | NOT_FOUND  | TMDB_NO_MA | Kockice brojalice 5, ep. 12.             | Kockice brojalice                        | P:-   B:-   L:-   M:-  
2026-09-10 09:03:06 | NOT_FOUND  | TMDB_NO_MA | Zvrko ide u Čudosvijet 3, ep. 15.        | Zvrko ide u Čudosvijet                   | P:-   B:-   L:-   M:-  
2026-09-10 09:03:30 | NOT_FOUND  | TMDB_NO_MA | Yahdoth Fi Masr                          | Yahdoth Fi Masr                          | P:-   B:-   L:-   M:-  
2026-09-10 09:05:22 | NOT_FOUND  | ELCIN_NO_M | كوكوميلن                                 | كوكوميلن                                 | P:-   B:-   L:-   M:-  
2026-09-10 09:05:25 | NOT_FOUND  | ELCIN_NO_M | اير اسيا بودز ادفنتشرز                   | اير اسيا بودز ادفنتشرز                   | P:-   B:-   L:-   M:-  
2026-09-10 09:06:29 | NOT_FOUND  | TMDB_NO_MA | GMA Pinoy                                | GMA Pinoy                                | P:-   B:-   L:-   M:-  
2026-09-10 09:06:32 | NOT_FOUND  | ELCIN_NO_M | تيكتوكلوك: هابي اور نا                   | تيكتوكلوك: هابي اور نا                   | P:-   B:-   L:-   M:-  
2026-09-10 09:06:39 | NOT_FOUND  | TMDB_NO_MA | Zaki Shan                                | Zaki Shan                                | P:-   B:-   L:-   M:-  
2026-09-10 09:07:02 | NOT_FOUND  | TMDB_NO_MA | Elwatar                                  | Elwatar                                  | P:-   B:-   L:-   M:-  
2026-09-10 09:07:02 | NOT_FOUND  | TMDB_NO_MA | Khalawes                                 | Khalawes                                 | P:-   B:-   L:-   M:-  
2026-09-10 09:07:03 | NOT_FOUND  | TMDB_NO_MA | Tegebha Keda Tegelha Keda Heya Keda      | Tegebha Keda Tegelha Keda Heya Keda      | P:-   B:-   L:-   M:-  
2026-09-10 09:07:03 | NOT_FOUND  | TMDB_NO_MA | Gaalatni Mogreman                        | Gaalatni Mogreman                        | P:-   B:-   L:-   M:-  
2026-09-10 09:07:27 | NOT_FOUND  | TMDB_NO_MA | Eghfer Li Khateaty                       | Eghfer Li Khateaty                       | P:-   B:-   L:-   M:-  
2026-09-10 09:07:27 | NOT_FOUND  | TMDB_NO_MA | Hazemny Yaa                              | Hazemny Yaa                              | P:-   B:-   L:-   M:-  
2026-09-10 09:07:29 | NOT_FOUND  | ELCIN_NO_M | Al Ardhalgy                              | Al Ardhalgy                              | P:-   B:-   L:-   M:-  
2026-09-10 09:07:58 | NOT_FOUND  | ELCIN_NO_M | عمايل ايديا                              | عمايل ايديا                              | P:-   B:-   L:-   M:-  
2026-09-10 09:08:23 | NOT_FOUND  | TMDB_NO_MA | Spider-Man: Far From Home                | Spider-Man: Far From Home                | P:-   B:-   L:-   M:-  
2026-09-10 09:08:23 | NOT_FOUND  | TMDB_NO_MA | Chief Of Station                         | Chief Of Station                         | P:-   B:-   L:-   M:-  
2026-09-10 09:08:27 | NOT_FOUND  | TMDB_NO_MA | The Hummingbird Project                  | The Hummingbird Project                  | P:-   B:-   L:-   M:-  
2026-09-10 09:08:27 | NOT_FOUND  | TMDB_NO_MA | The Room Next Door                       | The Room Next Door                       | P:-   B:-   L:-   M:-  
2026-09-10 09:08:27 | NOT_FOUND  | TMDB_NO_MA | The Smashing Machine                     | The Smashing Machine                     | P:-   B:-   L:-   M:-  
2026-09-10 09:08:28 | NOT_FOUND  | TMDB_NO_MA | The Life Of Chuck                        | The Life Of Chuck                        | P:-   B:-   L:-   M:-  
2026-09-10 09:08:31 | NOT_FOUND  | TMDB_NO_MA | The Underdoggs                           | The Underdoggs                           | P:-   B:-   L:-   M:-  
2026-09-10 09:08:31 | NOT_FOUND  | TMDB_NO_MA | Skiptrace                                | Skiptrace                                | P:-   B:-   L:-   M:-  
2026-09-10 09:08:33 | NOT_FOUND  | TMDB_NO_MA | Red Eye - 2                              | Red Eye - 2                              | P:-   B:-   L:-   M:-  
2026-09-10 09:08:33 | NOT_FOUND  | TMDB_NO_MA | Broken Spies - 1                         | Broken Spies - 1                         | P:-   B:-   L:-   M:-  
2026-09-10 09:08:58 | NOT_FOUND  | TMDB_NO_MA | Abba Ganuv 3                             | Abba Ganuv 3                             | P:-   B:-   L:-   M:-  
2026-09-10 09:08:58 | NOT_FOUND  | TMDB_NO_MA | Mazal Hatula                             | Mazal Hatula                             | P:-   B:-   L:-   M:-  
2026-09-10 09:08:58 | NOT_FOUND  | TMDB_NO_MA | Midnight Entertainer                     | Midnight Entertainer                     | P:-   B:-   L:-   M:-  
2026-09-10 09:08:58 | NOT_FOUND  | TMDB_NO_MA | Tzanani Family                           | Tzanani Family                           | P:-   B:-   L:-   M:-  
2026-09-10 09:08:58 | NOT_FOUND  | TMDB_NO_MA | The World is Funny                       | The World is Funny                       | P:-   B:-   L:-   M:-  
2026-09-10 09:09:02 | NOT_FOUND  | TMDB_NO_MA | Beyond The Hill - Ep. 26                 | Beyond The Hill                          | P:-   B:-   L:-   M:-  
2026-09-10 09:09:02 | NOT_FOUND  | TMDB_NO_MA | Blooming Lady 3 - Ep. 189                | Blooming Lady                            | P:-   B:-   L:-   M:-  
2026-09-10 09:09:03 | NOT_FOUND  | TMDB_NO_MA | Take My Hand - Ep. 25                    | Take My Hand                             | P:-   B:-   L:-   M:-  
2026-09-10 09:09:03 | NOT_FOUND  | TMDB_NO_MA | Waves of Love - Ep. 11                   | Waves of Love                            | P:-   B:-   L:-   M:-  
2026-09-10 09:09:03 | NOT_FOUND  | TMDB_NO_MA | Little Big Heart - Ep. 22                | Little Big Heart                         | P:-   B:-   L:-   M:-  
2026-09-10 09:09:06 | NOT_FOUND  | TMDB_NO_MA | Winds Of Love - Ep. 32                   | Winds Of Love                            | P:-   B:-   L:-   M:-  
2026-09-10 09:09:08 | NOT_FOUND  | TMDB_NO_MA | Grand Hotel - All Secrets Stay Here - Ep | Grand Hotel - All Secrets Stay Here - Ep | P:-   B:-   L:-   M:-  
2026-09-10 09:09:19 | NOT_FOUND  | TMDB_NO_MA | Harry Potter i Insygnia Śmierci: część 1 | Harry Potter i Insygnia Śmierci: część 1 | P:-   B:-   L:-   M:-  
2026-09-10 09:09:19 | NOT_FOUND  | TMDB_NO_MA | Harry Potter i Insygnia Śmierci: Część 2 | Harry Potter i Insygnia Śmierci: Część 2 | P:-   B:-   L:-   M:-  
2026-09-10 09:09:20 | NOT_FOUND  | TMDB_NO_MA | Kolejna zwyczajna przysługa              | Kolejna zwyczajna przysługa              | P:-   B:-   L:-   M:-  
2026-09-10 09:09:20 | NOT_FOUND  | TMDB_NO_MA | Mój mistrz                               | Mój mistrz                               | P:-   B:-   L:-   M:-  
2026-09-10 09:09:23 | NOT_FOUND  | TMDB_NO_MA | Spider-Man: Bez drogi do domu            | Spider-Man: Bez drogi do domu            | P:-   B:-   L:-   M:-  
2026-09-10 09:09:23 | NOT_FOUND  | TMDB_NO_MA | Kina i Yuk                               | Kina i Yuk                               | P:-   B:-   L:-   M:-  
2026-09-10 09:09:23 | NOT_FOUND  | TMDB_NO_MA | Śmierć komedianta                        | Śmierć komedianta                        | P:-   B:-   L:-   M:-  
2026-09-10 09:09:26 | NOT_FOUND  | TMDB_NO_MA | Okiem Oscara                             | Okiem Oscara                             | P:-   B:-   L:-   M:-  
2026-09-10 09:09:27 | NOT_FOUND  | TMDB_NO_MA | O psie, który wrócił do domu             | O psie, który wrócił do domu             | P:-   B:-   L:-   M:-  
2026-09-10 09:09:30 | NOT_FOUND  | TMDB_NO_MA | Chmurka                                  | Chmurka                                  | P:-   B:-   L:-   M:-  
2026-09-10 09:09:30 | NOT_FOUND  | TMDB_NO_MA | Transformers: Zemsta upadłych            | Transformers: Zemsta upadłych            | P:-   B:-   L:-   M:-  
2026-09-10 09:09:30 | NOT_FOUND  | TMDB_NO_MA | Nauczyciel, który obiecał nam morze      | Nauczyciel, który obiecał nam morze      | P:-   B:-   L:-   M:-  
2026-09-10 09:09:30 | NOT_FOUND  | TMDB_NO_MA | Zabić mongolskiego konia                 | Zabić mongolskiego konia                 | P:-   B:-   L:-   M:-  
2026-09-10 09:09:30 | NOT_FOUND  | TMDB_NO_MA | Moje miejsce jest tutaj                  | Moje miejsce jest tutaj                  | P:-   B:-   L:-   M:-  
2026-09-10 09:09:32 | NOT_FOUND  | TMDB_NO_MA | Wietrzne podróże                         | Wietrzne podróże                         | P:-   B:-   L:-   M:-  
2026-09-10 09:09:32 | NOT_FOUND  | TMDB_NO_MA | Sześć stóp nad ziemią                    | Sześć stóp nad ziemią                    | P:-   B:-   L:-   M:-  
2026-09-10 09:09:32 | NOT_FOUND  | TMDB_NO_MA | Kilka dni, nie więcej                    | Kilka dni, nie więcej                    | P:-   B:-   L:-   M:-  
2026-09-10 09:09:32 | NOT_FOUND  | TMDB_NO_MA | Magia uczuć                              | Magia uczuć                              | P:-   B:-   L:-   M:-  
2026-09-10 09:09:32 | NOT_FOUND  | TMDB_NO_MA | Made in EU                               | Made in EU                               | P:-   B:-   L:-   M:-  
2026-09-10 09:09:34 | NOT_FOUND  | TMDB_NO_MA | Orzełek Iggy                             | Orzełek Iggy                             | P:-   B:-   L:-   M:-  
2026-09-10 09:09:34 | NOT_FOUND  | TMDB_NO_MA | Mikołaj i ekipa                          | Mikołaj i ekipa                          | P:-   B:-   L:-   M:-  
2026-09-10 09:09:34 | NOT_FOUND  | TMDB_NO_MA | Prawda czy fałsz. Psychologia trumpizmu  | Prawda czy fałsz. Psychologia trumpizmu  | P:-   B:-   L:-   M:-  
2026-09-10 09:09:34 | NOT_FOUND  | TMDB_NO_MA | Saga Zmierzch: Przed świtem. Część I     | Saga Zmierzch: Przed świtem. Część I     | P:-   B:-   L:-   M:-  
2026-09-10 09:09:35 | NOT_FOUND  | TMDB_NO_MA | Fuks                                     | Fuks                                     | P:-   B:-   L:-   M:-  
2026-09-10 09:09:35 | NOT_FOUND  | TMDB_NO_MA | Moje pieczone kurczaki                   | Moje pieczone kurczaki                   | P:-   B:-   L:-   M:-  
2026-09-10 09:09:40 | NOT_FOUND  | TMDB_NO_MA | W garniturach 3: odc.9                   | W garniturach                            | P:-   B:-   L:-   M:-  
2026-09-10 09:09:42 | NOT_FOUND  | TMDB_NO_MA | Sekretne życie zwierzaków domowych 2     | Sekretne życie zwierzaków domowych 2     | P:-   B:-   L:-   M:-  
2026-09-10 09:09:42 | NOT_FOUND  | TMDB_NO_MA | Brian Wilson: Long Promised Road         | Brian Wilson: Long Promised Road         | P:-   B:-   L:-   M:-  
2026-09-10 09:09:44 | NOT_FOUND  | TMDB_NO_MA | Długi weekend                            | Długi weekend                            | P:-   B:-   L:-   M:-  
2026-09-10 09:09:48 | NOT_FOUND  | TMDB_NO_MA | Pożegnanie z miłością                    | Pożegnanie z miłością                    | P:-   B:-   L:-   M:-  
2026-09-10 09:09:48 | NOT_FOUND  | TMDB_NO_MA | Papillon. Motylek                        | Papillon. Motylek                        | P:-   B:-   L:-   M:-  
2026-09-10 09:09:50 | NOT_FOUND  | TMDB_NO_MA | Ad Astra: Ku gwiazdom                    | Ad Astra: Ku gwiazdom                    | P:-   B:-   L:-   M:-  
2026-09-10 09:09:50 | NOT_FOUND  | TMDB_NO_MA | Strażnik czasu                           | Strażnik czasu                           | P:-   B:-   L:-   M:-  
2026-09-10 09:09:50 | NOT_FOUND  | TMDB_NO_MA | Motylek                                  | Motylek                                  | P:-   B:-   L:-   M:-  
2026-09-10 09:09:50 | NOT_FOUND  | TMDB_NO_MA | Kaktus Jack                              | Kaktus Jack                              | P:-   B:-   L:-   M:-  
2026-09-10 09:09:53 | NOT_FOUND  | TMDB_NO_MA | Gwiezdny pył                             | Gwiezdny pył                             | P:-   B:-   L:-   M:-  
2026-09-10 09:09:55 | NOT_FOUND  | TMDB_NO_MA | Pełniejsza chata 2: odc.5                | Pełniejsza chata                         | P:-   B:-   L:-   M:-  
2026-09-10 09:10:01 | NOT_FOUND  | ELCIN_NO_M | Un posto al sole 30 - p.138              | Un posto al sole 30                      | P:-   B:-   L:-   M:-  
2026-09-10 09:10:01 | NOT_FOUND  | TMDB_NO_MA | Il monaco di Monza                       | Il monaco di Monza                       | P:-   B:-   L:-   M:-  
2026-09-10 09:10:01 | NOT_FOUND  | TMDB_NO_MA | 7 pistole per un massacro                | 7 pistole per un massacro                | P:-   B:-   L:-   M:-  
2026-09-10 09:10:01 | NOT_FOUND  | TMDB_NO_MA | Gli Imperdibili                          | Gli Imperdibili                          | P:-   B:-   L:-   M:-  
2026-09-10 09:10:01 | NOT_FOUND  | TMDB_NO_MA | Priscilla                                | Priscilla                                | P:-   B:-   L:-   M:-  
2026-09-10 09:10:03 | NOT_FOUND  | ELCIN_NO_M | Come le foglie al vento                  | Come le foglie al vento                  | P:-   B:-   L:-   M:-  
2026-09-10 09:10:04 | NOT_FOUND  | TMDB_NO_MA | Strażnik snów 1 (odc. 2)                 | Strażnik snów                            | P:-   B:-   L:-   M:-  
2026-09-10 09:10:04 | NOT_FOUND  | TMDB_NO_MA | Acceptance                               | Acceptance                               | P:-   B:-   L:-   M:-  
2026-09-10 09:10:06 | NOT_FOUND  | TMDB_NO_MA | Bibliotekarze 2: odc.2                   | Bibliotekarze                            | P:-   B:-   L:-   M:-  
2026-09-10 09:10:08 | NOT_FOUND  | TMDB_NO_MA | Kuchenne rewolucje: Płońsk, Trops: odc.7 | Kuchenne rewolucje: Płońsk, Trops        | P:-   B:-   L:-   M:-  
2026-09-10 09:10:08 | NOT_FOUND  | TMDB_NO_MA | Kuchenne rewolucje: Barlinek - Limba: od | Kuchenne rewolucje: Barlinek - Limba     | P:-   B:-   L:-   M:-  
2026-09-10 09:10:12 | NOT_FOUND  | TMDB_NO_MA | Bez śladu 1 (odc. 19)                    | Bez śladu                                | P:-   B:-   L:-   M:-  
2026-09-10 09:10:12 | NOT_FOUND  | TMDB_NO_MA | Kasandra 3 (odc. 2)                      | Kasandra                                 | P:-   B:-   L:-   M:-  
2026-09-10 09:10:14 | NOT_FOUND  | TMDB_NO_MA | Z pamiętnika położnej 13: odc.4          | Z pamiętnika położnej                    | P:-   B:-   L:-   M:-  
2026-09-10 09:10:16 | NOT_FOUND  | TMDB_NO_MA | Brytyjskie fabryki 9: odc.5              | Brytyjskie fabryki                       | P:-   B:-   L:-   M:-  
2026-09-10 09:10:16 | NOT_FOUND  | TMDB_NO_MA | Tajemnice Trójkąta Bermudzkiego: odc.3   | Tajemnice Trójkąta Bermudzkiego          | P:-   B:-   L:-   M:-  
2026-09-10 09:10:19 | NOT_FOUND  | TMDB_NO_MA | Panna Marple: 4:50 z Paddington          | Panna Marple: 4: 50 z Paddington         | P:-   B:-   L:-   M:-  
2026-09-10 09:10:19 | NOT_FOUND  | TMDB_NO_MA | Zagadki kryminalne panny Fisher 1 (odc.  | Zagadki kryminalne panny Fisher          | P:-   B:-   L:-   M:-  
2026-09-10 09:10:22 | NOT_FOUND  | TMDB_NO_MA | Świąteczne opowieści                     | Świąteczne opowieści                     | P:-   B:-   L:-   M:-  
2026-09-10 09:10:22 | NOT_FOUND  | TMDB_NO_MA | W harmonii                               | W harmonii                               | P:-   B:-   L:-   M:-  
2026-09-10 09:10:22 | NOT_FOUND  | TMDB_NO_MA | Rok, w którym Dolly Parton była moją mam | Rok, w którym Dolly Parton była moją mam | P:-   B:-   L:-   M:-  
2026-09-10 09:10:22 | NOT_FOUND  | TMDB_NO_MA | Zadbaj o siebie                          | Zadbaj o siebie                          | P:-   B:-   L:-   M:-  
2026-09-10 09:10:22 | NOT_FOUND  | TMDB_NO_MA | Weekend z królem                         | Weekend z królem                         | P:-   B:-   L:-   M:-  
2026-09-10 09:10:24 | NOT_FOUND  | TMDB_NO_MA | Duch świąt                               | Duch świąt                               | P:-   B:-   L:-   M:-  
2026-09-10 09:10:24 | NOT_FOUND  | TMDB_NO_MA | Irlandzki numer                          | Irlandzki numer                          | P:-   B:-   L:-   M:-  
2026-09-10 09:10:24 | NOT_FOUND  | TMDB_NO_MA | Czekając na Anyę                         | Czekając na Anyę                         | P:-   B:-   L:-   M:-  
2026-09-10 09:10:24 | NOT_FOUND  | TMDB_NO_MA | Piaskun                                  | Piaskun                                  | P:-   B:-   L:-   M:-  
2026-09-10 09:10:26 | NOT_FOUND  | TMDB_NO_MA | Zagubiony smok                           | Zagubiony smok                           | P:-   B:-   L:-   M:-  
2026-09-10 09:10:26 | NOT_FOUND  | TMDB_NO_MA | Guido Superbohater                       | Guido Superbohater                       | P:-   B:-   L:-   M:-  
2026-09-10 09:10:26 | NOT_FOUND  | TMDB_NO_MA | Goldbergowie 7 (odc. 2)                  | Goldbergowie                             | P:-   B:-   L:-   M:-  
2026-09-10 09:10:26 | NOT_FOUND  | TMDB_NO_MA | Coco Chanel                              | Coco Chanel                              | P:-   B:-   L:-   M:-  
2026-09-10 09:10:26 | NOT_FOUND  | TMDB_NO_MA | Kto zabił ciotkę Cookie?                 | Kto zabił ciotkę Cookie?                 | P:-   B:-   L:-   M:-  
2026-09-10 09:10:32 | NOT_FOUND  | TMDB_NO_MA | Skarb Jesse'ego Jamesa                   | Skarb Jesse'ego Jamesa                   | P:-   B:-   L:-   M:-  
2026-09-10 09:10:32 | NOT_FOUND  | TMDB_NO_MA | Wrobieni                                 | Wrobieni                                 | P:-   B:-   L:-   M:-  
2026-09-10 09:10:32 | NOT_FOUND  | TMDB_NO_MA | Wyspa szemrzącego wiatru                 | Wyspa szemrzącego wiatru                 | P:-   B:-   L:-   M:-  
2026-09-10 09:10:32 | NOT_FOUND  | TMDB_NO_MA | Che II. Boliwia                          | Che II. Boliwia                          | P:-   B:-   L:-   M:-  
2026-09-10 09:10:33 | NOT_FOUND  | TMDB_NO_MA | Nierządnica                              | Nierządnica                              | P:-   B:-   L:-   M:-  
2026-09-10 09:10:33 | NOT_FOUND  | TMDB_NO_MA | Rycząca otchłań                          | Rycząca otchłań                          | P:-   B:-   L:-   M:-  
2026-09-10 09:10:33 | NOT_FOUND  | TMDB_NO_MA | Abbott i Costello - afrykańska przygoda  | Abbott i Costello - afrykańska przygoda  | P:-   B:-   L:-   M:-  
2026-09-10 09:10:33 | NOT_FOUND  | TMDB_NO_MA | Sherlock Holmes i tajny szyfr            | Sherlock Holmes i tajny szyfr            | P:-   B:-   L:-   M:-  
2026-09-10 09:10:33 | NOT_FOUND  | TMDB_NO_MA | Buster się żeni                          | Buster się żeni                          | P:-   B:-   L:-   M:-  
2026-09-10 09:10:35 | NOT_FOUND  | TMDB_NO_MA | Kości: odc.1                             | Kości                                    | P:-   B:-   L:-   M:-  
2026-09-10 09:10:35 | NOT_FOUND  | TMDB_NO_MA | CSI: Kryminalne zagadki Nowego Jorku: od | CSI: Kryminalne zagadki Nowego Jorku     | P:-   B:-   L:-   M:-  
2026-09-10 09:10:52 | NOT_FOUND  | TMDB_NO_MA | Współczesna rodzina 10: odc.7            | Współczesna rodzina                      | P:-   B:-   L:-   M:-  
2026-09-10 09:10:52 | NOT_FOUND  | TMDB_NO_MA | Diabli nadali 3 (odc. 24)                | Diabli nadali                            | P:-   B:-   L:-   M:-  
2026-09-10 09:10:54 | NOT_FOUND  | TMDB_NO_MA | Dwóch i pół 2: odc.3                     | Dwóch i pół                              | P:-   B:-   L:-   M:-  
2026-09-10 09:10:58 | NOT_FOUND  | TMDB_NO_MA | Ostry dyżur 5: odc.1                     | Ostry dyżur                              | P:-   B:-   L:-   M:-  
2026-09-10 09:11:01 | NOT_FOUND  | TMDB_NO_MA | Nieustraszony 3: odc.14                  | Nieustraszony                            | P:-   B:-   L:-   M:-  
2026-09-10 09:11:01 | NOT_FOUND  | TMDB_NO_MA | Gwiezdne wrota 10 (odc. 10)              | Gwiezdne wrota                           | P:-   B:-   L:-   M:-  
2026-09-10 09:11:04 | NOT_FOUND  | TMDB_NO_MA | Widok za miliony: odc.7                  | Widok za miliony                         | P:-   B:-   L:-   M:-  
2026-09-10 09:11:04 | NOT_FOUND  | TMDB_NO_MA | Sposób na zamek 6: odc.7                 | Sposób na zamek                          | P:-   B:-   L:-   M:-  
2026-09-10 09:11:04 | NOT_FOUND  | TMDB_NO_MA | Detektyw Murdoch 12: odc.15              | Detektyw Murdoch                         | P:-   B:-   L:-   M:-  
2026-09-10 09:11:10 | NOT_FOUND  | ELCIN_NO_M | Wszystkie stworzenia duże i małe: odc.7  | Wszystkie stworzenia duże i małe         | P:-   B:-   L:-   M:-  
2026-09-10 09:11:14 | NOT_FOUND  | TMDB_NO_MA | Papa' Gambalunga                         | Papa' Gambalunga                         | P:-   B:-   L:-   M:-  
2026-09-10 09:11:14 | NOT_FOUND  | TMDB_NO_MA | Holly e Benji Forever                    | Holly e Benji Forever                    | P:-   B:-   L:-   M:-  
2026-09-10 09:11:19 | NOT_FOUND  | TMDB_NO_MA | South Kensington                         | South Kensington                         | P:-   B:-   L:-   M:-  
2026-09-10 09:11:19 | NOT_FOUND  | TMDB_NO_MA | Sapore di te                             | Sapore di te                             | P:-   B:-   L:-   M:-  
2026-09-10 09:11:19 | NOT_FOUND  | TMDB_NO_MA | Viola bacia tutti                        | Viola bacia tutti                        | P:-   B:-   L:-   M:-  
2026-09-10 09:11:21 | NOT_FOUND  | TMDB_NO_MA | Fratelli in affari                       | Fratelli in affari                       | P:-   B:-   L:-   M:-  
2026-09-10 09:11:22 | NOT_FOUND  | TMDB_NO_MA | Il grande colpo di Surcouf               | Il grande colpo di Surcouf               | P:-   B:-   L:-   M:-  
2026-09-10 09:11:22 | NOT_FOUND  | TMDB_NO_MA | La freccia nella polvere                 | La freccia nella polvere                 | P:-   B:-   L:-   M:-  
2026-09-10 09:11:22 | NOT_FOUND  | TMDB_NO_MA | N - Io e Napoleone                       | N - Io e Napoleone                       | P:-   B:-   L:-   M:-  
2026-09-10 09:11:22 | NOT_FOUND  | TMDB_NO_MA | Un piano perfetto                        | Un piano perfetto                        | P:-   B:-   L:-   M:-  
2026-09-10 09:11:27 | NOT_FOUND  | TMDB_NO_MA | Potop: odc.2                             | Potop                                    | P:-   B:-   L:-   M:-  
2026-09-10 09:11:27 | NOT_FOUND  | TMDB_NO_MA | Noce i dnie: Bogumił i Barbara: odc.1    | Noce i dnie: Bogumił i Barbara           | P:-   B:-   L:-   M:-  
2026-09-10 09:11:34 | NOT_FOUND  | TMDB_NO_MA | Robert Makłowicz: Do Czarnogóry!: odc.23 | Robert Makłowicz: Do Czarnogóry!         | P:-   B:-   L:-   M:-  
2026-09-10 09:11:34 | NOT_FOUND  | TMDB_NO_MA | Robert Makłowicz: Dalmacja - Dalmatyńska | Robert Makłowicz: Dalmacja - Dalmatyńska | P:-   B:-   L:-   M:-  
2026-09-10 09:11:34 | NOT_FOUND  | TMDB_NO_MA | Górski lekarz: odc.10                    | Górski lekarz                            | P:-   B:-   L:-   M:-  
2026-09-10 09:11:34 | NOT_FOUND  | TMDB_NO_MA | Pyszne dania w 10 minut z Julią Oleś 2:  | Pyszne dania w 10 minut z Julią Oleś     | P:-   B:-   L:-   M:-  
2026-09-10 09:11:36 | NOT_FOUND  | TMDB_NO_MA | Käthe i ja 1 (odc. 8)                    | Käthe i ja                               | P:-   B:-   L:-   M:-  
2026-09-10 09:11:36 | NOT_FOUND  | TMDB_NO_MA | Rosamunde Pilcher: Miłość na horyzoncie! | Rosamunde Pilcher: Miłość na horyzoncie! | P:-   B:-   L:-   M:-  
2026-09-10 09:11:36 | NOT_FOUND  | TMDB_NO_MA | Dora Heldt: Ucieczka ciotki Inge         | Dora Heldt: Ucieczka ciotki Inge         | P:-   B:-   L:-   M:-  
2026-09-10 09:11:36 | NOT_FOUND  | TMDB_NO_MA | Malibu - Moje marzenie, twoje marzenie   | Malibu - Moje marzenie, twoje marzenie   | P:-   B:-   L:-   M:-  
2026-09-10 09:11:38 | NOT_FOUND  | TMDB_NO_MA | Kabaretowy szał: Kabaret Czesuaf: odc.19 | Kabaretowy szał: Kabaret Czesuaf         | P:-   B:-   L:-   M:-  
2026-09-10 09:11:42 | NOT_FOUND  | TMDB_NO_MA | Otchłań namiętności 1 (odc. 161)         | Otchłań namiętności                      | P:-   B:-   L:-   M:-  
2026-09-10 09:11:42 | NOT_FOUND  | TMDB_NO_MA | Miłość w Cabo 1 (odc. 20)                | Miłość w Cabo                            | P:-   B:-   L:-   M:-  
2026-09-10 09:11:42 | NOT_FOUND  | TMDB_NO_MA | Opowieść o wyspie 1 (odc. 38)            | Opowieść o wyspie                        | P:-   B:-   L:-   M:-  
2026-09-10 09:11:45 | NOT_FOUND  | TMDB_NO_MA | Wariaci za kierownicą 1 (odc. 2)         | Wariaci za kierownicą                    | P:-   B:-   L:-   M:-  
2026-09-10 09:11:46 | NOT_FOUND  | TMDB_NO_MA | Pokochaj lub sprzedaj Quebec 3: odc.5    | Pokochaj lub sprzedaj Quebec             | P:-   B:-   L:-   M:-  
2026-09-10 09:11:46 | NOT_FOUND  | TMDB_NO_MA | Kobra - oddział specjalny 24: odc.4      | Kobra - oddział specjalny                | P:-   B:-   L:-   M:-  
2026-09-10 09:11:46 | NOT_FOUND  | TMDB_NO_MA | Piekło na Ziemi: odc.6                   | Piekło na Ziemi                          | P:-   B:-   L:-   M:-  
2026-09-10 09:11:49 | NOT_FOUND  | TMDB_NO_MA | Świat według Kiepskich: Bezpieczeństwo i | Świat według Kiepskich: Bezpieczeństwo i | P:-   B:-   L:-   M:-  
2026-09-10 09:11:50 | NOT_FOUND  | TMDB_NO_MA | Świat według Bundych: odc.5              | Świat według Bundych                     | P:-   B:-   L:-   M:-  
2026-09-10 09:12:16 | NOT_FOUND  | TMDB_NO_MA | Nadzieja                                 | Nadzieja                                 | P:-   B:-   L:-   M:-  
2026-09-10 09:12:20 | NOT_FOUND  | TMDB_NO_MA | Malanowski i partnerzy: odc.430          | Malanowski i partnerzy                   | P:-   B:-   L:-   M:-  
2026-09-10 09:12:23 | NOT_FOUND  | TMDB_NO_MA | Oszukane 1 (odc. 5)                      | Oszukane                                 | P:-   B:-   L:-   M:-  
2026-09-10 09:12:23 | NOT_FOUND  | TMDB_NO_MA | Dorwać tuńczyka: odc.6                   | Dorwać tuńczyka                          | P:-   B:-   L:-   M:-  
2026-09-10 09:12:23 | NOT_FOUND  | TMDB_NO_MA | Wojny kontenerowe 1 (odc. 15)            | Wojny kontenerowe                        | P:-   B:-   L:-   M:-  
2026-09-10 09:12:28 | NOT_FOUND  | TMDB_NO_MA | Zaklinaczka duchów 5: odc.88             | Zaklinaczka duchów                       | P:-   B:-   L:-   M:-  
2026-09-10 09:12:28 | NOT_FOUND  | TMDB_NO_MA | Nie igraj z aniołem 1 (odc. 158)         | Nie igraj z aniołem                      | P:-   B:-   L:-   M:-  
2026-09-10 09:12:30 | NOT_FOUND  | TMDB_NO_MA | Tomek i przyjaciele: Naprzód lokomotywy! | Tomek i przyjaciele: Naprzód lokomotywy! | P:-   B:-   L:-   M:-  
2026-09-10 09:12:33 | NOT_FOUND  | TMDB_NO_MA | Na sygnale: Ustawka                      | Na sygnale: Ustawka                      | P:-   B:-   L:-   M:-  
2026-09-10 09:12:33 | NOT_FOUND  | TMDB_NO_MA | Na sygnale: Detoks                       | Na sygnale: Detoks                       | P:-   B:-   L:-   M:-  
2026-09-10 09:12:36 | NOT_FOUND  | TMDB_NO_MA | Panna młoda: odc.193                     | Panna młoda                              | P:-   B:-   L:-   M:-  
2026-09-10 09:12:38 | NOT_FOUND  | TMDB_NO_MA | Kryminalna siódemka                      | Kryminalna siódemka                      | P:-   B:-   L:-   M:-  
2026-09-10 09:12:38 | NOT_FOUND  | TMDB_NO_MA | Wykrywacz kłamstw                        | Wykrywacz kłamstw                        | P:-   B:-   L:-   M:-  
2026-09-10 09:12:38 | NOT_FOUND  | TMDB_NO_MA | Portfel Kowalskiego                      | Portfel Kowalskiego                      | P:-   B:-   L:-   M:-  
2026-09-10 09:12:38 | NOT_FOUND  | TMDB_NO_MA | Całkiem niezła historia: Powrót do domu  | Całkiem niezła historia: Powrót do domu  | P:-   B:-   L:-   M:-  
2026-09-10 09:12:39 | NOT_FOUND  | ELCIN_NO_M | Jedzenie ma znaczenie: odc.26            | Jedzenie ma znaczenie                    | P:-   B:-   L:-   M:-  
2026-09-10 09:12:51 | NOT_FOUND  | TMDB_NO_MA | Fani czterech kółek 18: odc.4            | Fani czterech kółek                      | P:-   B:-   L:-   M:-  
2026-09-10 09:12:54 | NOT_FOUND  | TMDB_NO_MA | Forum                                    | Forum                                    | P:-   B:-   L:-   M:-  
2026-09-10 09:12:55 | NOT_FOUND  | TMDB_NO_MA | Tagesschau vor 20 Jahren                 | Tagesschau vor 20 Jahren                 | P:-   B:-   L:-   M:-  
2026-09-10 09:12:55 | NOT_FOUND  | TMDB_NO_MA | 3 auf zwei                               | 3 auf zwei                               | P:-   B:-   L:-   M:-  
2026-09-10 09:12:57 | NOT_FOUND  | TMDB_NO_MA | Les Hamsters de Hamsterdale              | Les Hamsters de Hamsterdale              | P:-   B:-   L:-   M:-  
2026-09-10 09:12:57 | NOT_FOUND  | TMDB_NO_MA | Bienvenue chez les Mouche                | Bienvenue chez les Mouche                | P:-   B:-   L:-   M:-  
2026-09-10 09:12:57 | NOT_FOUND  | ELCIN_NO_M | SRF bi de Lüt                            | SRF bi de Lüt                            | P:-   B:-   L:-   M:-  
2026-09-10 09:13:01 | NOT_FOUND  | TMDB_NO_MA | L'uomo di casa - Segreti di famiglia     | L'uomo di casa - Segreti di famiglia     | P:-   B:-   L:-   M:-  
2026-09-10 09:13:01 | NOT_FOUND  | TMDB_NO_MA | L'uomo di casa - Team Baxter             | L'uomo di casa - Team Baxter             | P:-   B:-   L:-   M:-  
2026-09-10 09:13:01 | NOT_FOUND  | TMDB_NO_MA | Guardia Costiera - I due rivali          | Guardia Costiera - I due rivali          | P:-   B:-   L:-   M:-  
2026-09-10 09:13:01 | NOT_FOUND  | TMDB_NO_MA | La grande prateria                       | La grande prateria                       | P:-   B:-   L:-   M:-  
2026-09-10 09:13:01 | NOT_FOUND  | TMDB_NO_MA | Seaside Hotel - Bufera in arrivo         | Seaside Hotel - Bufera in arrivo         | P:-   B:-   L:-   M:-  
2026-09-10 09:13:02 | NOT_FOUND  | TMDB_NO_MA | Modem                                    | Modem                                    | P:-   B:-   L:-   M:-  
2026-09-10 09:13:02 | NOT_FOUND  | TMDB_NO_MA | Radiogiornale                            | Radiogiornale                            | P:-   B:-   L:-   M:-  
2026-09-10 09:13:02 | NOT_FOUND  | TMDB_NO_MA | Setteventi in TV                         | Setteventi in TV                         | P:-   B:-   L:-   M:-  
2026-09-10 09:13:02 | NOT_FOUND  | TMDB_NO_MA | Casa Svizzera                            | Casa Svizzera                            | P:-   B:-   L:-   M:-  
2026-09-10 09:13:02 | NOT_FOUND  | TMDB_NO_MA | Millevoci in TV                          | Millevoci in TV                          | P:-   B:-   L:-   M:-  
2026-09-10 09:13:03 | NOT_FOUND  | TMDB_NO_MA | Le 8-9                                   | Le 8-9                                   | P:-   B:-   L:-   M:-  
2026-09-10 09:13:06 | NOT_FOUND  | TMDB_NO_MA | Quoi ? Quand ? Où ?                      | Quoi? Quand? Où?                         | P:-   B:-   L:-   M:-  
2026-09-10 09:13:06 | NOT_FOUND  | TMDB_NO_MA | Le Clan Delon - L'impossible héritage    | Le Clan Delon - L'impossible héritage    | P:-   B:-   L:-   M:-  
2026-09-10 09:13:11 | NOT_FOUND  | TMDB_NO_MA | Dans les coulisses de "Vigilante"        | Dans les coulisses de "Vigilante"        | P:-   B:-   L:-   M:-  
2026-09-10 09:13:11 | NOT_FOUND  | TMDB_NO_MA | Coûte que coûte, c'est notre argent      | Coûte que coûte, c'est notre argent      | P:-   B:-   L:-   M:-  
2026-09-10 09:13:18 | NOT_FOUND  | TMDB_NO_MA | Dans votre canap' VIP                    | Dans votre canap' VIP                    | P:-   B:-   L:-   M:-  
2026-09-10 09:13:20 | NOT_FOUND  | TMDB_NO_MA | Dr. House - Medical division             | Dr. House - Medical division             | P:-   B:-   L:-   M:-  
2026-09-10 09:13:21 | NOT_FOUND  | TMDB_NO_MA | Segreti di famiglia                      | Segreti di famiglia                      | P:-   B:-   L:-   M:-  
2026-09-10 09:13:21 | NOT_FOUND  | TMDB_NO_MA | Ore 11                                   | Ore 11                                   | P:-   B:-   L:-   M:-  
2026-09-10 09:13:32 | NOT_FOUND  | TMDB_NO_MA | Porta a Porta                            | Porta a Porta                            | P:-   B:-   L:-   M:-  
2026-09-10 09:13:34 | NOT_FOUND  | TMDB_NO_MA | Squadra Speciale Colonia - Indifeso      | Squadra Speciale Colonia - Indifeso      | P:-   B:-   L:-   M:-  
2026-09-10 09:13:34 | NOT_FOUND  | TMDB_NO_MA | La morte corre in rete                   | La morte corre in rete                   | P:-   B:-   L:-   M:-  
2026-09-10 09:13:34 | NOT_FOUND  | TMDB_NO_MA | Fiamme fatali                            | Fiamme fatali                            | P:-   B:-   L:-   M:-  
2026-09-10 09:13:35 | NOT_FOUND  | TMDB_NO_MA | RaiNews24                                | RaiNews24                                | P:-   B:-   L:-   M:-  
2026-09-10 09:13:35 | NOT_FOUND  | TMDB_NO_MA | Senza Traccia II ep.3                    | Senza Traccia II                         | P:-   B:-   L:-   M:-  
2026-09-10 09:13:35 | NOT_FOUND  | TMDB_NO_MA | Stranger Tape in Town pt.3               | Stranger Tape in Town                    | P:-   B:-   L:-   M:-  
2026-09-10 09:13:35 | NOT_FOUND  | TMDB_NO_MA | Fast Forward IV ep.1                     | Fast Forward IV                          | P:-   B:-   L:-   M:-  
2026-09-10 09:13:46 | NOT_FOUND  | TMDB_NO_MA | Nuove reclute                            | Nuove reclute                            | P:-   B:-   L:-   M:-  
2026-09-10 09:13:46 | NOT_FOUND  | TMDB_NO_MA | Ore 14                                   | Ore 14                                   | P:-   B:-   L:-   M:-  
2026-09-10 09:13:46 | NOT_FOUND  | TMDB_NO_MA | Bellama'                                 | Bellama'                                 | P:-   B:-   L:-   M:-  
2026-09-10 09:13:46 | NOT_FOUND  | TMDB_NO_MA | S.W.A.T. Ritorno alla base               | S.W.A.T. Ritorno alla base               | P:-   B:-   L:-   M:-  
2026-09-10 09:14:22 | NOT_FOUND  | TMDB_NO_MA | TG 1 L.I.S.                              | TG 1 L.I.S                               | P:-   B:-   L:-   M:-  
2026-09-10 09:14:22 | NOT_FOUND  | TMDB_NO_MA | UnoMattina                               | UnoMattina                               | P:-   B:-   L:-   M:-  
2026-09-10 09:14:24 | NOT_FOUND  | TMDB_NO_MA | I casi della giovane Miss Fisher Vivi e  | I casi della giovane Miss Fisher Vivi e  | P:-   B:-   L:-   M:-  
2026-09-10 09:14:28 | NOT_FOUND  | TMDB_NO_MA | Private Eyes II ep.12                    | Private Eyes II                          | P:-   B:-   L:-   M:-  
2026-09-10 09:14:28 | NOT_FOUND  | TMDB_NO_MA | Fast Forward VII ep.9                    | Fast Forward VII                         | P:-   B:-   L:-   M:-  
2026-09-10 09:14:46 | NOT_FOUND  | TMDB_NO_MA | Greenowie w wielkim mieście 4: odc.97    | Greenowie w wielkim mieście              | P:-   B:-   L:-   M:-  
2026-09-10 09:15:05 | NOT_FOUND  | TMDB_NO_MA | Psia Brygada 2 (odc. 29)                 | Psia Brygada                             | P:-   B:-   L:-   M:-  
2026-09-10 09:15:05 | NOT_FOUND  | TMDB_NO_MA | Grzmotomocni: Tajniacy 1 (odc. 24)       | Grzmotomocni: Tajniacy                   | P:-   B:-   L:-   M:-  
2026-09-10 09:15:05 | NOT_FOUND  | TMDB_NO_MA | Niebezpieczny oddział 3 (odc. 4)         | Niebezpieczny oddział                    | P:-   B:-   L:-   M:-  
2026-09-10 09:15:08 | NOT_FOUND  | TMDB_NO_MA | Barbapapa - szczęśliwa rodzinka! 1 (odc. | Barbapapa - szczęśliwa rodzinka!         | P:-   B:-   L:-   M:-  
2026-09-10 09:15:09 | NOT_FOUND  | TMDB_NO_MA | Pan Krokodyl 1 (odc. 2)                  | Pan Krokodyl                             | P:-   B:-   L:-   M:-  
2026-09-10 09:15:12 | NOT_FOUND  | TMDB_NO_MA | Wielkodomscy 3 (odc. 5)                  | Wielkodomscy                             | P:-   B:-   L:-   M:-  
2026-09-10 09:15:12 | NOT_FOUND  | TMDB_NO_MA | Wylde Pak - zakręcona paka: odc.6        | Wylde Pak - zakręcona paka               | P:-   B:-   L:-   M:-  
2026-09-10 09:15:15 | NOT_FOUND  | TMDB_NO_MA | Szasza i Milo 1 (odc. 2)                 | Szasza i Milo                            | P:-   B:-   L:-   M:-  
2026-09-10 09:15:16 | NOT_FOUND  | TMDB_NO_MA | Cloudy & Stormy 1 (odc. 1)               | Cloudy& Stormy                           | P:-   B:-   L:-   M:-  
2026-09-10 09:15:20 | NOT_FOUND  | TMDB_NO_MA | Ptyś i Bill 2: odc.88                    | Ptyś i Bill                              | P:-   B:-   L:-   M:-  
2026-09-10 09:15:22 | NOT_FOUND  | TMDB_NO_MA | Vida i zwierzaki: odc.9                  | Vida i zwierzaki                         | P:-   B:-   L:-   M:-  
2026-09-10 09:15:22 | NOT_FOUND  | TMDB_NO_MA | Króliczek Bing 4: odc.24                 | Króliczek Bing                           | P:-   B:-   L:-   M:-  
2026-09-10 09:15:22 | NOT_FOUND  | TMDB_NO_MA | Leo, strażnik przyrody 3: odc.48         | Leo, strażnik przyrody                   | P:-   B:-   L:-   M:-  
2026-09-10 09:15:29 | NOT_FOUND  | TMDB_NO_MA | Masha e Orso III EP.77                   | Masha e Orso III                         | P:-   B:-   L:-   M:-  
2026-09-10 09:15:29 | NOT_FOUND  | TMDB_NO_MA | Firebuds 3 EP.50                         | Firebuds 3                               | P:-   B:-   L:-   M:-  
2026-09-10 09:15:38 | NOT_FOUND  | TMDB_NO_MA | Twardzielki 1 (odc. 1)                   | Twardzielki                              | P:-   B:-   L:-   M:-  
2026-09-10 09:15:38 | NOT_FOUND  | TMDB_NO_MA | Złombol 1 (odc. 4)                       | Złombol                                  | P:-   B:-   L:-   M:-  
2026-09-10 09:15:41 | NOT_FOUND  | TMDB_NO_MA | Kraina wielkich kotów 1 (odc. 2)         | Kraina wielkich kotów                    | P:-   B:-   L:-   M:-  
2026-09-10 09:15:41 | NOT_FOUND  | TMDB_NO_MA | Autostrada dla super-rekinów 1 (odc. 1)  | Autostrada dla super-rekinów             | P:-   B:-   L:-   M:-  
2026-09-10 09:15:41 | NOT_FOUND  | TMDB_NO_MA | Rok z dziką przyrodą 1 (odc. 5)          | Rok z dziką przyrodą                     | P:-   B:-   L:-   M:-  
2026-09-10 09:15:41 | NOT_FOUND  | TMDB_NO_MA | Tajemnice afrykańskich drzew 1 (odc. 2)  | Tajemnice afrykańskich drzew             | P:-   B:-   L:-   M:-  
2026-09-10 09:15:43 | NOT_FOUND  | TMDB_NO_MA | Love of the Wild: A Falconer's Legacy in | Love of the Wild: A Falconer's Legacy in | P:-   B:-   L:-   M:-  
2026-09-10 09:15:43 | NOT_FOUND  | TMDB_NO_MA | The Armchair Adventurer: odc.7           | The Armchair Adventurer                  | P:-   B:-   L:-   M:-  
2026-09-10 09:15:46 | NOT_FOUND  | TMDB_NO_MA | Miejsce docelowe: zdrowie 3: odc.8       | Miejsce docelowe: zdrowie                | P:-   B:-   L:-   M:-  
2026-09-10 09:15:47 | NOT_FOUND  | TMDB_NO_MA | Wegetariańskie pyszności: odc.1          | Wegetariańskie pyszności                 | P:-   B:-   L:-   M:-  
2026-09-10 09:15:49 | NOT_FOUND  | TMDB_NO_MA | Amazonia z Robsonem Greenem: odc.1       | Amazonia z Robsonem Greenem              | P:-   B:-   L:-   M:-  
2026-09-10 09:15:49 | NOT_FOUND  | TMDB_NO_MA | Dzika Francja: odc.1                     | Dzika Francja                            | P:-   B:-   L:-   M:-  
2026-09-10 09:15:49 | NOT_FOUND  | TMDB_NO_MA | Życie na pustkowiu 10: odc.2             | Życie na pustkowiu                       | P:-   B:-   L:-   M:-  
2026-09-10 09:15:49 | NOT_FOUND  | TMDB_NO_MA | Tajlandia z Sue Perkins: odc.2           | Tajlandia z Sue Perkins                  | P:-   B:-   L:-   M:-  
2026-09-10 09:15:51 | NOT_FOUND  | TMDB_NO_MA | Z życia weterynarzy                      | Z życia weterynarzy                      | P:-   B:-   L:-   M:-  
2026-09-10 09:15:51 | NOT_FOUND  | TMDB_NO_MA | Projekt akwarium: odc.4                  | Projekt akwarium                         | P:-   B:-   L:-   M:-  
2026-09-10 09:15:51 | NOT_FOUND  | TMDB_NO_MA | Weterynarz z Gór Skalistych              | Weterynarz z Gór Skalistych              | P:-   B:-   L:-   M:-  
2026-09-10 09:15:51 | NOT_FOUND  | TMDB_NO_MA | Policja dla zwierząt w Houston 19 (odc.  | Policja dla zwierząt w Houston           | P:-   B:-   L:-   M:-  
2026-09-10 09:15:54 | NOT_FOUND  | TMDB_NO_MA | Długi weekend                            | Długi weekend                            | P:-   B:-   L:-   M:-  
2026-09-10 09:16:04 | NOT_FOUND  | TMDB_NO_MA | Złapać przemytnika: odc.1                | Złapać przemytnika                       | P:-   B:-   L:-   M:-  
2026-09-10 09:16:04 | NOT_FOUND  | TMDB_NO_MA | Niszczycielskie żywioły 9 (odc. 10)      | Niszczycielskie żywioły                  | P:-   B:-   L:-   M:-  
2026-09-10 09:16:04 | NOT_FOUND  | TMDB_NO_MA | Egipt: tajemnica grobowca 2 (odc. 1)     | Egipt: tajemnica grobowca                | P:-   B:-   L:-   M:-  
2026-09-10 09:16:07 | NOT_FOUND  | TMDB_NO_MA | Plemienna szkoła przetrwania: odc.2      | Plemienna szkoła przetrwania             | P:-   B:-   L:-   M:-  
2026-09-10 09:16:09 | NOT_FOUND  | TMDB_NO_MA | Wyprawa w nieznane 9 (odc. 1)            | Wyprawa w nieznane                       | P:-   B:-   L:-   M:-  
2026-09-10 09:16:09 | NOT_FOUND  | TMDB_NO_MA | W dżungli z Edem Staffordem 1 (odc. 1)   | W dżungli z Edem Staffordem              | P:-   B:-   L:-   M:-  
2026-09-10 09:16:14 | NOT_FOUND  | TMDB_NO_MA | Mordercy z walizkami: odc.3              | Mordercy z walizkami                     | P:-   B:-   L:-   M:-  
2026-09-10 09:16:14 | NOT_FOUND  | TMDB_NO_MA | Mordercze śledztwa 3: odc.12             | Mordercze śledztwa                       | P:-   B:-   L:-   M:-  
2026-09-10 09:16:14 | NOT_FOUND  | TMDB_NO_MA | Amerykańskie granice: Mosty 3: odc.4     | Amerykańskie granice: Mosty              | P:-   B:-   L:-   M:-  
2026-09-10 09:16:14 | NOT_FOUND  | TMDB_NO_MA | Nie widząc zła 8: odc.13                 | Nie widząc zła                           | P:-   B:-   L:-   M:-  
2026-09-10 09:16:14 | NOT_FOUND  | TMDB_NO_MA | Umysł seryjnego mordercy 2: odc.3        | Umysł seryjnego mordercy                 | P:-   B:-   L:-   M:-  
2026-09-10 09:16:15 | NOT_FOUND  | TMDB_NO_MA | Zbrodnia prawie doskonała 2: odc.12      | Zbrodnia prawie doskonała                | P:-   B:-   L:-   M:-  
2026-09-10 09:16:15 | NOT_FOUND  | TMDB_NO_MA | Morderca z internetu 2 (odc. 3)          | Morderca z internetu                     | P:-   B:-   L:-   M:-  
2026-09-10 09:16:15 | NOT_FOUND  | TMDB_NO_MA | Ostatnie godziny przed śmiercią 5: odc.1 | Ostatnie godziny przed śmiercią          | P:-   B:-   L:-   M:-  
2026-09-10 09:16:15 | NOT_FOUND  | TMDB_NO_MA | W ogródku, za domem... 5 (odc. 10)       | W ogródku, za domem                      | P:-   B:-   L:-   M:-  
2026-09-10 09:16:17 | NOT_FOUND  | TMDB_NO_MA | W kręgu kłamstw: odc.7                   | W kręgu kłamstw                          | P:-   B:-   L:-   M:-  
2026-09-10 09:16:17 | NOT_FOUND  | TMDB_NO_MA | Kłamstwa żądne krwi                      | Kłamstwa żądne krwi                      | P:-   B:-   L:-   M:-  
2026-09-10 09:16:17 | NOT_FOUND  | TMDB_NO_MA | Śmierć w cieniu stadionu 3               | Śmierć w cieniu stadionu 3               | P:-   B:-   L:-   M:-  
2026-09-10 09:16:19 | NOT_FOUND  | TMDB_NO_MA | Misja SpaceX - powrót z kosmosu          | Misja SpaceX - powrót z kosmosu          | P:-   B:-   L:-   M:-  
2026-09-10 09:16:19 | NOT_FOUND  | TMDB_NO_MA | W sieci eksperymentów                    | W sieci eksperymentów                    | P:-   B:-   L:-   M:-  
2026-09-10 09:16:28 | NOT_FOUND  | TMDB_NO_MA | Alpejscy drwale 1 (odc. 1)               | Alpejscy drwale                          | P:-   B:-   L:-   M:-  
2026-09-10 09:16:28 | NOT_FOUND  | TMDB_NO_MA | Dwa oblicza survivalu 3 (odc. 4)         | Dwa oblicza survivalu                    | P:-   B:-   L:-   M:-  
2026-09-10 09:16:28 | NOT_FOUND  | TMDB_NO_MA | Fani czterech kółek 15                   | Fani czterech kółek 15                   | P:-   B:-   L:-   M:-  
2026-09-10 09:16:29 | NOT_FOUND  | TMDB_NO_MA | Jak to wyjaśnić? 5: odc.12               | Jak to wyjaśnić?                         | P:-   B:-   L:-   M:-  
2026-09-10 09:16:29 | NOT_FOUND  | TMDB_NO_MA | Gwiazdy lombardu 22: Kroi się interes: o | Gwiazdy lombardu 22: Kroi się interes    | P:-   B:-   L:-   M:-  
2026-09-10 09:16:29 | NOT_FOUND  | TMDB_NO_MA | Starożytni kosmici 17: odc.8             | Starożytni kosmici                       | P:-   B:-   L:-   M:-  
2026-09-10 09:16:31 | NOT_FOUND  | TMDB_NO_MA | Bez śladu                                | Bez śladu                                | P:-   B:-   L:-   M:-  
2026-09-10 09:16:31 | NOT_FOUND  | TMDB_NO_MA | Zwarte szeregi, czyli z archiwum Czołówk | Zwarte szeregi, czyli z archiwum Czołówk | P:-   B:-   L:-   M:-  
2026-09-10 09:16:31 | NOT_FOUND  | TMDB_NO_MA | Na tropach tajemnic 2 (odc. 3)           | Na tropach tajemnic                      | P:-   B:-   L:-   M:-  
2026-09-10 09:16:31 | NOT_FOUND  | TMDB_NO_MA | Zwarte szeregi, czyli z archiwum Czołówk | Zwarte szeregi, czyli z archiwum Czołówk | P:-   B:-   L:-   M:-  
2026-09-10 09:16:31 | NOT_FOUND  | TMDB_NO_MA | Militaria na warsztat 2 (odc. 4)         | Militaria na warsztat                    | P:-   B:-   L:-   M:-  
2026-09-10 09:16:33 | NOT_FOUND  | TMDB_NO_MA | Wszechświat 2 (odc. 2)                   | Wszechświat                              | P:-   B:-   L:-   M:-  
2026-09-10 09:16:33 | NOT_FOUND  | TMDB_NO_MA | Niewyjaśnione tajemnice świata 2 (odc. 1 | Niewyjaśnione tajemnice świata           | P:-   B:-   L:-   M:-  
2026-09-10 09:16:37 | NOT_FOUND  | TMDB_NO_MA | II wojna światowa - wielkie bitwy w Euro | II wojna światowa - wielkie bitwy w Euro | P:-   B:-   L:-   M:-  
2026-09-10 09:16:37 | NOT_FOUND  | TMDB_NO_MA | Tajne bronie II wojny światowej 1 (odc.  | Tajne bronie II wojny światowej          | P:-   B:-   L:-   M:-  
2026-09-10 09:16:39 | NOT_FOUND  | TMDB_NO_MA | Atak rekina-samuraja                     | Atak rekina-samuraja                     | P:-   B:-   L:-   M:-  
2026-09-10 09:16:39 | NOT_FOUND  | TMDB_NO_MA | Wielkie rzeki: odc.4                     | Wielkie rzeki                            | P:-   B:-   L:-   M:-  
2026-09-10 09:16:39 | NOT_FOUND  | TMDB_NO_MA | W okowach mrozu 9 (odc. 7)               | W okowach mrozu                          | P:-   B:-   L:-   M:-  
2026-09-10 09:16:39 | NOT_FOUND  | TMDB_NO_MA | Wojny zwierząt 1 (odc. 3)                | Wojny zwierząt                           | P:-   B:-   L:-   M:-  
2026-09-10 09:16:39 | NOT_FOUND  | TMDB_NO_MA | Ziemia z kosmosu 1 (odc. 3)              | Ziemia z kosmosu                         | P:-   B:-   L:-   M:-  
2026-09-10 09:16:41 | NOT_FOUND  | TMDB_NO_MA | Bohaterowie z Kolumbii Brytyjskiej: odc. | Bohaterowie z Kolumbii Brytyjskiej       | P:-   B:-   L:-   M:-  
2026-09-10 09:16:41 | NOT_FOUND  | TMDB_NO_MA | Niezwykłe linie kolejowe: odc.1          | Niezwykłe linie kolejowe                 | P:-   B:-   L:-   M:-  
2026-09-10 09:16:41 | NOT_FOUND  | TMDB_NO_MA | Samochody marzeń: odc.6                  | Samochody marzeń                         | P:-   B:-   L:-   M:-  
2026-09-10 09:16:41 | NOT_FOUND  | TMDB_NO_MA | Złoto Jukonu 5: odc.1                    | Złoto Jukonu                             | P:-   B:-   L:-   M:-  
2026-09-10 09:16:41 | NOT_FOUND  | TMDB_NO_MA | Australijscy poszukiwacze złota 5: odc.9 | Australijscy poszukiwacze złota          | P:-   B:-   L:-   M:-  
2026-09-10 09:16:42 | NOT_FOUND  | TMDB_NO_MA | Wielkie wycieczkowce: odc.1              | Wielkie wycieczkowce                     | P:-   B:-   L:-   M:-  
2026-09-10 09:16:42 | NOT_FOUND  | TMDB_NO_MA | Świat z góry: odc.14                     | Świat z góry                             | P:-   B:-   L:-   M:-  
2026-09-10 09:16:47 | NOT_FOUND  | TMDB_NO_MA | Słoiki: odc.43                           | Słoiki                                   | P:-   B:-   L:-   M:-  
2026-09-10 09:16:51 | NOT_FOUND  | TMDB_NO_MA | Megasknery 2 (odc. 2)                    | Megasknery                               | P:-   B:-   L:-   M:-  
2026-09-10 09:16:51 | NOT_FOUND  | TMDB_NO_MA | Megasknery 2                             | Megasknery 2                             | P:-   B:-   L:-   M:-  
2026-09-10 09:16:51 | NOT_FOUND  | TMDB_NO_MA | Wiza na miłość: ostatnia szansa 2 (odc.  | Wiza na miłość: ostatnia szansa          | P:-   B:-   L:-   M:-  
2026-09-10 09:16:51 | NOT_FOUND  | TMDB_NO_MA | Historie wielkiej wagi: Brazylia 2 (odc. | Historie wielkiej wagi: Brazylia         | P:-   B:-   L:-   M:-  
2026-09-10 09:16:57 | NOT_FOUND  | TMDB_NO_MA | Co Polak potrafi na drodze? 1 (odc. 8)   | Co Polak potrafi na drodze?              | P:-   B:-   L:-   M:-  
2026-09-10 09:16:57 | NOT_FOUND  | TMDB_NO_MA | Inżynieryjne katastrofy 1 (odc. 9)       | Inżynieryjne katastrofy                  | P:-   B:-   L:-   M:-  
2026-09-10 09:17:05 | NOT_FOUND  | TMDB_NO_MA | Straż graniczna 2: odc.3                 | Straż graniczna                          | P:-   B:-   L:-   M:-  
2026-09-10 09:17:05 | NOT_FOUND  | TMDB_NO_MA | Wojna Adolfa Hitlera: odc.5              | Wojna Adolfa Hitlera                     | P:-   B:-   L:-   M:-  
2026-09-10 09:17:07 | NOT_FOUND  | TMDB_NO_MA | Ogród bez tajemnic 2 (odc. 7)            | Ogród bez tajemnic                       | P:-   B:-   L:-   M:-  
2026-09-10 09:17:07 | NOT_FOUND  | TMDB_NO_MA | Jak powstają domy marzeń 1 (odc. 5)      | Jak powstają domy marzeń                 | P:-   B:-   L:-   M:-  
2026-09-10 09:17:09 | NOT_FOUND  | TMDB_NO_MA | 10 zadań specjalnych Michela Morana: odc | 10 zadań specjalnych Michela Morana      | P:-   B:-   L:-   M:-  
2026-09-10 09:17:14 | NOT_FOUND  | TMDB_NO_MA | Słodka jak Sugar 1 (odc. 8)              | Słodka jak Sugar                         | P:-   B:-   L:-   M:-  
2026-09-10 09:17:14 | NOT_FOUND  | TMDB_NO_MA | Azjatycka kuchnia Evy Pau 1 (odc. 1)     | Azjatycka kuchnia Evy Pau                | P:-   B:-   L:-   M:-  
2026-09-10 09:17:14 | NOT_FOUND  | TMDB_NO_MA | Sachie w Nowej Zelandii 2 (odc. 8)       | Sachie w Nowej Zelandii                  | P:-   B:-   L:-   M:-  
2026-09-10 09:17:14 | NOT_FOUND  | TMDB_NO_MA | Zielona rewolucja Marty Dymek 5 (odc. 10 | Zielona rewolucja Marty Dymek            | P:-   B:-   L:-   M:-  
2026-09-10 09:17:17 | NOT_FOUND  | TMDB_NO_MA | Domowy kryminał: Życie świadka koronnego | Domowy kryminał: Życie świadka koronnego | P:-   B:-   L:-   M:-  
2026-09-10 09:17:17 | NOT_FOUND  | TMDB_NO_MA | Psycho Kasie                             | Psycho Kasie                             | P:-   B:-   L:-   M:-  
2026-09-10 09:17:17 | NOT_FOUND  | TMDB_NO_MA | Świat w 700 sekund                       | Świat w 700 sekund                       | P:-   B:-   L:-   M:-  
2026-09-10 09:17:17 | NOT_FOUND  | TMDB_NO_MA | Wielkie Oczy: 10 najbardziej stereotypow | Wielkie Oczy: 10 najbardziej stereotypow | P:-   B:-   L:-   M:-  
2026-09-10 09:17:17 | NOT_FOUND  | TMDB_NO_MA | Moontalk: Kamil Nosel                    | Moontalk: Kamil Nosel                    | P:-   B:-   L:-   M:-  
2026-09-10 09:17:18 | NOT_FOUND  | TMDB_NO_MA | Głębia: odc.17                           | Głębia                                   | P:-   B:-   L:-   M:-  
2026-09-10 09:17:18 | NOT_FOUND  | TMDB_NO_MA | Telmo i Tula - mali kucharze: odc.43     | Telmo i Tula - mali kucharze             | P:-   B:-   L:-   M:-  
2026-09-10 09:17:18 | NOT_FOUND  | TMDB_NO_MA | Ziemia do Luny!: odc.113                 | Ziemia do Luny!                          | P:-   B:-   L:-   M:-  
2026-09-10 09:17:20 | NOT_FOUND  | TMDB_NO_MA | Było sobie życie: odc.19                 | Było sobie życie                         | P:-   B:-   L:-   M:-  
2026-09-10 09:17:20 | NOT_FOUND  | TMDB_NO_MA | Wehikuł czasu: 10 września: odc.910      | Wehikuł czasu: 10 września               | P:-   B:-   L:-   M:-  
2026-09-10 09:17:23 | NOT_FOUND  | TMDB_NO_MA | Zakochani w Rzymie                       | Zakochani w Rzymie                       | P:-   B:-   L:-   M:-  
2026-09-10 09:17:23 | NOT_FOUND  | TMDB_NO_MA | Slow Light                               | Slow Light                               | P:-   B:-   L:-   M:-  
2026-09-10 09:17:23 | NOT_FOUND  | TMDB_NO_MA | Tamte lata, tamte dni: Filip Bajon       | Tamte lata, tamte dni: Filip Bajon       | P:-   B:-   L:-   M:-  
2026-09-10 09:17:29 | NOT_FOUND  | TMDB_NO_MA | Wszystkie kolory świata                  | Wszystkie kolory świata                  | P:-   B:-   L:-   M:-  
2026-09-10 09:17:29 | NOT_FOUND  | TMDB_NO_MA | Port wojenny Gdynia 1923-1939            | Port wojenny Gdynia -1939                | P:-   B:-   L:-   M:-  
2026-09-10 09:17:29 | NOT_FOUND  | TMDB_NO_MA | Wszystkie wojny Rosji 1 (odc. 2)         | Wszystkie wojny Rosji                    | P:-   B:-   L:-   M:-  
2026-09-10 09:17:44 | NOT_FOUND  | TMDB_NO_MA | Studio Parlament                         | Studio Parlament                         | P:-   B:-   L:-   M:-  
2026-09-10 09:17:44 | NOT_FOUND  | TMDB_NO_MA | Debata polityczna                        | Debata polityczna                        | P:-   B:-   L:-   M:-  
2026-09-10 09:17:44 | NOT_FOUND  | TMDB_NO_MA | Studio parlament                         | Studio parlament                         | P:-   B:-   L:-   M:-  
2026-09-10 09:17:48 | NOT_FOUND  | TMDB_NO_MA | Les mondes d'Ushuaïa                     | Les mondes d'Ushuaïa                     | P:-   B:-   L:-   M:-  
2026-09-10 09:17:50 | NOT_FOUND  | TMDB_NO_MA | Trophées du monde                        | Trophées du monde                        | P:-   B:-   L:-   M:-  
2026-09-10 09:17:54 | NOT_FOUND  | TMDB_NO_MA | Jack l'éventreur : affaire non résolue   | Jack l'éventreur: affaire non résolue    | P:-   B:-   L:-   M:-  
2026-09-10 09:17:54 | NOT_FOUND  | TMDB_NO_MA | Les derniers secrets du serpent          | Les derniers secrets du serpent          | P:-   B:-   L:-   M:-  
2026-09-10 09:17:59 | NOT_FOUND  | TMDB_NO_MA | Réparer la nature                        | Réparer la nature                        | P:-   B:-   L:-   M:-  
2026-09-10 09:17:59 | NOT_FOUND  | TMDB_NO_MA | La nature se déchaîne                    | La nature se déchaîne                    | P:-   B:-   L:-   M:-  
2026-09-10 09:17:59 | NOT_FOUND  | TMDB_NO_MA | Quand la nature se déchaîne              | Quand la nature se déchaîne              | P:-   B:-   L:-   M:-  
2026-09-10 09:17:59 | NOT_FOUND  | TMDB_NO_MA | Les nouveaux pionniers de l'espace       | Les nouveaux pionniers de l'espace       | P:-   B:-   L:-   M:-  
2026-09-10 09:18:01 | NOT_FOUND  | TMDB_NO_MA | Arnaud de Rosnay, au-delà du défi        | Arnaud de Rosnay, au-delà du défi        | P:-   B:-   L:-   M:-  
2026-09-10 09:18:01 | NOT_FOUND  | TMDB_NO_MA | Patrick Edlinger, la liberté au bout des | Patrick Edlinger, la liberté au bout des | P:-   B:-   L:-   M:-  
2026-09-10 09:18:01 | NOT_FOUND  | TMDB_NO_MA | Inside Surfing                           | Inside Surfing                           | P:-   B:-   L:-   M:-  
2026-09-10 09:18:29 | NOT_FOUND  | TMDB_NO_MA | Wszystkie kolory świata: Senegal, mędrze | Wszystkie kolory świata: Senegal, mędrze | P:-   B:-   L:-   M:-  
2026-09-10 09:31:26 | NOT_FOUND  | TMDB_NO_MA | Port wojenny Gdynia 1923-1939            | Port wojenny Gdynia -1939                | P:-   B:-   L:-   M:-  
2026-09-10 09:31:26 | NOT_FOUND  | TMDB_NO_MA | Wszystkie kolory świata: Senegal, mędrze | Wszystkie kolory świata: Senegal, mędrze | P:-   B:-   L:-   M:-  
2026-09-10 09:31:26 | NOT_FOUND  | TMDB_NO_MA | Wszystkie wojny Rosji 1 (odc. 2)         | Wszystkie wojny Rosji                    | P:-   B:-   L:-   M:-  
2026-09-10 09:31:28 | NOT_FOUND  | TMDB_NO_MA | Zakochani w Rzymie                       | Zakochani w Rzymie                       | P:-   B:-   L:-   M:-  
2026-09-10 09:31:28 | NOT_FOUND  | TMDB_NO_MA | Slow Light                               | Slow Light                               | P:-   B:-   L:-   M:-  
2026-09-10 09:31:28 | NOT_FOUND  | TMDB_NO_MA | Tamte lata, tamte dni: Filip Bajon       | Tamte lata, tamte dni: Filip Bajon       | P:-   B:-   L:-   M:-  
2026-09-10 09:31:28 | NOT_FOUND  | TMDB_NO_MA | Rosół z kaczki                           | Rosół z kaczki                           | P:-   B:-   L:-   M:-  
2026-09-10 09:31:30 | NOT_FOUND  | TMDB_NO_MA | Było sobie życie: odc.20                 | Było sobie życie                         | P:-   B:-   L:-   M:-  
2026-09-10 09:31:30 | NOT_FOUND  | TMDB_NO_MA | Wehikuł czasu: 10 września: odc.910      | Wehikuł czasu: 10 września               | P:-   B:-   L:-   M:-  
2026-09-10 09:31:30 | NOT_FOUND  | TMDB_NO_MA | Starożytni kosmici 9: odc.6              | Starożytni kosmici                       | P:-   B:-   L:-   M:-  
2026-09-10 09:31:34 | NOT_FOUND  | TMDB_NO_MA | Trophées du monde                        | Trophées du monde                        | P:-   B:-   L:-   M:-  
2026-09-10 09:31:35 | NOT_FOUND  | TMDB_NO_MA | Les mondes d'Ushuaïa                     | Les mondes d'Ushuaïa                     | P:-   B:-   L:-   M:-  
2026-09-10 09:31:39 | NOT_FOUND  | TMDB_NO_MA | Jack l'éventreur : affaire non résolue   | Jack l'éventreur: affaire non résolue    | P:-   B:-   L:-   M:-  
2026-09-10 09:31:39 | NOT_FOUND  | TMDB_NO_MA | Les derniers secrets du serpent          | Les derniers secrets du serpent          | P:-   B:-   L:-   M:-  
2026-09-10 09:31:41 | NOT_FOUND  | TMDB_NO_MA | Quand la nature se déchaîne              | Quand la nature se déchaîne              | P:-   B:-   L:-   M:-  
2026-09-10 09:31:41 | NOT_FOUND  | TMDB_NO_MA | Réparer la nature                        | Réparer la nature                        | P:-   B:-   L:-   M:-  
2026-09-10 09:31:41 | NOT_FOUND  | TMDB_NO_MA | Les nouveaux pionniers de l'espace       | Les nouveaux pionniers de l'espace       | P:-   B:-   L:-   M:-  
2026-09-10 09:31:41 | NOT_FOUND  | TMDB_NO_MA | La nature se déchaîne                    | La nature se déchaîne                    | P:-   B:-   L:-   M:-  
2026-09-10 09:31:43 | NOT_FOUND  | TMDB_NO_MA | Arnaud de Rosnay, au-delà du défi        | Arnaud de Rosnay, au-delà du défi        | P:-   B:-   L:-   M:-  
2026-09-10 09:31:43 | NOT_FOUND  | TMDB_NO_MA | Inside Surfing                           | Inside Surfing                           | P:-   B:-   L:-   M:-  
2026-09-10 09:31:44 | NOT_FOUND  | TMDB_NO_MA | Twardzielki 1 (odc. 1)                   | Twardzielki                              | P:-   B:-   L:-   M:-  
2026-09-10 09:31:52 | NOT_FOUND  | TMDB_NO_MA | Harry Potter i Insygnia Śmierci: Część 2 | Harry Potter i Insygnia Śmierci: Część 2 | P:-   B:-   L:-   M:-  
2026-09-10 09:31:52 | NOT_FOUND  | TMDB_NO_MA | Kolejna zwyczajna przysługa              | Kolejna zwyczajna przysługa              | P:-   B:-   L:-   M:-  
2026-09-10 09:31:52 | NOT_FOUND  | TMDB_NO_MA | Mój mistrz                               | Mój mistrz                               | P:-   B:-   L:-   M:-  
2026-09-10 09:31:54 | NOT_FOUND  | TMDB_NO_MA | Spider-Man: Bez drogi do domu            | Spider-Man: Bez drogi do domu            | P:-   B:-   L:-   M:-  
2026-09-10 09:31:54 | NOT_FOUND  | TMDB_NO_MA | Kina i Yuk                               | Kina i Yuk                               | P:-   B:-   L:-   M:-  
2026-09-10 09:31:54 | NOT_FOUND  | TMDB_NO_MA | Śmierć komedianta                        | Śmierć komedianta                        | P:-   B:-   L:-   M:-  
2026-09-10 09:31:57 | NOT_FOUND  | TMDB_NO_MA | Okiem Oscara                             | Okiem Oscara                             | P:-   B:-   L:-   M:-  
2026-09-10 09:31:57 | NOT_FOUND  | TMDB_NO_MA | O psie, który wrócił do domu             | O psie, który wrócił do domu             | P:-   B:-   L:-   M:-  
2026-09-10 09:31:59 | NOT_FOUND  | TMDB_NO_MA | Nauczyciel, który obiecał nam morze      | Nauczyciel, który obiecał nam morze      | P:-   B:-   L:-   M:-  
2026-09-10 09:31:59 | NOT_FOUND  | TMDB_NO_MA | Transformers: Zemsta upadłych            | Transformers: Zemsta upadłych            | P:-   B:-   L:-   M:-  
2026-09-10 09:31:59 | NOT_FOUND  | TMDB_NO_MA | Moje miejsce jest tutaj                  | Moje miejsce jest tutaj                  | P:-   B:-   L:-   M:-  
2026-09-10 09:31:59 | NOT_FOUND  | TMDB_NO_MA | Zabić mongolskiego konia                 | Zabić mongolskiego konia                 | P:-   B:-   L:-   M:-  
2026-09-10 09:31:59 | NOT_FOUND  | TMDB_NO_MA | Chmurka                                  | Chmurka                                  | P:-   B:-   L:-   M:-  
2026-09-10 09:32:02 | NOT_FOUND  | TMDB_NO_MA | Wietrzne podróże                         | Wietrzne podróże                         | P:-   B:-   L:-   M:-  
2026-09-10 09:32:02 | NOT_FOUND  | TMDB_NO_MA | Kilka dni, nie więcej                    | Kilka dni, nie więcej                    | P:-   B:-   L:-   M:-  
2026-09-10 09:32:02 | NOT_FOUND  | TMDB_NO_MA | Sześć stóp nad ziemią                    | Sześć stóp nad ziemią                    | P:-   B:-   L:-   M:-  
2026-09-10 09:32:02 | NOT_FOUND  | TMDB_NO_MA | Made in EU                               | Made in EU                               | P:-   B:-   L:-   M:-  
2026-09-10 09:32:02 | NOT_FOUND  | TMDB_NO_MA | Magia uczuć                              | Magia uczuć                              | P:-   B:-   L:-   M:-  
2026-09-10 09:32:03 | NOT_FOUND  | TMDB_NO_MA | Orzełek Iggy                             | Orzełek Iggy                             | P:-   B:-   L:-   M:-  
2026-09-10 09:32:03 | NOT_FOUND  | TMDB_NO_MA | Mikołaj i ekipa                          | Mikołaj i ekipa                          | P:-   B:-   L:-   M:-  
2026-09-10 09:32:04 | NOT_FOUND  | TMDB_NO_MA | Prawda czy fałsz. Psychologia trumpizmu  | Prawda czy fałsz. Psychologia trumpizmu  | P:-   B:-   L:-   M:-  
2026-09-10 09:32:04 | NOT_FOUND  | TMDB_NO_MA | Fuks                                     | Fuks                                     | P:-   B:-   L:-   M:-  
2026-09-10 09:32:04 | NOT_FOUND  | TMDB_NO_MA | Saga Zmierzch: Przed świtem. Część I     | Saga Zmierzch: Przed świtem. Część I     | P:-   B:-   L:-   M:-  
2026-09-10 09:32:04 | NOT_FOUND  | TMDB_NO_MA | Moje pieczone kurczaki                   | Moje pieczone kurczaki                   | P:-   B:-   L:-   M:-  
2026-09-10 09:32:06 | NOT_FOUND  | TMDB_NO_MA | W garniturach 3: odc.9                   | W garniturach                            | P:-   B:-   L:-   M:-  
2026-09-10 09:32:06 | NOT_FOUND  | TMDB_NO_MA | Długi weekend                            | Długi weekend                            | P:-   B:-   L:-   M:-  
2026-09-10 09:32:18 | NOT_FOUND  | TMDB_NO_MA | Ad Astra: Ku gwiazdom                    | Ad Astra: Ku gwiazdom                    | P:-   B:-   L:-   M:-  
2026-09-10 09:32:18 | NOT_FOUND  | TMDB_NO_MA | Papillon. Motylek                        | Papillon. Motylek                        | P:-   B:-   L:-   M:-  
2026-09-10 09:32:18 | NOT_FOUND  | TMDB_NO_MA | Strażnik czasu                           | Strażnik czasu                           | P:-   B:-   L:-   M:-  
2026-09-10 09:32:18 | NOT_FOUND  | TMDB_NO_MA | Kaktus Jack                              | Kaktus Jack                              | P:-   B:-   L:-   M:-  
2026-09-10 09:32:18 | NOT_FOUND  | TMDB_NO_MA | Honor wojownika                          | Honor wojownika                          | P:-   B:-   L:-   M:-  
2026-09-10 09:32:23 | NOT_FOUND  | TMDB_NO_MA | Gwiezdny pył                             | Gwiezdny pył                             | P:-   B:-   L:-   M:-  
2026-09-10 09:32:25 | NOT_FOUND  | TMDB_NO_MA | Pełniejsza chata 2: odc.5                | Pełniejsza chata                         | P:-   B:-   L:-   M:-  
2026-09-10 09:32:27 | NOT_FOUND  | TMDB_NO_MA | Che Dio ci aiuti - Fantasmi ep.1         | Che Dio ci aiuti - Fantasmi              | P:-   B:-   L:-   M:-  
2026-09-10 09:32:29 | NOT_FOUND  | ELCIN_NO_M | Un posto al sole 30 - p.138              | Un posto al sole 30                      | P:-   B:-   L:-   M:-  
2026-09-10 09:32:31 | NOT_FOUND  | TMDB_NO_MA | Il monaco di Monza                       | Il monaco di Monza                       | P:-   B:-   L:-   M:-  
2026-09-10 09:32:31 | NOT_FOUND  | TMDB_NO_MA | A qualsiasi prezzo                       | A qualsiasi prezzo                       | P:-   B:-   L:-   M:-  
2026-09-10 09:32:31 | NOT_FOUND  | TMDB_NO_MA | I lunghi giorni della vendetta           | I lunghi giorni della vendetta           | P:-   B:-   L:-   M:-  
2026-09-10 09:32:31 | NOT_FOUND  | TMDB_NO_MA | Straniero... fatti il segno della croce! | Straniero... fatti il segno della croce! | P:-   B:-   L:-   M:-  
2026-09-10 09:32:42 | NOT_FOUND  | TMDB_NO_MA | Strażnik snów 1 (odc. 1)                 | Strażnik snów                            | P:-   B:-   L:-   M:-  
2026-09-10 09:32:42 | NOT_FOUND  | TMDB_NO_MA | Acceptance                               | Acceptance                               | P:-   B:-   L:-   M:-  
2026-09-10 09:32:46 | NOT_FOUND  | TMDB_NO_MA | Bibliotekarze 2 (odc. 2)                 | Bibliotekarze                            | P:-   B:-   L:-   M:-  
2026-09-10 09:32:50 | NOT_FOUND  | TMDB_NO_MA | Kuchenne rewolucje: Płońsk, Trops: odc.7 | Kuchenne rewolucje: Płońsk, Trops        | P:-   B:-   L:-   M:-  
2026-09-10 09:32:50 | NOT_FOUND  | TMDB_NO_MA | Kuchenne rewolucje: Barlinek - Limba: od | Kuchenne rewolucje: Barlinek - Limba     | P:-   B:-   L:-   M:-  
2026-09-10 09:32:54 | NOT_FOUND  | TMDB_NO_MA | Bez śladu 1 (odc. 19)                    | Bez śladu                                | P:-   B:-   L:-   M:-  
2026-09-10 09:32:54 | NOT_FOUND  | TMDB_NO_MA | Kasandra 3 (odc. 2)                      | Kasandra                                 | P:-   B:-   L:-   M:-  
2026-09-10 09:32:58 | NOT_FOUND  | TMDB_NO_MA | Z pamiętnika położnej 13: odc.4          | Z pamiętnika położnej                    | P:-   B:-   L:-   M:-  
2026-09-10 09:32:59 | NOT_FOUND  | TMDB_NO_MA | Brytyjskie fabryki 9: odc.5              | Brytyjskie fabryki                       | P:-   B:-   L:-   M:-  
2026-09-10 09:32:59 | NOT_FOUND  | TMDB_NO_MA | Tajemnice Trójkąta Bermudzkiego: odc.3   | Tajemnice Trójkąta Bermudzkiego          | P:-   B:-   L:-   M:-  
2026-09-10 09:33:09 | NOT_FOUND  | TMDB_NO_MA | Zagadki kryminalne panny Fisher 1 (odc.  | Zagadki kryminalne panny Fisher          | P:-   B:-   L:-   M:-  
2026-09-10 09:33:11 | NOT_FOUND  | TMDB_NO_MA | Świąteczne opowieści                     | Świąteczne opowieści                     | P:-   B:-   L:-   M:-  
2026-09-10 09:33:11 | NOT_FOUND  | TMDB_NO_MA | W harmonii                               | W harmonii                               | P:-   B:-   L:-   M:-  
2026-09-10 09:33:11 | NOT_FOUND  | TMDB_NO_MA | Weekend z królem                         | Weekend z królem                         | P:-   B:-   L:-   M:-  
2026-09-10 09:33:11 | NOT_FOUND  | TMDB_NO_MA | Rok, w którym Dolly Parton była moją mam | Rok, w którym Dolly Parton była moją mam | P:-   B:-   L:-   M:-  
2026-09-10 09:33:11 | NOT_FOUND  | TMDB_NO_MA | Magik z Nowego Jorku                     | Magik z Nowego Jorku                     | P:-   B:-   L:-   M:-  
2026-09-10 09:33:13 | NOT_FOUND  | TMDB_NO_MA | Czekając na Anyę                         | Czekając na Anyę                         | P:-   B:-   L:-   M:-  
2026-09-10 09:33:13 | NOT_FOUND  | TMDB_NO_MA | Irlandzki numer                          | Irlandzki numer                          | P:-   B:-   L:-   M:-  
2026-09-10 09:33:13 | NOT_FOUND  | TMDB_NO_MA | Duch Świąt                               | Duch Świąt                               | P:-   B:-   L:-   M:-  
2026-09-10 09:33:13 | NOT_FOUND  | TMDB_NO_MA | Piaskun                                  | Piaskun                                  | P:-   B:-   L:-   M:-  
2026-09-10 09:33:15 | NOT_FOUND  | TMDB_NO_MA | Zagubiony smok                           | Zagubiony smok                           | P:-   B:-   L:-   M:-  
2026-09-10 09:33:15 | NOT_FOUND  | TMDB_NO_MA | Guido Superstar                          | Guido Superstar                          | P:-   B:-   L:-   M:-  
2026-09-10 09:33:15 | NOT_FOUND  | TMDB_NO_MA | Coco Chanel                              | Coco Chanel                              | P:-   B:-   L:-   M:-  
2026-09-10 09:33:15 | NOT_FOUND  | TMDB_NO_MA | Kto zabił ciotkę Cookie?                 | Kto zabił ciotkę Cookie?                 | P:-   B:-   L:-   M:-  
2026-09-10 09:33:15 | NOT_FOUND  | TMDB_NO_MA | Goldbergowie 7 (odc. 2)                  | Goldbergowie                             | P:-   B:-   L:-   M:-  
2026-09-10 09:33:17 | NOT_FOUND  | TMDB_NO_MA | Wyspa szemrzącego wiatru                 | Wyspa szemrzącego wiatru                 | P:-   B:-   L:-   M:-  
2026-09-10 09:33:17 | NOT_FOUND  | TMDB_NO_MA | Wrobieni                                 | Wrobieni                                 | P:-   B:-   L:-   M:-  
2026-09-10 09:33:17 | NOT_FOUND  | TMDB_NO_MA | Che II. Boliwia                          | Che II. Boliwia                          | P:-   B:-   L:-   M:-  
2026-09-10 09:33:17 | NOT_FOUND  | TMDB_NO_MA | Skarb Jesse'ego Jamesa                   | Skarb Jesse'ego Jamesa                   | P:-   B:-   L:-   M:-  
2026-09-10 09:33:18 | NOT_FOUND  | TMDB_NO_MA | Nierządnica                              | Nierządnica                              | P:-   B:-   L:-   M:-  
2026-09-10 09:33:18 | NOT_FOUND  | TMDB_NO_MA | Rycząca otchłań                          | Rycząca otchłań                          | P:-   B:-   L:-   M:-  
2026-09-10 09:33:18 | NOT_FOUND  | TMDB_NO_MA | Abbott i Costello - afrykańska przygoda  | Abbott i Costello - afrykańska przygoda  | P:-   B:-   L:-   M:-  
2026-09-10 09:33:18 | NOT_FOUND  | TMDB_NO_MA | Sherlock Holmes i tajny szyfr            | Sherlock Holmes i tajny szyfr            | P:-   B:-   L:-   M:-  
2026-09-10 09:33:18 | NOT_FOUND  | TMDB_NO_MA | Buster się żeni                          | Buster się żeni                          | P:-   B:-   L:-   M:-  
2026-09-10 09:33:19 | NOT_FOUND  | TMDB_NO_MA | CSI: Kryminalne zagadki Nowego Jorku: od | CSI: Kryminalne zagadki Nowego Jorku     | P:-   B:-   L:-   M:-  
2026-09-10 09:33:19 | NOT_FOUND  | TMDB_NO_MA | Kości: odc.1                             | Kości                                    | P:-   B:-   L:-   M:-  
2026-09-10 09:33:22 | NOT_FOUND  | TMDB_NO_MA | Diabli nadali 3 (odc. 24)                | Diabli nadali                            | P:-   B:-   L:-   M:-  
2026-09-10 09:33:24 | NOT_FOUND  | TMDB_NO_MA | Dwóch i pół 2 (odc. 4)                   | Dwóch i pół                              | P:-   B:-   L:-   M:-  
2026-09-10 09:33:33 | NOT_FOUND  | TMDB_NO_MA | Ostry dyżur 5: odc.2                     | Ostry dyżur                              | P:-   B:-   L:-   M:-  
2026-09-10 09:33:36 | NOT_FOUND  | TMDB_NO_MA | Nieustraszony 3: odc.14                  | Nieustraszony                            | P:-   B:-   L:-   M:-  
2026-09-10 09:33:36 | NOT_FOUND  | TMDB_NO_MA | Gwiezdne wrota 10 (odc. 10)              | Gwiezdne wrota                           | P:-   B:-   L:-   M:-  
2026-09-10 09:33:41 | NOT_FOUND  | TMDB_NO_MA | Sposób na zamek 6: odc.7                 | Sposób na zamek                          | P:-   B:-   L:-   M:-  
2026-09-10 09:33:41 | NOT_FOUND  | TMDB_NO_MA | Widok za miliony: odc.7                  | Widok za miliony                         | P:-   B:-   L:-   M:-  
2026-09-10 09:33:42 | NOT_FOUND  | TMDB_NO_MA | Detektyw Murdoch 12 (odc. 15)            | Detektyw Murdoch                         | P:-   B:-   L:-   M:-  
2026-09-10 09:33:46 | NOT_FOUND  | ELCIN_NO_M | Wszystkie stworzenia duże i małe: odc.7  | Wszystkie stworzenia duże i małe         | P:-   B:-   L:-   M:-  
2026-09-10 09:33:47 | NOT_FOUND  | TMDB_NO_MA | Holly e Benji Forever                    | Holly e Benji Forever                    | P:-   B:-   L:-   M:-  
2026-09-10 09:33:56 | NOT_FOUND  | TMDB_NO_MA | South Kensington                         | South Kensington                         | P:-   B:-   L:-   M:-  
2026-09-10 09:33:56 | NOT_FOUND  | TMDB_NO_MA | Sapore di te                             | Sapore di te                             | P:-   B:-   L:-   M:-  
2026-09-10 09:33:56 | NOT_FOUND  | TMDB_NO_MA | Viola bacia tutti                        | Viola bacia tutti                        | P:-   B:-   L:-   M:-  
2026-09-10 09:34:01 | NOT_FOUND  | TMDB_NO_MA | Il grande colpo di Surcouf               | Il grande colpo di Surcouf               | P:-   B:-   L:-   M:-  
2026-09-10 09:34:01 | NOT_FOUND  | TMDB_NO_MA | La freccia nella polvere                 | La freccia nella polvere                 | P:-   B:-   L:-   M:-  
2026-09-10 09:34:01 | NOT_FOUND  | TMDB_NO_MA | N - Io e Napoleone                       | N - Io e Napoleone                       | P:-   B:-   L:-   M:-  
2026-09-10 09:34:01 | NOT_FOUND  | TMDB_NO_MA | Un piano perfetto                        | Un piano perfetto                        | P:-   B:-   L:-   M:-  
2026-09-10 09:34:05 | NOT_FOUND  | TMDB_NO_MA | Noce i dnie: Bogumił i Barbara: odc.1    | Noce i dnie: Bogumił i Barbara           | P:-   B:-   L:-   M:-  
2026-09-10 09:34:05 | NOT_FOUND  | TMDB_NO_MA | Potop 2 (odc. 2)                         | Potop                                    | P:-   B:-   L:-   M:-  
2026-09-10 09:34:08 | NOT_FOUND  | TMDB_NO_MA | Robert Makłowicz: Do Czarnogóry!: odc.23 | Robert Makłowicz: Do Czarnogóry!         | P:-   B:-   L:-   M:-  
2026-09-10 09:34:08 | NOT_FOUND  | TMDB_NO_MA | Pyszne dania w 10 minut z Julią Oleś 2:  | Pyszne dania w 10 minut z Julią Oleś     | P:-   B:-   L:-   M:-  
2026-09-10 09:34:08 | NOT_FOUND  | TMDB_NO_MA | Robert Makłowicz: Dalmacja - Dalmatyńska | Robert Makłowicz: Dalmacja - Dalmatyńska | P:-   B:-   L:-   M:-  
2026-09-10 09:34:08 | NOT_FOUND  | TMDB_NO_MA | Górski lekarz: odc.10                    | Górski lekarz                            | P:-   B:-   L:-   M:-  
2026-09-10 09:34:10 | NOT_FOUND  | TMDB_NO_MA | Käthe i ja 1 (odc. 8)                    | Käthe i ja                               | P:-   B:-   L:-   M:-  
2026-09-10 09:34:10 | NOT_FOUND  | TMDB_NO_MA | Dora Heldt: Ucieczka ciotki Inge         | Dora Heldt: Ucieczka ciotki Inge         | P:-   B:-   L:-   M:-  
2026-09-10 09:34:10 | NOT_FOUND  | TMDB_NO_MA | Rosamunde Pilcher: Miłość na horyzoncie! | Rosamunde Pilcher: Miłość na horyzoncie! | P:-   B:-   L:-   M:-  
2026-09-10 09:34:10 | NOT_FOUND  | TMDB_NO_MA | Malibu - Moje marzenie, twoje marzenie 2 | Malibu - Moje marzenie, twoje marzenie   | P:-   B:-   L:-   M:-  
2026-09-10 09:34:11 | NOT_FOUND  | TMDB_NO_MA | Kabaretowy szał: Kabaret Czesuaf: odc.19 | Kabaretowy szał: Kabaret Czesuaf         | P:-   B:-   L:-   M:-  
2026-09-10 09:34:14 | NOT_FOUND  | TMDB_NO_MA | Miłość w Cabo 1 (odc. 20)                | Miłość w Cabo                            | P:-   B:-   L:-   M:-  
2026-09-10 09:34:14 | NOT_FOUND  | TMDB_NO_MA | Otchłań namiętności 1 (odc. 161)         | Otchłań namiętności                      | P:-   B:-   L:-   M:-  
2026-09-10 09:34:14 | NOT_FOUND  | TMDB_NO_MA | Opowieść o wyspie 1 (odc. 38)            | Opowieść o wyspie                        | P:-   B:-   L:-   M:-  
2026-09-10 09:34:17 | NOT_FOUND  | TMDB_NO_MA | Wariaci za kierownicą 1 (odc. 2)         | Wariaci za kierownicą                    | P:-   B:-   L:-   M:-  
2026-09-10 09:34:17 | NOT_FOUND  | TMDB_NO_MA | Policjanci z sąsiedztwa 4 (odc. 19)      | Policjanci z sąsiedztwa                  | P:-   B:-   L:-   M:-  
2026-09-10 09:34:19 | NOT_FOUND  | TMDB_NO_MA | Kobra - oddział specjalny 24: odc.4      | Kobra - oddział specjalny                | P:-   B:-   L:-   M:-  
2026-09-10 09:34:19 | NOT_FOUND  | TMDB_NO_MA | Piekło na Ziemi: odc.6                   | Piekło na Ziemi                          | P:-   B:-   L:-   M:-  
2026-09-10 09:34:20 | NOT_FOUND  | TMDB_NO_MA | Świat według Kiepskich: Bezpieczeństwo i | Świat według Kiepskich: Bezpieczeństwo i | P:-   B:-   L:-   M:-  
2026-09-10 09:34:22 | NOT_FOUND  | TMDB_NO_MA | Świat według Bundych: odc.5              | Świat według Bundych                     | P:-   B:-   L:-   M:-  
2026-09-10 09:34:32 | NOT_FOUND  | TMDB_NO_MA | Nadzieja                                 | Nadzieja                                 | P:-   B:-   L:-   M:-  
2026-09-10 09:34:36 | NOT_FOUND  | TMDB_NO_MA | Malanowski i partnerzy: odc.430          | Malanowski i partnerzy                   | P:-   B:-   L:-   M:-  
2026-09-10 09:34:40 | NOT_FOUND  | TMDB_NO_MA | Jeźdźcy smoków: Na końcu świata 7 (odc.  | Jeźdźcy smoków: Na końcu świata          | P:-   B:-   L:-   M:-  
2026-09-10 09:34:41 | NOT_FOUND  | TMDB_NO_MA | Oszukane 1 (odc. 5)                      | Oszukane                                 | P:-   B:-   L:-   M:-  
2026-09-10 09:34:43 | NOT_FOUND  | TMDB_NO_MA | Dorwać tuńczyka: odc.6                   | Dorwać tuńczyka                          | P:-   B:-   L:-   M:-  
2026-09-10 09:34:43 | NOT_FOUND  | TMDB_NO_MA | Wojny kontenerowe 1 (odc. 15)            | Wojny kontenerowe                        | P:-   B:-   L:-   M:-  
2026-09-10 09:34:48 | NOT_FOUND  | TMDB_NO_MA | Zaklinaczka duchów 5 (odc. 3)            | Zaklinaczka duchów                       | P:-   B:-   L:-   M:-  
2026-09-10 09:34:48 | NOT_FOUND  | TMDB_NO_MA | Nie igraj z aniołem 1 (odc. 158)         | Nie igraj z aniołem                      | P:-   B:-   L:-   M:-  
2026-09-10 09:34:50 | NOT_FOUND  | TMDB_NO_MA | Tomek i przyjaciele: Naprzód lokomotywy! | Tomek i przyjaciele: Naprzód lokomotywy! | P:-   B:-   L:-   M:-  
2026-09-10 09:34:52 | NOT_FOUND  | TMDB_NO_MA | Na sygnale: Ustawka                      | Na sygnale: Ustawka                      | P:-   B:-   L:-   M:-  
2026-09-10 09:34:56 | NOT_FOUND  | ELCIN_NO_M | Wielkie przygody małego rekina 3 (odc. 2 | Wielkie przygody małego rekina           | P:-   B:-   L:-   M:-  
2026-09-10 09:34:59 | NOT_FOUND  | TMDB_NO_MA | Panna młoda: odc.193                     | Panna młoda                              | P:-   B:-   L:-   M:-  
2026-09-10 09:35:01 | NOT_FOUND  | TMDB_NO_MA | Kryminalna siódemka                      | Kryminalna siódemka                      | P:-   B:-   L:-   M:-  
2026-09-10 09:35:01 | NOT_FOUND  | TMDB_NO_MA | Wykrywacz kłamstw                        | Wykrywacz kłamstw                        | P:-   B:-   L:-   M:-  
2026-09-10 09:35:01 | NOT_FOUND  | TMDB_NO_MA | Całkiem niezła historia: Powrót do domu  | Całkiem niezła historia: Powrót do domu  | P:-   B:-   L:-   M:-  
2026-09-10 09:35:01 | NOT_FOUND  | TMDB_NO_MA | Portfel Kowalskiego                      | Portfel Kowalskiego                      | P:-   B:-   L:-   M:-  
2026-09-10 09:35:01 | NOT_FOUND  | TMDB_NO_MA | Złoty chłopak                            | Złoty chłopak                            | P:-   B:-   L:-   M:-  
2026-09-10 09:35:01 | NOT_FOUND  | ELCIN_NO_M | Jedzenie ma znaczenie: odc.26            | Jedzenie ma znaczenie                    | P:-   B:-   L:-   M:-  
2026-09-10 09:35:11 | NOT_FOUND  | TMDB_NO_MA | Fani czterech kółek 18: odc.4            | Fani czterech kółek                      | P:-   B:-   L:-   M:-  
2026-09-10 09:35:16 | NOT_FOUND  | TMDB_NO_MA | Forum                                    | Forum                                    | P:-   B:-   L:-   M:-  
2026-09-10 09:35:17 | NOT_FOUND  | TMDB_NO_MA | 3 auf zwei                               | 3 auf zwei                               | P:-   B:-   L:-   M:-  
2026-09-10 09:35:17 | NOT_FOUND  | TMDB_NO_MA | Tagesschau vor 20 Jahren                 | Tagesschau vor 20 Jahren                 | P:-   B:-   L:-   M:-  
2026-09-10 09:35:19 | NOT_FOUND  | TMDB_NO_MA | Bienvenue chez les Mouche                | Bienvenue chez les Mouche                | P:-   B:-   L:-   M:-  
2026-09-10 09:35:19 | NOT_FOUND  | ELCIN_NO_M | SRF bi de Lüt                            | SRF bi de Lüt                            | P:-   B:-   L:-   M:-  
2026-09-10 09:35:23 | NOT_FOUND  | TMDB_NO_MA | Guardia Costiera - I due rivali          | Guardia Costiera - I due rivali          | P:-   B:-   L:-   M:-  
2026-09-10 09:35:23 | NOT_FOUND  | TMDB_NO_MA | L'uomo di casa - Segreti di famiglia     | L'uomo di casa - Segreti di famiglia     | P:-   B:-   L:-   M:-  
2026-09-10 09:35:23 | NOT_FOUND  | TMDB_NO_MA | La grande prateria                       | La grande prateria                       | P:-   B:-   L:-   M:-  
2026-09-10 09:35:23 | NOT_FOUND  | TMDB_NO_MA | Seaside Hotel - Bufera in arrivo         | Seaside Hotel - Bufera in arrivo         | P:-   B:-   L:-   M:-  
2026-09-10 09:35:23 | NOT_FOUND  | TMDB_NO_MA | Walker, Texas Ranger - Bassifondi        | Walker, Texas Ranger - Bassifondi        | P:-   B:-   L:-   M:-  
2026-09-10 09:35:25 | NOT_FOUND  | TMDB_NO_MA | Modem                                    | Modem                                    | P:-   B:-   L:-   M:-  
2026-09-10 09:35:25 | NOT_FOUND  | TMDB_NO_MA | Radiogiornale                            | Radiogiornale                            | P:-   B:-   L:-   M:-  
2026-09-10 09:35:25 | NOT_FOUND  | TMDB_NO_MA | Millevoci in TV                          | Millevoci in TV                          | P:-   B:-   L:-   M:-  
2026-09-10 09:35:25 | NOT_FOUND  | TMDB_NO_MA | Casa Svizzera                            | Casa Svizzera                            | P:-   B:-   L:-   M:-  
2026-09-10 09:35:25 | NOT_FOUND  | TMDB_NO_MA | Controcorrente in TV                     | Controcorrente in TV                     | P:-   B:-   L:-   M:-  
2026-09-10 09:35:27 | NOT_FOUND  | TMDB_NO_MA | Le 8-9                                   | Le 8-9                                   | P:-   B:-   L:-   M:-  
2026-09-10 09:35:29 | NOT_FOUND  | TMDB_NO_MA | Quoi ? Quand ? Où ?                      | Quoi? Quand? Où?                         | P:-   B:-   L:-   M:-  
2026-09-10 09:35:30 | NOT_FOUND  | TMDB_NO_MA | Le Clan Delon - L'impossible héritage    | Le Clan Delon - L'impossible héritage    | P:-   B:-   L:-   M:-  
2026-09-10 09:35:32 | NOT_FOUND  | TMDB_NO_MA | Dans les coulisses de "Vigilante"        | Dans les coulisses de "Vigilante"        | P:-   B:-   L:-   M:-  
2026-09-10 09:35:32 | NOT_FOUND  | TMDB_NO_MA | Coûte que coûte, c'est notre argent      | Coûte que coûte, c'est notre argent      | P:-   B:-   L:-   M:-  
2026-09-10 09:35:35 | NOT_FOUND  | TMDB_NO_MA | Dans votre canap' VIP                    | Dans votre canap' VIP                    | P:-   B:-   L:-   M:-  
2026-09-10 09:35:37 | NOT_FOUND  | TMDB_NO_MA | Dr. House - Medical division             | Dr. House - Medical division             | P:-   B:-   L:-   M:-  
2026-09-10 09:35:38 | NOT_FOUND  | TMDB_NO_MA | Ore 11                                   | Ore 11                                   | P:-   B:-   L:-   M:-  
2026-09-10 09:35:38 | NOT_FOUND  | TMDB_NO_MA | Segreti di famiglia                      | Segreti di famiglia                      | P:-   B:-   L:-   M:-  
2026-09-10 09:35:45 | NOT_FOUND  | TMDB_NO_MA | TG 1 L.I.S.                              | TG 1 L.I.S                               | P:-   B:-   L:-   M:-  
2026-09-10 09:35:45 | NOT_FOUND  | TMDB_NO_MA | UnoMattina                               | UnoMattina                               | P:-   B:-   L:-   M:-  
2026-09-10 09:35:45 | NOT_FOUND  | TMDB_NO_MA | Storie italiane                          | Storie italiane                          | P:-   B:-   L:-   M:-  
2026-09-10 09:35:47 | NOT_FOUND  | TMDB_NO_MA | I casi della giovane Miss Fisher Vivi e  | I casi della giovane Miss Fisher Vivi e  | P:-   B:-   L:-   M:-  
2026-09-10 09:35:47 | NOT_FOUND  | TMDB_NO_MA | TG Sport Giorno                          | TG Sport Giorno                          | P:-   B:-   L:-   M:-  
2026-09-10 09:35:50 | NOT_FOUND  | TMDB_NO_MA | Private Eyes II ep.12                    | Private Eyes II                          | P:-   B:-   L:-   M:-  
2026-09-10 09:35:50 | NOT_FOUND  | TMDB_NO_MA | Fast Forward VII ep.9                    | Fast Forward VII                         | P:-   B:-   L:-   M:-  
2026-09-10 09:35:50 | NOT_FOUND  | TMDB_NO_MA | Senza Traccia II ep.4                    | Senza Traccia II                         | P:-   B:-   L:-   M:-  
2026-09-10 09:35:59 | NOT_FOUND  | TMDB_NO_MA | Matklocki 6: odc.14                      | Matklocki                                | P:-   B:-   L:-   M:-  
2026-09-10 09:36:17 | NOT_FOUND  | TMDB_NO_MA | Greenowie w wielkim mieście 4: odc.97    | Greenowie w wielkim mieście              | P:-   B:-   L:-   M:-  
2026-09-10 09:36:29 | NOT_FOUND  | TMDB_NO_MA | Psia Brygada 2 (odc. 29)                 | Psia Brygada                             | P:-   B:-   L:-   M:-  
2026-09-10 09:36:31 | NOT_FOUND  | TMDB_NO_MA | Dziewczyna, chłopak, itd.: odc.27        | Dziewczyna, chłopak, itd                 | P:-   B:-   L:-   M:-  
2026-09-10 09:36:33 | NOT_FOUND  | TMDB_NO_MA | Zwariowane Melodie: Kreskówki 1 (odc. 24 | Zwariowane Melodie: Kreskówki            | P:-   B:-   L:-   M:-  
2026-09-10 09:36:37 | NOT_FOUND  | TMDB_NO_MA | Grzmotomocni: Tajniacy 1 (odc. 24)       | Grzmotomocni: Tajniacy                   | P:-   B:-   L:-   M:-  
2026-09-10 09:36:37 | NOT_FOUND  | TMDB_NO_MA | Niebezpieczny oddział 3 (odc. 4)         | Niebezpieczny oddział                    | P:-   B:-   L:-   M:-  
2026-09-10 09:36:39 | NOT_FOUND  | TMDB_NO_MA | Barbapapa - szczęśliwa rodzinka! 1 (odc. | Barbapapa - szczęśliwa rodzinka!         | P:-   B:-   L:-   M:-  
2026-09-10 09:36:39 | NOT_FOUND  | TMDB_NO_MA | Pan Krokodyl 1 (odc. 2)                  | Pan Krokodyl                             | P:-   B:-   L:-   M:-  
2026-09-10 09:36:41 | NOT_FOUND  | TMDB_NO_MA | Wielkodomscy 3 (odc. 5)                  | Wielkodomscy                             | P:-   B:-   L:-   M:-  
2026-09-10 09:36:44 | NOT_FOUND  | TMDB_NO_MA | Było sobie życie 1 (odc. 26)             | Było sobie życie                         | P:-   B:-   L:-   M:-  
2026-09-10 09:36:46 | NOT_FOUND  | TMDB_NO_MA | Cloudy & Stormy 1 (odc. 2)               | Cloudy& Stormy                           | P:-   B:-   L:-   M:-  
2026-09-10 09:36:48 | NOT_FOUND  | TMDB_NO_MA | Ptyś i Bill 2: odc.88                    | Ptyś i Bill                              | P:-   B:-   L:-   M:-  
2026-09-10 09:36:49 | NOT_FOUND  | TMDB_NO_MA | Vida i zwierzaki: odc.9                  | Vida i zwierzaki                         | P:-   B:-   L:-   M:-  
2026-09-10 09:36:49 | NOT_FOUND  | TMDB_NO_MA | Króliczek Bing 4: odc.24                 | Króliczek Bing                           | P:-   B:-   L:-   M:-  
2026-09-10 09:36:49 | NOT_FOUND  | TMDB_NO_MA | Leo, strażnik przyrody 3: odc.48         | Leo, strażnik przyrody                   | P:-   B:-   L:-   M:-  
2026-09-10 09:36:56 | NOT_FOUND  | TMDB_NO_MA | Firebuds 3 EP.50                         | Firebuds 3                               | P:-   B:-   L:-   M:-  
2026-09-10 09:37:04 | NOT_FOUND  | TMDB_NO_MA | Prawda czy fałsz. Psychologia trumpizmu  | Prawda czy fałsz. Psychologia trumpizmu  | P:-   B:-   L:-   M:-  
2026-09-10 09:37:04 | NOT_FOUND  | TMDB_NO_MA | Fuks                                     | Fuks                                     | P:-   B:-   L:-   M:-  
2026-09-10 09:37:04 | NOT_FOUND  | TMDB_NO_MA | Saga Zmierzch: Przed świtem. Część I     | Saga Zmierzch: Przed świtem. Część I     | P:-   B:-   L:-   M:-  
2026-09-10 09:37:31 | NOT_FOUND  | TMDB_NO_MA | Ikje nga biblioteka e z.Limonçelo        | Ikje nga biblioteka e z.Limonçelo        | P:-   B:-   L:-   M:-  
2026-09-10 09:37:31 | NOT_FOUND  | TMDB_NO_MA | Ndarja                                   | Ndarja                                   | P:-   B:-   L:-   M:-  
2026-09-10 09:37:31 | NOT_FOUND  | TMDB_NO_MA | Agjenti 007: Bota nuk mjafton            | Agjenti 007: Bota nuk mjafton            | P:-   B:-   L:-   M:-  
2026-09-10 09:37:31 | NOT_FOUND  | TMDB_NO_MA | Një zgjim i lavdishëm                    | Një zgjim i lavdishëm                    | P:-   B:-   L:-   M:-  
2026-09-10 09:37:31 | NOT_FOUND  | TMDB_NO_MA | Rojtarët e Galaktikës 3                  | Rojtarët e Galaktikës 3                  | P:-   B:-   L:-   M:-  
2026-09-10 09:37:34 | NOT_FOUND  | TMDB_NO_MA | Mbi trupin tënd                          | Mbi trupin tënd                          | P:-   B:-   L:-   M:-  
2026-09-10 09:37:34 | NOT_FOUND  | TMDB_NO_MA | Të Bukura dhe Vdekjeprurëse              | Të Bukura dhe Vdekjeprurëse              | P:-   B:-   L:-   M:-  
2026-09-10 09:37:34 | NOT_FOUND  | TMDB_NO_MA | Ti, Unë dhe Toskana                      | Ti, Unë dhe Toskana                      | P:-   B:-   L:-   M:-  
2026-09-10 09:37:34 | NOT_FOUND  | TMDB_NO_MA | Majk, Nik, Nik dhe Elis                  | Majk, Nik, Nik dhe Elis                  | P:-   B:-   L:-   M:-  
2026-09-10 09:37:38 | NOT_FOUND  | TMDB_NO_MA | Merr dhe lër                             | Merr dhe lër                             | P:-   B:-   L:-   M:-  
2026-09-10 09:37:38 | NOT_FOUND  | TMDB_NO_MA | Mbreti Majmun 2                          | Mbreti Majmun 2                          | P:-   B:-   L:-   M:-  
2026-09-10 09:37:38 | NOT_FOUND  | TMDB_NO_MA | Intuita                                  | Intuita                                  | P:-   B:-   L:-   M:-  
2026-09-10 09:37:38 | NOT_FOUND  | TMDB_NO_MA | Dublantja e nuses                        | Dublantja e nuses                        | P:-   B:-   L:-   M:-  
2026-09-10 09:37:38 | NOT_FOUND  | TMDB_NO_MA | Drakula: Historia e patreguar            | Drakula: Historia e patreguar            | P:-   B:-   L:-   M:-  
2026-09-10 09:37:40 | NOT_FOUND  | TMDB_NO_MA | Dy metra larg teje                       | Dy metra larg teje                       | P:-   B:-   L:-   M:-  
2026-09-10 09:37:40 | NOT_FOUND  | TMDB_NO_MA | Mufasa: Mbreti Luan                      | Mufasa: Mbreti Luan                      | P:-   B:-   L:-   M:-  
2026-09-10 09:37:40 | NOT_FOUND  | TMDB_NO_MA | Sirena e Vogël                           | Sirena e Vogël                           | P:-   B:-   L:-   M:-  
2026-09-10 09:37:40 | NOT_FOUND  | TMDB_NO_MA | Enola Holms                              | Enola Holms                              | P:-   B:-   L:-   M:-  
2026-09-10 09:37:40 | NOT_FOUND  | TMDB_NO_MA | Një polic në Beverly Hills: Aksel F      | Një polic në Beverly Hills: Aksel F      | P:-   B:-   L:-   M:-  
2026-09-10 09:37:43 | NOT_FOUND  | TMDB_NO_MA | Përmes perëndimit - pjesa e katërt       | Përmes perëndimit - pjesa e katërt       | P:-   B:-   L:-   M:-  
2026-09-10 09:37:43 | NOT_FOUND  | TMDB_NO_MA | Shumë vështirë për të vrarë              | Shumë vështirë për të vrarë              | P:-   B:-   L:-   M:-  
2026-09-10 09:37:44 | NOT_FOUND  | TMDB_NO_MA | Renegatët e Beitaunit                    | Renegatët e Beitaunit                    | P:-   B:-   L:-   M:-  
2026-09-10 09:37:44 | NOT_FOUND  | TMDB_NO_MA | Zemërdragoi                              | Zemërdragoi                              | P:-   B:-   L:-   M:-  
2026-09-10 09:37:44 | NOT_FOUND  | TMDB_NO_MA | Tri mbretëritë                           | Tri mbretëritë                           | P:-   B:-   L:-   M:-  
2026-09-10 09:37:45 | NOT_FOUND  | TMDB_NO_MA | Toka e premtuar                          | Toka e premtuar                          | P:-   B:-   L:-   M:-  
2026-09-10 09:37:45 | NOT_FOUND  | TMDB_NO_MA | Katër martesa dhe një funeral            | Katër martesa dhe një funeral            | P:-   B:-   L:-   M:-  
2026-09-10 09:37:45 | NOT_FOUND  | TMDB_NO_MA | Diell dhe portokalle                     | Diell dhe portokalle                     | P:-   B:-   L:-   M:-  
2026-09-10 09:37:45 | NOT_FOUND  | TMDB_NO_MA | Zhizhi                                   | Zhizhi                                   | P:-   B:-   L:-   M:-  
2026-09-10 09:37:45 | NOT_FOUND  | TMDB_NO_MA | Zhelani milioner                         | Zhelani milioner                         | P:-   B:-   L:-   M:-  
2026-09-10 09:37:47 | NOT_FOUND  | TMDB_NO_MA | E paplotësuar                            | E paplotësuar                            | P:-   B:-   L:-   M:-  
2026-09-10 09:37:47 | NOT_FOUND  | TMDB_NO_MA | Këshilltarja e dashurisë                 | Këshilltarja e dashurisë                 | P:-   B:-   L:-   M:-  
2026-09-10 09:37:47 | NOT_FOUND  | TMDB_NO_MA | Klubi i grave të para                    | Klubi i grave të para                    | P:-   B:-   L:-   M:-  
2026-09-10 09:37:48 | NOT_FOUND  | TMDB_NO_MA | Një fundjavë pa internet                 | Një fundjavë pa internet                 | P:-   B:-   L:-   M:-  
2026-09-10 09:37:48 | NOT_FOUND  | TMDB_NO_MA | Loja e dashurisë                         | Loja e dashurisë                         | P:-   B:-   L:-   M:-  
2026-09-10 09:37:49 | NOT_FOUND  | TMDB_NO_MA | Robër të dimrit                          | Robër të dimrit                          | P:-   B:-   L:-   M:-  
2026-09-10 09:37:49 | NOT_FOUND  | TMDB_NO_MA | Mendje vdekjeprurëse                     | Mendje vdekjeprurëse                     | P:-   B:-   L:-   M:-  
2026-09-10 09:37:49 | NOT_FOUND  | TMDB_NO_MA | Sakrifica                                | Sakrifica                                | P:-   B:-   L:-   M:-  
2026-09-10 09:37:49 | NOT_FOUND  | TMDB_NO_MA | I humbur                                 | I humbur                                 | P:-   B:-   L:-   M:-  
2026-09-10 09:37:49 | NOT_FOUND  | TMDB_NO_MA | Xhesi Stoun 4 - Terren i rrezikshëm      | Xhesi Stoun                              | P:-   B:-   L:-   M:-  
2026-09-10 09:37:52 | NOT_FOUND  | TMDB_NO_MA | Gëzuar Vitin e Ri                        | Gëzuar Vitin e Ri                        | P:-   B:-   L:-   M:-  
2026-09-10 09:37:52 | NOT_FOUND  | TMDB_NO_MA | Në vend të luleve                        | Në vend të luleve                        | P:-   B:-   L:-   M:-  
2026-09-10 09:37:52 | NOT_FOUND  | TMDB_NO_MA | Udhëtimi i pakohë                        | Udhëtimi i pakohë                        | P:-   B:-   L:-   M:-  
2026-09-10 09:37:52 | NOT_FOUND  | TMDB_NO_MA | Rekordi                                  | Rekordi                                  | P:-   B:-   L:-   M:-  
2026-09-10 09:37:52 | NOT_FOUND  | TMDB_NO_MA | Dita ime e fundit pa ty                  | Dita ime e fundit pa ty                  | P:-   B:-   L:-   M:-  
2026-09-10 09:37:53 | NOT_FOUND  | TMDB_NO_MA | Këngë për Marionën                       | Këngë për Marionën                       | P:-   B:-   L:-   M:-  
2026-09-10 09:37:53 | NOT_FOUND  | TMDB_NO_MA | Udhëtimi i fundit                        | Udhëtimi i fundit                        | P:-   B:-   L:-   M:-  
2026-09-10 09:37:53 | NOT_FOUND  | TMDB_NO_MA | S'duam fëmijë                            | S'duam fëmijë                            | P:-   B:-   L:-   M:-  
2026-09-10 09:37:53 | NOT_FOUND  | TMDB_NO_MA | Koncerti                                 | Koncerti                                 | P:-   B:-   L:-   M:-  
2026-09-10 09:37:55 | NOT_FOUND  | TMDB_NO_MA | Perandoria                               | Perandoria                               | P:-   B:-   L:-   M:-  
2026-09-10 09:37:57 | NOT_FOUND  | ELCIN_NO_M | Vajza me biçikletë                       | Vajza me biçikletë                       | P:-   B:-   L:-   M:-  
2026-09-10 09:37:57 | NOT_FOUND  | TMDB_NO_MA | Fisi i faunës 14                         | Fisi i faunës 14                         | P:-   B:-   L:-   M:-  
2026-09-10 09:37:57 | NOT_FOUND  | TMDB_NO_MA | Dita e parë e emërimit                   | Dita e parë e emërimit                   | P:-   B:-   L:-   M:-  
2026-09-10 09:37:57 | NOT_FOUND  | TMDB_NO_MA | ABC...ZH                                 | ABC...ZH                                 | P:-   B:-   L:-   M:-  
2026-09-10 09:37:57 | NOT_FOUND  | TMDB_NO_MA | Cuca e maleve                            | Cuca e maleve                            | P:-   B:-   L:-   M:-  
2026-09-10 09:37:57 | NOT_FOUND  | TMDB_NO_MA | Skëterrë '43                             | Skëterrë '43                             | P:-   B:-   L:-   M:-  
2026-09-10 09:38:03 | NOT_FOUND  | TMDB_NO_MA | Zjarr TV                                 | Zjarr TV                                 | P:-   B:-   L:-   M:-  
2026-09-10 09:38:05 | NOT_FOUND  | TMDB_NO_MA | Princezna Nevěsta                        | Princezna Nevěsta                        | P:-   B:-   L:-   M:-  
2026-09-10 09:38:05 | NOT_FOUND  | TMDB_NO_MA | Pán Domu                                 | Pán Domu                                 | P:-   B:-   L:-   M:-  
2026-09-10 09:38:05 | NOT_FOUND  | TMDB_NO_MA | Operace Valkýra                          | Operace Valkýra                          | P:-   B:-   L:-   M:-  
2026-09-10 09:38:07 | NOT_FOUND  | TMDB_NO_MA | Knjižničar 2: Potraga za blagom kralja S | Knjižničar 2: Potraga za blagom kralja S | P:-   B:-   L:-   M:-  
2026-09-10 09:38:07 | NOT_FOUND  | TMDB_NO_MA | Plava laguna, film                       | Plava laguna                             | P:-   B:-   L:-   M:-  
2026-09-10 09:38:07 | NOT_FOUND  | TMDB_NO_MA | Gola istina, film                        | Gola istina                              | P:-   B:-   L:-   M:-  
2026-09-10 09:38:08 | NOT_FOUND  | TMDB_NO_MA | Muškarac u kući, film                    | Muškarac u kući                          | P:-   B:-   L:-   M:-  
2026-09-10 09:38:08 | NOT_FOUND  | TMDB_NO_MA | Harry Potter a Princ dvojí krve          | Harry Potter a Princ dvojí krve          | P:-   B:-   L:-   M:-  
2026-09-10 09:38:08 | NOT_FOUND  | TMDB_NO_MA | Jak mi Jane Austenová zničila život      | Jak mi Jane Austenová zničila život      | P:-   B:-   L:-   M:-  
2026-09-10 09:38:08 | NOT_FOUND  | TMDB_NO_MA | Když se zamiluje mrzout                  | Když se zamiluje mrzout                  | P:-   B:-   L:-   M:-  
2026-09-10 09:38:08 | NOT_FOUND  | TMDB_NO_MA | P.S. Miluji Tě                           | P.S. Miluji Tě                           | P:-   B:-   L:-   M:-  
2026-09-10 09:38:08 | NOT_FOUND  | TMDB_NO_MA | Bouřlivé výšiny                          | Bouřlivé výšiny                          | P:-   B:-   L:-   M:-  
2026-09-10 09:38:10 | NOT_FOUND  | TMDB_NO_MA | Velká ryba                               | Velká ryba                               | P:-   B:-   L:-   M:-  
2026-09-10 09:38:10 | NOT_FOUND  | TMDB_NO_MA | Šťastný a veselý Madagaskar              | Šťastný a veselý Madagaskar              | P:-   B:-   L:-   M:-  
2026-09-10 09:38:10 | NOT_FOUND  | TMDB_NO_MA | Kohout (10)                              | Kohout (10)                              | P:-   B:-   L:-   M:-  
2026-09-10 09:38:10 | NOT_FOUND  | TMDB_NO_MA | Malé ženy                                | Malé ženy                                | P:-   B:-   L:-   M:-  
2026-09-10 09:38:12 | NOT_FOUND  | TMDB_NO_MA | Foťák                                    | Foťák                                    | P:-   B:-   L:-   M:-  
2026-09-10 09:38:12 | NOT_FOUND  | TMDB_NO_MA | Psí domov                                | Psí domov                                | P:-   B:-   L:-   M:-  
2026-09-10 09:38:14 | NOT_FOUND  | TMDB_NO_MA | Učitelj koji je obećao more, film        | Učitelj koji je obećao more              | P:-   B:-   L:-   M:-  
2026-09-10 09:38:14 | NOT_FOUND  | TMDB_NO_MA | Transformeri 2, film                     | Transformeri 2                           | P:-   B:-   L:-   M:-  
2026-09-10 09:38:14 | NOT_FOUND  | TMDB_NO_MA | San o bijelom konju, film                | San o bijelom konju                      | P:-   B:-   L:-   M:-  
2026-09-10 09:38:14 | NOT_FOUND  | TMDB_NO_MA | Moje mjesto je ovdje, film               | Moje mjesto je ovdje                     | P:-   B:-   L:-   M:-  
2026-09-10 09:38:15 | NOT_FOUND  | TMDB_NO_MA | Zabití mongolského koně                  | Zabití mongolského koně                  | P:-   B:-   L:-   M:-  
2026-09-10 09:38:15 | NOT_FOUND  | TMDB_NO_MA | Transformers: Pomsta poražených          | Transformers: Pomsta poražených          | P:-   B:-   L:-   M:-  
2026-09-10 09:38:15 | NOT_FOUND  | TMDB_NO_MA | Mé místo je tady                         | Mé místo je tady                         | P:-   B:-   L:-   M:-  
2026-09-10 09:38:15 | NOT_FOUND  | TMDB_NO_MA | Učitel, který sliboval moře              | Učitel, který sliboval moře              | P:-   B:-   L:-   M:-  
2026-09-10 09:38:15 | NOT_FOUND  | TMDB_NO_MA | Mráček                                   | Mráček                                   | P:-   B:-   L:-   M:-  
2026-09-10 09:38:16 | NOT_FOUND  | TMDB_NO_MA | Made in EU, film                         | Made in EU                               | P:-   B:-   L:-   M:-  
2026-09-10 09:38:16 | NOT_FOUND  | TMDB_NO_MA | Dva metra iznad zemlje, film             | Dva metra iznad zemlje                   | P:-   B:-   L:-   M:-  
2026-09-10 09:38:16 | NOT_FOUND  | TMDB_NO_MA | Samo nekoliko dana, film                 | Samo nekoliko dana                       | P:-   B:-   L:-   M:-  
2026-09-10 09:38:16 | NOT_FOUND  | TMDB_NO_MA | Putovi vjetra, film                      | Putovi vjetra                            | P:-   B:-   L:-   M:-  
2026-09-10 09:38:17 | NOT_FOUND  | TMDB_NO_MA | Cesty větru                              | Cesty větru                              | P:-   B:-   L:-   M:-  
2026-09-10 09:38:17 | NOT_FOUND  | TMDB_NO_MA | Jen na pár dní                           | Jen na pár dní                           | P:-   B:-   L:-   M:-  
2026-09-10 09:38:17 | NOT_FOUND  | TMDB_NO_MA | Dva metry nad zemí                       | Dva metry nad zemí                       | P:-   B:-   L:-   M:-  
2026-09-10 09:38:17 | NOT_FOUND  | TMDB_NO_MA | Aleluja! film                            | Aleluja! film                            | P:-   B:-   L:-   M:-  
2026-09-10 09:38:17 | NOT_FOUND  | TMDB_NO_MA | Sushi na meksički način, film            | Sushi na meksički način                  | P:-   B:-   L:-   M:-  
2026-09-10 09:38:17 | NOT_FOUND  | TMDB_NO_MA | Luda lova, film                          | Luda lova                                | P:-   B:-   L:-   M:-  
2026-09-10 09:38:17 | NOT_FOUND  | TMDB_NO_MA | Direktori na cesti, film                 | Direktori na cesti                       | P:-   B:-   L:-   M:-  
2026-09-10 09:38:17 | NOT_FOUND  | TMDB_NO_MA | Na krilima časti, film                   | Na krilima časti                         | P:-   B:-   L:-   M:-  
2026-09-10 09:38:17 | NOT_FOUND  | TMDB_NO_MA | Vlak za Busan, film                      | Vlak za Busan                            | P:-   B:-   L:-   M:-  
2026-09-10 09:38:17 | NOT_FOUND  | TMDB_NO_MA | Duhovi, ep. 7. serija                    | Duhovi                                   | P:-   B:-   L:-   M:-  
2026-09-10 09:38:17 | NOT_FOUND  | TMDB_NO_MA | Vlak za Busan: Zona zombija, film        | Vlak za Busan: Zona zombija              | P:-   B:-   L:-   M:-  
2026-09-10 09:38:18 | NOT_FOUND  | TMDB_NO_MA | Izgubljen u Londonu, film                | Izgubljen u Londonu                      | P:-   B:-   L:-   M:-  
2026-09-10 09:38:18 | NOT_FOUND  | TMDB_NO_MA | Muke s palcem, film                      | Muke s palcem                            | P:-   B:-   L:-   M:-  
2026-09-10 09:38:19 | NOT_FOUND  | TMDB_NO_MA | Frendice u istini i laži, film           | Frendice u istini i laži                 | P:-   B:-   L:-   M:-  
2026-09-10 09:38:19 | NOT_FOUND  | TMDB_NO_MA | Spark: Svemirska pustolovina, film       | Spark: Svemirska pustolovina             | P:-   B:-   L:-   M:-  
2026-09-10 09:38:20 | NOT_FOUND  | TMDB_NO_MA | Panda a ja                               | Panda a ja                               | P:-   B:-   L:-   M:-  
2026-09-10 09:38:20 | NOT_FOUND  | TMDB_NO_MA | Mack & Rita                              | Mack& Rita                               | P:-   B:-   L:-   M:-  
2026-09-10 09:38:20 | NOT_FOUND  | TMDB_NO_MA | Skutočné vraždy: Vraždy podľa predlohy   | Skutočné vraždy: Vraždy podľa predlohy   | P:-   B:-   L:-   M:-  
2026-09-10 09:38:20 | NOT_FOUND  | TMDB_NO_MA | Nerozlučná dvojka                        | Nerozlučná dvojka                        | P:-   B:-   L:-   M:-  
2026-09-10 09:38:20 | NOT_FOUND  | TMDB_NO_MA | Dom na muške                             | Dom na muške                             | P:-   B:-   L:-   M:-  
2026-09-10 09:38:21 | NOT_FOUND  | TMDB_NO_MA | Prljavi zadatak, film                    | Prljavi zadatak                          | P:-   B:-   L:-   M:-  
2026-09-10 09:38:21 | NOT_FOUND  | TMDB_NO_MA | Priča o tri sestre, film                 | Priča o tri sestre                       | P:-   B:-   L:-   M:-  
2026-09-10 09:38:21 | NOT_FOUND  | TMDB_NO_MA | Gospođa Bovary, film                     | Gospođa Bovary                           | P:-   B:-   L:-   M:-  
2026-09-10 09:38:21 | NOT_FOUND  | TMDB_NO_MA | Potpuna sloboda, film                    | Potpuna sloboda                          | P:-   B:-   L:-   M:-  
2026-09-10 09:38:21 | NOT_FOUND  | TMDB_NO_MA | Pucali su na pijanista, film             | Pucali su na pijanista                   | P:-   B:-   L:-   M:-  
2026-09-10 09:38:25 | NOT_FOUND  | TMDB_NO_MA | Alvin i vjeverice 2, film                | Alvin i vjeverice 2                      | P:-   B:-   L:-   M:-  
2026-09-10 09:38:25 | NOT_FOUND  | TMDB_NO_MA | Mislim da volim svoju ženu, film         | Mislim da volim svoju ženu               | P:-   B:-   L:-   M:-  
2026-09-10 09:38:25 | NOT_FOUND  | TMDB_NO_MA | Moja ljubavna pjesma, film               | Moja ljubavna pjesma                     | P:-   B:-   L:-   M:-  
2026-09-10 09:38:25 | NOT_FOUND  | TMDB_NO_MA | Alvin i vjeverice: Velika Alvintura, fil | Alvin i vjeverice: Velika Alvintura      | P:-   B:-   L:-   M:-  
2026-09-10 09:38:27 | NOT_FOUND  | TMDB_NO_MA | Unë e dua gruan                          | Unë e dua gruan                          | P:-   B:-   L:-   M:-  
2026-09-10 09:38:27 | NOT_FOUND  | TMDB_NO_MA | Shkatërrimi                              | Shkatërrimi                              | P:-   B:-   L:-   M:-  
2026-09-10 09:38:27 | NOT_FOUND  | TMDB_NO_MA | Alvin dhe fytyrëketrushat 4              | Alvin dhe fytyrëketrushat 4              | P:-   B:-   L:-   M:-  
2026-09-10 09:38:27 | NOT_FOUND  | TMDB_NO_MA | My Own love song                         | My Own love song                         | P:-   B:-   L:-   M:-  
2026-09-10 09:38:27 | NOT_FOUND  | TMDB_NO_MA | Alvin dhe fytyrëketrushët                | Alvin dhe fytyrëketrushët                | P:-   B:-   L:-   M:-  
2026-09-10 09:38:37 | NOT_FOUND  | TMDB_NO_MA | TV izlog                                 | TV izlog                                 | P:-   B:-   L:-   M:-  
2026-09-10 09:38:39 | NOT_FOUND  | TMDB_NO_MA | Doly krále Šalamouna I (1)               | Doly krále Šalamouna                     | P:-   B:-   L:-   M:-  
2026-09-10 09:38:39 | NOT_FOUND  | TMDB_NO_MA | Univerzální uklízečka                    | Univerzální uklízečka                    | P:-   B:-   L:-   M:-  
2026-09-10 09:38:39 | NOT_FOUND  | TMDB_NO_MA | Sudá a lichá                             | Sudá a lichá                             | P:-   B:-   L:-   M:-  
2026-09-10 09:38:41 | NOT_FOUND  | TMDB_NO_MA | Námořní vyšetřovací služba XX (14)       | Námořní vyšetřovací služba               | P:-   B:-   L:-   M:-  
2026-09-10 09:38:46 | NOT_FOUND  | TMDB_NO_MA | Novi status, film                        | Novi status                              | P:-   B:-   L:-   M:-  
2026-09-10 09:38:46 | NOT_FOUND  | TMDB_NO_MA | Cake: Razlog za život, film              | Cake: Razlog za život                    | P:-   B:-   L:-   M:-  
2026-09-10 09:38:46 | NOT_FOUND  | TMDB_NO_MA | Zadnja stanica, film                     | Zadnja stanica                           | P:-   B:-   L:-   M:-  
2026-09-10 09:38:46 | NOT_FOUND  | TMDB_NO_MA | Hladna pohlepa, film                     | Hladna pohlepa                           | P:-   B:-   L:-   M:-  
2026-09-10 09:38:46 | NOT_FOUND  | TMDB_NO_MA | Zla kob 2, film                          | Zla kob 2                                | P:-   B:-   L:-   M:-  
2026-09-10 09:38:48 | NOT_FOUND  | TMDB_NO_MA | Zavet, film                              | Zavet                                    | P:-   B:-   L:-   M:-  
2026-09-10 09:38:48 | NOT_FOUND  | TMDB_NO_MA | Žena sa slomljenim nosom, film           | Žena sa slomljenim nosom                 | P:-   B:-   L:-   M:-  
2026-09-10 09:38:48 | NOT_FOUND  | TMDB_NO_MA | Miris poljskog cveća, film               | Miris poljskog cveća                     | P:-   B:-   L:-   M:-  
2026-09-10 09:38:48 | NOT_FOUND  | TMDB_NO_MA | Vanbračna putovanja, film                | Vanbračna putovanja                      | P:-   B:-   L:-   M:-  
2026-09-10 09:38:48 | NOT_FOUND  | TMDB_NO_MA | Događaj, film                            | Događaj                                  | P:-   B:-   L:-   M:-  
2026-09-10 09:38:54 | NOT_FOUND  | TMDB_NO_MA | Traljav posao 5, ep. 1. Knockers On Heav | Traljav posao                            | P:-   B:-   L:-   M:-  
2026-09-10 09:38:58 | NOT_FOUND  | TMDB_NO_MA | Matlocková (3)                           | Matlocková (3)                           | P:-   B:-   L:-   M:-  
2026-09-10 09:38:58 | NOT_FOUND  | TMDB_NO_MA | Vražedné čísla I (14)                    | Vražedné čísla                           | P:-   B:-   L:-   M:-  
2026-09-10 09:39:04 | NOT_FOUND  | TMDB_NO_MA | Zbrane Hollywoodu I (8)                  | Zbrane Hollywoodu                        | P:-   B:-   L:-   M:-  
2026-09-10 09:39:04 | NOT_FOUND  | TMDB_NO_MA | Hitlerove tajné misie                    | Hitlerove tajné misie                    | P:-   B:-   L:-   M:-  
2026-09-10 09:39:04 | NOT_FOUND  | TMDB_NO_MA | Po stopách vrahov IV (2)                 | Po stopách vrahov                        | P:-   B:-   L:-   M:-  
2026-09-10 09:39:04 | NOT_FOUND  | TMDB_NO_MA | Záchrana divokých zvierat I (6)          | Záchrana divokých zvierat                | P:-   B:-   L:-   M:-  
2026-09-10 09:39:04 | NOT_FOUND  | TMDB_NO_MA | Zázraky prírody                          | Zázraky prírody                          | P:-   B:-   L:-   M:-  
2026-09-10 09:39:07 | NOT_FOUND  | TMDB_NO_MA | Riskuj! (1042)                           | Riskuj! (1042)                           | P:-   B:-   L:-   M:-  
2026-09-10 09:39:07 | NOT_FOUND  | TMDB_NO_MA | Ulice (5183)                             | Ulice (5183)                             | P:-   B:-   L:-   M:-  
2026-09-10 09:39:07 | NOT_FOUND  | TMDB_NO_MA | Gympl s (r)učením omezeným (93)          | Gympl s (r) učením omezeným (93)         | P:-   B:-   L:-   M:-  
2026-09-10 09:39:07 | NOT_FOUND  | TMDB_NO_MA | Polední Televizní noviny                 | Polední Televizní noviny                 | P:-   B:-   L:-   M:-  
2026-09-10 09:39:10 | NOT_FOUND  | TMDB_NO_MA | Pobrežná hliadka IV (11)                 | Pobrežná hliadka                         | P:-   B:-   L:-   M:-  
2026-09-10 09:39:10 | NOT_FOUND  | TMDB_NO_MA | Nerovný zápas                            | Nerovný zápas                            | P:-   B:-   L:-   M:-  
2026-09-10 09:39:21 | NOT_FOUND  | TMDB_NO_MA | Nebezpečné vztahy                        | Nebezpečné vztahy                        | P:-   B:-   L:-   M:-  
2026-09-10 09:39:21 | NOT_FOUND  | TMDB_NO_MA | Co bude dnes k večeři?                   | Co bude dnes k večeři?                   | P:-   B:-   L:-   M:-  
2026-09-10 09:39:21 | NOT_FOUND  | TMDB_NO_MA | Jak to dopadlo!?                         | Jak to dopadlo! ?                        | P:-   B:-   L:-   M:-  
2026-09-10 09:39:21 | NOT_FOUND  | TMDB_NO_MA | Klenot TV                                | Klenot TV                                | P:-   B:-   L:-   M:-  
2026-09-10 09:39:23 | NOT_FOUND  | TMDB_NO_MA | Hercule Poirot (2)                       | Hercule Poirot (2)                       | P:-   B:-   L:-   M:-  
2026-09-10 09:39:32 | NOT_FOUND  | TMDB_NO_MA | Kamarádi (29)                            | Kamarádi (29)                            | P:-   B:-   L:-   M:-  
2026-09-10 09:39:32 | NOT_FOUND  | TMDB_NO_MA | Kamarádi (30)                            | Kamarádi (30)                            | P:-   B:-   L:-   M:-  
2026-09-10 09:39:32 | NOT_FOUND  | TMDB_NO_MA | Sestřičky (22)                           | Sestřičky (22)                           | P:-   B:-   L:-   M:-  
2026-09-10 09:39:32 | NOT_FOUND  | TMDB_NO_MA | Dvojka na zabitie I (3)                  | Dvojka na zabitie                        | P:-   B:-   L:-   M:-  
2026-09-10 09:39:32 | NOT_FOUND  | TMDB_NO_MA | Sestřičky (23)                           | Sestřičky (23)                           | P:-   B:-   L:-   M:-  
2026-09-10 09:39:34 | NOT_FOUND  | TMDB_NO_MA | Doktor z hor: Nové příběhy V (9)         | Doktor z hor: Nové příběhy               | P:-   B:-   L:-   M:-  
2026-09-10 09:39:37 | NOT_FOUND  | TMDB_NO_MA | Autosalon                                | Autosalon                                | P:-   B:-   L:-   M:-  
2026-09-10 09:39:37 | NOT_FOUND  | TMDB_NO_MA | Autosalon.tv                             | Autosalon.tv                             | P:-   B:-   L:-   M:-  
2026-09-10 09:39:44 | NOT_FOUND  | TMDB_NO_MA | Djevojke na zadatku 7, ep. 7. serija     | Djevojke na zadatku                      | P:-   B:-   L:-   M:-  
2026-09-10 09:39:45 | NOT_FOUND  | TMDB_NO_MA | Djevojke sunca, ep. 68. serija           | Djevojke sunca                           | P:-   B:-   L:-   M:-  
2026-09-10 09:39:45 | NOT_FOUND  | TMDB_NO_MA | Anđeo osvete, ep. 117. serija            | Anđeo osvete                             | P:-   B:-   L:-   M:-  
2026-09-10 09:39:45 | NOT_FOUND  | TMDB_NO_MA | Veličanstveni duo, ep. 20. serija        | Veličanstveni duo                        | P:-   B:-   L:-   M:-  
2026-09-10 09:39:45 | NOT_FOUND  | TMDB_NO_MA | Slatka osveta, ep. 32. serija            | Slatka osveta                            | P:-   B:-   L:-   M:-  
2026-09-10 09:39:50 | NOT_FOUND  | TMDB_NO_MA | Bijeg u dvorac: Sam svoj majstor 4, ep.  | Bijeg u dvorac: Sam svoj majstor         | P:-   B:-   L:-   M:-  
2026-09-10 09:39:50 | NOT_FOUND  | TMDB_NO_MA | Muzica regiunilor                        | Muzica regiunilor                        | P:-   B:-   L:-   M:-  
2026-09-10 09:39:50 | NOT_FOUND  | TMDB_NO_MA | Tezaur folcloric                         | Tezaur folcloric                         | P:-   B:-   L:-   M:-  
2026-09-10 09:39:50 | NOT_FOUND  | TMDB_NO_MA | Scena românilor                          | Scena românilor                          | P:-   B:-   L:-   M:-  
2026-09-10 09:39:51 | NOT_FOUND  | TMDB_NO_MA | Cântec românesc                          | Cântec românesc                          | P:-   B:-   L:-   M:-  
2026-09-10 09:39:51 | NOT_FOUND  | TMDB_NO_MA | Etnografica                              | Etnografica                              | P:-   B:-   L:-   M:-  
2026-09-10 09:39:52 | NOT_FOUND  | TMDB_NO_MA | Zgjohu me MCN                            | Zgjohu me MCN                            | P:-   B:-   L:-   M:-  
2026-09-10 09:39:52 | NOT_FOUND  | TMDB_NO_MA | MCN Economy                              | MCN Economy                              | P:-   B:-   L:-   M:-  
2026-09-10 09:39:54 | NOT_FOUND  | TMDB_NO_MA | Shpirt i egër                            | Shpirt i egër                            | P:-   B:-   L:-   M:-  
2026-09-10 09:39:54 | NOT_FOUND  | TMDB_NO_MA | Shije Shtëpie                            | Shije Shtëpie                            | P:-   B:-   L:-   M:-  
2026-09-10 09:39:54 | NOT_FOUND  | TMDB_NO_MA | Rudina                                   | Rudina                                   | P:-   B:-   L:-   M:-  
2026-09-10 09:39:59 | NOT_FOUND  | TMDB_NO_MA | Programet e RTSH                         | Programet e RTSH                         | P:-   B:-   L:-   M:-  
2026-09-10 09:40:00 | NOT_FOUND  | TMDB_NO_MA | Programet e RTSH2                        | Programet e RTSH2                        | P:-   B:-   L:-   M:-  
2026-09-10 09:40:03 | NOT_FOUND  | TMDB_NO_MA | Dobar, bolji, najbolji... britanski slas | Dobar, bolji, najbolji... britanski slas | P:-   B:-   L:-   M:-  
2026-09-10 09:40:03 | NOT_FOUND  | TMDB_NO_MA | Čudesni svijet dizajna: Švedska (3), dok | Čudesni svijet dizajna: Švedska (3) , do | P:-   B:-   L:-   M:-  
2026-09-10 09:40:03 | NOT_FOUND  | TMDB_NO_MA | Bijeg u unutrašnjost (32), dokumentarna  | Bijeg u unutrašnjost (32) , dokumentarna | P:-   B:-   L:-   M:-  
2026-09-10 09:40:03 | NOT_FOUND  | TMDB_NO_MA | Gordon Ramsay: Umijeće kuhanja kod kuće  | Gordon Ramsay: Umijeće kuhanja kod kuće  | P:-   B:-   L:-   M:-  
2026-09-10 09:40:03 | NOT_FOUND  | TMDB_NO_MA | Spašavatelji vrtova (8), dokumentarna se | Spašavatelji vrtova (8) , dokumentarna s | P:-   B:-   L:-   M:-  
2026-09-10 09:40:05 | NOT_FOUND  | TMDB_NO_MA | Pjesmica Pidžama                         | Pjesmica Pidžama                         | P:-   B:-   L:-   M:-  
2026-09-10 09:40:05 | NOT_FOUND  | TMDB_NO_MA | Ljubavno čudovište, ep. 25.              | Ljubavno čudovište                       | P:-   B:-   L:-   M:-  
2026-09-10 09:40:05 | NOT_FOUND  | TMDB_NO_MA | Ela među zvijezdama, ep. 46.             | Ela među zvijezdama                      | P:-   B:-   L:-   M:-  
2026-09-10 09:40:05 | NOT_FOUND  | TMDB_NO_MA | Pjesmica Brokula                         | Pjesmica Brokula                         | P:-   B:-   L:-   M:-  
2026-09-10 09:43:21 | NOT_FOUND  | TMDB_NO_MA | Makan Radio Broadcasts: Agenda           | Makan Radio Broadcasts: Agenda           | P:-   B:-   L:-   M:-  
2026-09-10 09:43:21 | NOT_FOUND  | TMDB_NO_MA | Radio Makan - Maria and Erin             | Radio Makan - Maria and Erin             | P:-   B:-   L:-   M:-  
2026-09-10 09:43:21 | NOT_FOUND  | TMDB_NO_MA | Makan Radio Broadcasts: Morning Journal  | Makan Radio Broadcasts: Morning Journal  | P:-   B:-   L:-   M:-  
2026-09-10 09:43:24 | NOT_FOUND  | TMDB_NO_MA | Shaul Amsterdamski and Maya Rachlin      | Shaul Amsterdamski and Maya Rachlin      | P:-   B:-   L:-   M:-  
2026-09-10 09:43:24 | NOT_FOUND  | TMDB_NO_MA | Guetta and Assenheim                     | Guetta and Assenheim                     | P:-   B:-   L:-   M:-  
2026-09-10 09:43:24 | NOT_FOUND  | TMDB_NO_MA | News Flash                               | News Flash                               | P:-   B:-   L:-   M:-  
2026-09-10 09:43:24 | NOT_FOUND  | TMDB_NO_MA | Three Songs - Love Songs                 | Three Songs - Love Songs                 | P:-   B:-   L:-   M:-  
2026-09-10 09:43:33 | NOT_FOUND  | TMDB_NO_MA | Panna młoda: odc.193                     | Panna młoda                              | P:-   B:-   L:-   M:-  
2026-09-10 09:43:35 | NOT_FOUND  | ELCIN_NO_M | Jedzenie ma znaczenie: odc.26            | Jedzenie ma znaczenie                    | P:-   B:-   L:-   M:-  
2026-09-10 09:43:38 | NOT_FOUND  | TMDB_NO_MA | Na sygnale: Ustawka                      | Na sygnale: Ustawka                      | P:-   B:-   L:-   M:-  
2026-09-10 09:43:52 | NOT_FOUND  | TMDB_NO_MA | Vrtlarica, ep. 12.                       | Vrtlarica                                | P:-   B:-   L:-   M:-  
2026-09-10 09:43:52 | NOT_FOUND  | TMDB_NO_MA | Dobro jutro, Hrvatska                    | Dobro jutro, Hrvatska                    | P:-   B:-   L:-   M:-  
2026-09-10 09:43:52 | NOT_FOUND  | TMDB_NO_MA | Lidijina kuhinja, ep. 14.                | Lidijina kuhinja                         | P:-   B:-   L:-   M:-  
2026-09-10 09:43:57 | NOT_FOUND  | TMDB_NO_MA | Čudesni svijet dizajna: Švedska 3, ep. 5 | Čudesni svijet dizajna: Švedska          | P:-   B:-   L:-   M:-  
2026-09-10 09:43:57 | NOT_FOUND  | TMDB_NO_MA | Dobar, bolji, najbolji... britanski slas | Dobar, bolji, najbolji... britanski slas | P:-   B:-   L:-   M:-  
2026-09-10 09:43:57 | NOT_FOUND  | TMDB_NO_MA | Gordon Ramsay: Umijeće kuhanja kod kuće  | Gordon Ramsay: Umijeće kuhanja kod kuće  | P:-   B:-   L:-   M:-  
2026-09-10 09:43:57 | NOT_FOUND  | TMDB_NO_MA | Spašavatelji vrtova 8, ep. 14.           | Spašavatelji vrtova                      | P:-   B:-   L:-   M:-  
2026-09-10 09:43:57 | NOT_FOUND  | TMDB_NO_MA | Bijeg u unutrašnjost 32, ep. 55.         | Bijeg u unutrašnjost                     | P:-   B:-   L:-   M:-  
2026-09-10 09:44:10 | NOT_FOUND  | TMDB_NO_MA | Zaki Shan                                | Zaki Shan                                | P:-   B:-   L:-   M:-  
2026-09-10 09:44:10 | NOT_FOUND  | TMDB_NO_MA | Ezkorini                                 | Ezkorini                                 | P:-   B:-   L:-   M:-  
2026-09-10 09:44:32 | NOT_FOUND  | TMDB_NO_MA | Khalawes                                 | Khalawes                                 | P:-   B:-   L:-   M:-  
2026-09-10 09:44:32 | NOT_FOUND  | TMDB_NO_MA | Elwatar                                  | Elwatar                                  | P:-   B:-   L:-   M:-  
2026-09-10 09:44:32 | NOT_FOUND  | TMDB_NO_MA | Tegebha Keda Tegelha Keda Heya Keda      | Tegebha Keda Tegelha Keda Heya Keda      | P:-   B:-   L:-   M:-  
2026-09-10 09:44:33 | NOT_FOUND  | TMDB_NO_MA | Gaalatni Mogreman                        | Gaalatni Mogreman                        | P:-   B:-   L:-   M:-  
2026-09-10 09:44:36 | NOT_FOUND  | TMDB_NO_MA | Hazemny Yaa                              | Hazemny Yaa                              | P:-   B:-   L:-   M:-  
2026-09-10 09:44:36 | NOT_FOUND  | TMDB_NO_MA | Eghfer Li Khateaty                       | Eghfer Li Khateaty                       | P:-   B:-   L:-   M:-  
2026-09-10 09:44:38 | NOT_FOUND  | ELCIN_NO_M | Al Ardhalgy                              | Al Ardhalgy                              | P:-   B:-   L:-   M:-  
2026-09-10 09:45:22 | NOT_FOUND  | TMDB_NO_MA | Spider-Man: Far From Home                | Spider-Man: Far From Home                | P:-   B:-   L:-   M:-  
2026-09-10 09:45:22 | NOT_FOUND  | TMDB_NO_MA | Chief Of Station                         | Chief Of Station                         | P:-   B:-   L:-   M:-  
2026-09-10 09:45:22 | NOT_FOUND  | TMDB_NO_MA | Robocop                                  | Robocop                                  | P:-   B:-   L:-   M:-  
2026-09-10 09:45:35 | NOT_FOUND  | TMDB_NO_MA | The Hummingbird Project                  | The Hummingbird Project                  | P:-   B:-   L:-   M:-  
2026-09-10 09:45:35 | NOT_FOUND  | TMDB_NO_MA | The Life Of Chuck                        | The Life Of Chuck                        | P:-   B:-   L:-   M:-  
2026-09-10 09:45:35 | NOT_FOUND  | TMDB_NO_MA | The Room Next Door                       | The Room Next Door                       | P:-   B:-   L:-   M:-  
2026-09-10 09:45:35 | NOT_FOUND  | TMDB_NO_MA | The Smashing Machine                     | The Smashing Machine                     | P:-   B:-   L:-   M:-  
2026-09-10 09:45:39 | NOT_FOUND  | TMDB_NO_MA | Skiptrace                                | Skiptrace                                | P:-   B:-   L:-   M:-  
2026-09-10 09:45:46 | NOT_FOUND  | TMDB_NO_MA | Red Eye - 2                              | Red Eye - 2                              | P:-   B:-   L:-   M:-  
2026-09-10 09:45:46 | NOT_FOUND  | TMDB_NO_MA | Broken Spies - 1                         | Broken Spies - 1                         | P:-   B:-   L:-   M:-  
2026-09-10 09:45:49 | NOT_FOUND  | TMDB_NO_MA | Murder In Provence - 1                   | Murder In Provence - 1                   | P:-   B:-   L:-   M:-  
2026-09-10 09:45:52 | NOT_FOUND  | TMDB_NO_MA | Hot In Cleveland- 10                     | Hot In Cleveland- 10                     | P:-   B:-   L:-   M:-  
2026-09-10 09:45:53 | NOT_FOUND  | TMDB_NO_MA | Hot In Cleveland- 9                      | Hot In Cleveland- 9                      | P:-   B:-   L:-   M:-  
2026-09-10 09:45:56 | NOT_FOUND  | TMDB_NO_MA | Abba Ganuv 3                             | Abba Ganuv 3                             | P:-   B:-   L:-   M:-  
2026-09-10 09:45:56 | NOT_FOUND  | TMDB_NO_MA | Tzanani Family                           | Tzanani Family                           | P:-   B:-   L:-   M:-  
2026-09-10 09:45:56 | NOT_FOUND  | TMDB_NO_MA | Midnight Entertainer                     | Midnight Entertainer                     | P:-   B:-   L:-   M:-  
2026-09-10 09:45:56 | NOT_FOUND  | TMDB_NO_MA | Mazal Hatula                             | Mazal Hatula                             | P:-   B:-   L:-   M:-  
2026-09-10 09:45:56 | NOT_FOUND  | TMDB_NO_MA | The World is Funny                       | The World is Funny                       | P:-   B:-   L:-   M:-  
2026-09-10 09:45:57 | NOT_FOUND  | TMDB_NO_MA | Beyond The Hill - Ep. 26                 | Beyond The Hill                          | P:-   B:-   L:-   M:-  
2026-09-10 09:45:57 | NOT_FOUND  | TMDB_NO_MA | Blooming Lady 3 - Ep. 189                | Blooming Lady                            | P:-   B:-   L:-   M:-  
2026-09-10 09:45:58 | NOT_FOUND  | TMDB_NO_MA | Waves of Love - Ep. 11                   | Waves of Love                            | P:-   B:-   L:-   M:-  
2026-09-10 09:45:58 | NOT_FOUND  | TMDB_NO_MA | Little Big Heart - Ep. 22                | Little Big Heart                         | P:-   B:-   L:-   M:-  
2026-09-10 09:46:01 | NOT_FOUND  | TMDB_NO_MA | Winds Of Love - Ep. 32                   | Winds Of Love                            | P:-   B:-   L:-   M:-  
2026-09-10 09:46:03 | NOT_FOUND  | TMDB_NO_MA | Grand Hotel - All Secrets Stay Here - Ep | Grand Hotel - All Secrets Stay Here - Ep | P:-   B:-   L:-   M:-  
2026-09-10 09:48:02 | NOT_FOUND  | TMDB_NO_MA | FATEEN                                   | FATEEN                                   | P:-   B:-   L:-   M:-  
2026-09-10 09:48:02 | NOT_FOUND  | TMDB_NO_MA | OOMAK & ME S2                            | OOMAK& ME                                | P:-   B:-   L:-   M:-  
2026-09-10 10:07:11 | NOT_FOUND  | TMDB_NO_MA | Chief Of Station                         | Chief Of Station                         | P:-   B:-   L:-   M:-  
2026-09-10 10:07:11 | NOT_FOUND  | TMDB_NO_MA | Spider-Man: Far From Home                | Spider-Man: Far From Home                | P:-   B:-   L:-   M:-  
2026-09-10 10:07:11 | NOT_FOUND  | TMDB_NO_MA | Robocop                                  | Robocop                                  | P:-   B:-   L:-   M:-  
2026-09-10 10:07:14 | NOT_FOUND  | TMDB_NO_MA | The Hummingbird Project                  | The Hummingbird Project                  | P:-   B:-   L:-   M:-  
2026-09-10 10:07:15 | NOT_FOUND  | TMDB_NO_MA | The Life Of Chuck                        | The Life Of Chuck                        | P:-   B:-   L:-   M:-  
2026-09-10 10:07:15 | NOT_FOUND  | TMDB_NO_MA | The Room Next Door                       | The Room Next Door                       | P:-   B:-   L:-   M:-  
2026-09-10 10:07:15 | NOT_FOUND  | TMDB_NO_MA | The Smashing Machine                     | The Smashing Machine                     | P:-   B:-   L:-   M:-  
2026-09-10 10:07:19 | NOT_FOUND  | TMDB_NO_MA | Skiptrace                                | Skiptrace                                | P:-   B:-   L:-   M:-  
2026-09-10 10:07:21 | NOT_FOUND  | TMDB_NO_MA | Red Eye - 2                              | Red Eye - 2                              | P:-   B:-   L:-   M:-  
2026-09-10 10:07:21 | NOT_FOUND  | TMDB_NO_MA | Broken Spies - 1                         | Broken Spies - 1                         | P:-   B:-   L:-   M:-  
2026-09-10 10:07:21 | NOT_FOUND  | TMDB_NO_MA | The Irrational - 1                       | The Irrational - 1                       | P:-   B:-   L:-   M:-  
2026-09-10 10:07:21 | NOT_FOUND  | TMDB_NO_MA | Murder In Provence - 1                   | Murder In Provence - 1                   | P:-   B:-   L:-   M:-  
2026-09-10 10:07:22 | NOT_FOUND  | TMDB_NO_MA | Hot In Cleveland- 10                     | Hot In Cleveland- 10                     | P:-   B:-   L:-   M:-  
2026-09-10 10:07:22 | NOT_FOUND  | TMDB_NO_MA | Hot In Cleveland- 9                      | Hot In Cleveland- 9                      | P:-   B:-   L:-   M:-  
2026-09-10 10:07:33 | NOT_FOUND  | TMDB_NO_MA | Midnight Entertainer                     | Midnight Entertainer                     | P:-   B:-   L:-   M:-  
2026-09-10 10:07:33 | NOT_FOUND  | TMDB_NO_MA | Tzanani Family                           | Tzanani Family                           | P:-   B:-   L:-   M:-  
2026-09-10 10:07:33 | NOT_FOUND  | TMDB_NO_MA | Mazal Hatula                             | Mazal Hatula                             | P:-   B:-   L:-   M:-  
2026-09-10 10:07:33 | NOT_FOUND  | TMDB_NO_MA | The World is Funny                       | The World is Funny                       | P:-   B:-   L:-   M:-  
2026-09-10 10:07:33 | NOT_FOUND  | TMDB_NO_MA | Aviva, My Love                           | Aviva, My Love                           | P:-   B:-   L:-   M:-  
2026-09-10 10:07:39 | NOT_FOUND  | TMDB_NO_MA | Blooming Lady 3 - Ep. 189                | Blooming Lady                            | P:-   B:-   L:-   M:-  
2026-09-10 10:07:39 | NOT_FOUND  | TMDB_NO_MA | Beyond The Hill - Ep. 26                 | Beyond The Hill                          | P:-   B:-   L:-   M:-  
2026-09-10 10:07:42 | NOT_FOUND  | TMDB_NO_MA | Waves of Love - Ep. 11                   | Waves of Love                            | P:-   B:-   L:-   M:-  
2026-09-10 10:07:42 | NOT_FOUND  | TMDB_NO_MA | Little Big Heart - Ep. 22                | Little Big Heart                         | P:-   B:-   L:-   M:-  
2026-09-10 10:07:42 | NOT_FOUND  | TMDB_NO_MA | Take My Hand - Ep. 25                    | Take My Hand                             | P:-   B:-   L:-   M:-  
2026-09-10 10:07:46 | NOT_FOUND  | TMDB_NO_MA | Winds Of Love - Ep. 32                   | Winds Of Love                            | P:-   B:-   L:-   M:-  
2026-09-10 10:07:53 | NOT_FOUND  | TMDB_NO_MA | Grand Hotel - All Secrets Stay Here - Ep | Grand Hotel - All Secrets Stay Here - Ep | P:-   B:-   L:-   M:-  
2026-09-10 10:08:05 | NOT_FOUND  | TMDB_NO_MA | Harry Potter i Insygnia Śmierci: Część 2 | Harry Potter i Insygnia Śmierci: Część 2 | P:-   B:-   L:-   M:-  
2026-09-10 10:08:05 | NOT_FOUND  | TMDB_NO_MA | Kolejna zwyczajna przysługa              | Kolejna zwyczajna przysługa              | P:-   B:-   L:-   M:-  
2026-09-10 10:08:05 | NOT_FOUND  | TMDB_NO_MA | Mój mistrz                               | Mój mistrz                               | P:-   B:-   L:-   M:-  
2026-09-10 10:08:08 | NOT_FOUND  | TMDB_NO_MA | Spider-Man: Bez drogi do domu            | Spider-Man: Bez drogi do domu            | P:-   B:-   L:-   M:-  
2026-09-10 10:08:08 | NOT_FOUND  | TMDB_NO_MA | Kina i Yuk                               | Kina i Yuk                               | P:-   B:-   L:-   M:-  
2026-09-10 10:08:08 | NOT_FOUND  | TMDB_NO_MA | Śmierć komedianta                        | Śmierć komedianta                        | P:-   B:-   L:-   M:-  
2026-09-10 10:08:10 | NOT_FOUND  | TMDB_NO_MA | Okiem Oscara                             | Okiem Oscara                             | P:-   B:-   L:-   M:-  
2026-09-10 10:08:10 | NOT_FOUND  | TMDB_NO_MA | O psie, który wrócił do domu             | O psie, który wrócił do domu             | P:-   B:-   L:-   M:-  
2026-09-10 10:08:12 | NOT_FOUND  | TMDB_NO_MA | Zabić mongolskiego konia                 | Zabić mongolskiego konia                 | P:-   B:-   L:-   M:-  
2026-09-10 10:08:12 | NOT_FOUND  | TMDB_NO_MA | Transformers: Zemsta upadłych            | Transformers: Zemsta upadłych            | P:-   B:-   L:-   M:-  
2026-09-10 10:08:12 | NOT_FOUND  | TMDB_NO_MA | Moje miejsce jest tutaj                  | Moje miejsce jest tutaj                  | P:-   B:-   L:-   M:-  
2026-09-10 10:08:12 | NOT_FOUND  | TMDB_NO_MA | Chmurka                                  | Chmurka                                  | P:-   B:-   L:-   M:-  
2026-09-10 10:08:12 | NOT_FOUND  | TMDB_NO_MA | CJ7                                      | CJ7                                      | P:-   B:-   L:-   M:-  
2026-09-10 10:08:20 | NOT_FOUND  | TMDB_NO_MA | Wietrzne podróże                         | Wietrzne podróże                         | P:-   B:-   L:-   M:-  
2026-09-10 10:08:20 | NOT_FOUND  | TMDB_NO_MA | Kilka dni, nie więcej                    | Kilka dni, nie więcej                    | P:-   B:-   L:-   M:-  
2026-09-10 10:08:20 | NOT_FOUND  | TMDB_NO_MA | Sześć stóp nad ziemią                    | Sześć stóp nad ziemią                    | P:-   B:-   L:-   M:-  
2026-09-10 10:08:20 | NOT_FOUND  | TMDB_NO_MA | Magia uczuć                              | Magia uczuć                              | P:-   B:-   L:-   M:-  
2026-09-10 10:08:20 | NOT_FOUND  | TMDB_NO_MA | Made in EU                               | Made in EU                               | P:-   B:-   L:-   M:-  
2026-09-10 10:08:31 | NOT_FOUND  | TMDB_NO_MA | Fuks                                     | Fuks                                     | P:-   B:-   L:-   M:-  
2026-09-10 10:08:31 | NOT_FOUND  | TMDB_NO_MA | Prawda czy fałsz. Psychologia trumpizmu  | Prawda czy fałsz. Psychologia trumpizmu  | P:-   B:-   L:-   M:-  
2026-09-10 10:08:32 | NOT_FOUND  | TMDB_NO_MA | Saga Zmierzch: Przed świtem. Część I     | Saga Zmierzch: Przed świtem. Część I     | P:-   B:-   L:-   M:-  
2026-09-10 10:08:32 | NOT_FOUND  | TMDB_NO_MA | Moje pieczone kurczaki                   | Moje pieczone kurczaki                   | P:-   B:-   L:-   M:-  
2026-09-10 10:08:34 | NOT_FOUND  | TMDB_NO_MA | W garniturach 3: odc.9                   | W garniturach                            | P:-   B:-   L:-   M:-  
2026-09-10 10:08:37 | NOT_FOUND  | TMDB_NO_MA | Sekretne życie zwierzaków domowych 2     | Sekretne życie zwierzaków domowych 2     | P:-   B:-   L:-   M:-  
2026-09-10 10:08:37 | NOT_FOUND  | TMDB_NO_MA | Brian Wilson: Long Promised Road         | Brian Wilson: Long Promised Road         | P:-   B:-   L:-   M:-  
2026-09-10 10:08:57 | NOT_FOUND  | TMDB_NO_MA | Strażnik czasu                           | Strażnik czasu                           | P:-   B:-   L:-   M:-  
2026-09-10 10:08:57 | NOT_FOUND  | TMDB_NO_MA | Kaktus Jack                              | Kaktus Jack                              | P:-   B:-   L:-   M:-  
2026-09-10 10:08:57 | NOT_FOUND  | TMDB_NO_MA | Papillon. Motylek                        | Papillon. Motylek                        | P:-   B:-   L:-   M:-  
2026-09-10 10:08:57 | NOT_FOUND  | TMDB_NO_MA | Ad Astra: Ku gwiazdom                    | Ad Astra: Ku gwiazdom                    | P:-   B:-   L:-   M:-  
2026-09-10 10:08:57 | NOT_FOUND  | TMDB_NO_MA | Honor wojownika                          | Honor wojownika                          | P:-   B:-   L:-   M:-  
2026-09-10 10:09:00 | NOT_FOUND  | TMDB_NO_MA | Gwiezdny pył                             | Gwiezdny pył                             | P:-   B:-   L:-   M:-  
2026-09-10 10:09:01 | NOT_FOUND  | TMDB_NO_MA | Pełniejsza chata 2: odc.5                | Pełniejsza chata                         | P:-   B:-   L:-   M:-  
2026-09-10 10:09:04 | NOT_FOUND  | TMDB_NO_MA | Che Dio ci aiuti - Fantasmi ep.1         | Che Dio ci aiuti - Fantasmi              | P:-   B:-   L:-   M:-  
2026-09-10 10:09:06 | NOT_FOUND  | TMDB_NO_MA | Il monaco di Monza                       | Il monaco di Monza                       | P:-   B:-   L:-   M:-  
2026-09-10 10:09:06 | NOT_FOUND  | TMDB_NO_MA | A qualsiasi prezzo                       | A qualsiasi prezzo                       | P:-   B:-   L:-   M:-  
2026-09-10 10:09:06 | NOT_FOUND  | TMDB_NO_MA | I lunghi giorni della vendetta           | I lunghi giorni della vendetta           | P:-   B:-   L:-   M:-  
2026-09-10 10:09:06 | NOT_FOUND  | TMDB_NO_MA | Straniero... fatti il segno della croce! | Straniero... fatti il segno della croce! | P:-   B:-   L:-   M:-  
2026-09-10 10:09:08 | NOT_FOUND  | TMDB_NO_MA | Strażnik snów 1 (odc. 1)                 | Strażnik snów                            | P:-   B:-   L:-   M:-  
2026-09-10 10:09:08 | NOT_FOUND  | TMDB_NO_MA | Acceptance                               | Acceptance                               | P:-   B:-   L:-   M:-  
2026-09-10 10:09:10 | NOT_FOUND  | TMDB_NO_MA | Bibliotekarze 2 (odc. 2)                 | Bibliotekarze                            | P:-   B:-   L:-   M:-  
2026-09-10 10:09:11 | NOT_FOUND  | TMDB_NO_MA | Kuchenne rewolucje: Barlinek - Limba: od | Kuchenne rewolucje: Barlinek - Limba     | P:-   B:-   L:-   M:-  
2026-09-10 10:09:11 | NOT_FOUND  | TMDB_NO_MA | Kuchenne rewolucje: Płońsk, Trops: odc.7 | Kuchenne rewolucje: Płońsk, Trops        | P:-   B:-   L:-   M:-  
2026-09-10 10:09:13 | NOT_FOUND  | ELCIN_NO_M | Un posto al sole 30 - p.138              | Un posto al sole 30                      | P:-   B:-   L:-   M:-  
2026-09-10 10:09:13 | NOT_FOUND  | TMDB_NO_MA | Bez śladu 1 (odc. 19)                    | Bez śladu                                | P:-   B:-   L:-   M:-  
2026-09-10 10:09:13 | NOT_FOUND  | TMDB_NO_MA | Kasandra 3 (odc. 2)                      | Kasandra                                 | P:-   B:-   L:-   M:-  
2026-09-10 10:09:14 | NOT_FOUND  | TMDB_NO_MA | Morderstwo w Biot                        | Morderstwo w Biot                        | P:-   B:-   L:-   M:-  
2026-09-10 10:09:16 | NOT_FOUND  | TMDB_NO_MA | Z pamiętnika położnej 13: odc.4          | Z pamiętnika położnej                    | P:-   B:-   L:-   M:-  
2026-09-10 10:09:17 | NOT_FOUND  | TMDB_NO_MA | Brytyjskie fabryki 9: odc.5              | Brytyjskie fabryki                       | P:-   B:-   L:-   M:-  
2026-09-10 10:09:17 | NOT_FOUND  | TMDB_NO_MA | Tajemnice Trójkąta Bermudzkiego: odc.3   | Tajemnice Trójkąta Bermudzkiego          | P:-   B:-   L:-   M:-  
2026-09-10 10:09:18 | NOT_FOUND  | TMDB_NO_MA | Zagadki kryminalne panny Fisher 1 (odc.  | Zagadki kryminalne panny Fisher          | P:-   B:-   L:-   M:-  
2026-09-10 10:09:19 | NOT_FOUND  | TMDB_NO_MA | CSI: Kryminalne zagadki Nowego Jorku: od | CSI: Kryminalne zagadki Nowego Jorku     | P:-   B:-   L:-   M:-  
2026-09-10 10:09:22 | NOT_FOUND  | TMDB_NO_MA | Abbott i Costello - afrykańska przygoda  | Abbott i Costello - afrykańska przygoda  | P:-   B:-   L:-   M:-  
2026-09-10 10:09:22 | NOT_FOUND  | TMDB_NO_MA | Rycząca otchłań                          | Rycząca otchłań                          | P:-   B:-   L:-   M:-  
2026-09-10 10:09:22 | NOT_FOUND  | TMDB_NO_MA | Sherlock Holmes i tajny szyfr            | Sherlock Holmes i tajny szyfr            | P:-   B:-   L:-   M:-  
2026-09-10 10:09:22 | NOT_FOUND  | TMDB_NO_MA | Buster się żeni                          | Buster się żeni                          | P:-   B:-   L:-   M:-  
2026-09-10 10:09:22 | NOT_FOUND  | TMDB_NO_MA | Laleczka                                 | Laleczka                                 | P:-   B:-   L:-   M:-  
2026-09-10 10:09:30 | NOT_FOUND  | TMDB_NO_MA | Ostry dyżur 5: odc.2                     | Ostry dyżur                              | P:-   B:-   L:-   M:-  
2026-09-10 10:09:31 | NOT_FOUND  | TMDB_NO_MA | Gwiezdne wrota 10 (odc. 10)              | Gwiezdne wrota                           | P:-   B:-   L:-   M:-  
2026-09-10 10:09:31 | NOT_FOUND  | TMDB_NO_MA | Kobra - oddział specjalny 14 (odc. 4)    | Kobra - oddział specjalny                | P:-   B:-   L:-   M:-  
2026-09-10 10:09:34 | NOT_FOUND  | TMDB_NO_MA | Widok za miliony: odc.7                  | Widok za miliony                         | P:-   B:-   L:-   M:-  
2026-09-10 10:09:34 | NOT_FOUND  | TMDB_NO_MA | Sposób na zamek 6: odc.7                 | Sposób na zamek                          | P:-   B:-   L:-   M:-  
2026-09-10 10:09:34 | NOT_FOUND  | TMDB_NO_MA | Detektyw Murdoch 12 (odc. 16)            | Detektyw Murdoch                         | P:-   B:-   L:-   M:-  
2026-09-10 10:09:36 | NOT_FOUND  | TMDB_NO_MA | Marlow: klub zbrodni: odc.1              | Marlow: klub zbrodni                     | P:-   B:-   L:-   M:-  
2026-09-10 10:09:42 | NOT_FOUND  | TMDB_NO_MA | Viola bacia tutti                        | Viola bacia tutti                        | P:-   B:-   L:-   M:-  
2026-09-10 10:09:42 | NOT_FOUND  | TMDB_NO_MA | South Kensington                         | South Kensington                         | P:-   B:-   L:-   M:-  
2026-09-10 10:09:42 | NOT_FOUND  | TMDB_NO_MA | Sapore di te                             | Sapore di te                             | P:-   B:-   L:-   M:-  
2026-09-10 10:09:43 | NOT_FOUND  | ELCIN_NO_M | Wszystkie stworzenia duże i małe: odc.7  | Wszystkie stworzenia duże i małe         | P:-   B:-   L:-   M:-  
2026-09-10 10:09:44 | NOT_FOUND  | TMDB_NO_MA | Il grande colpo di Surcouf               | Il grande colpo di Surcouf               | P:-   B:-   L:-   M:-  
2026-09-10 10:09:44 | NOT_FOUND  | TMDB_NO_MA | N - Io e Napoleone                       | N - Io e Napoleone                       | P:-   B:-   L:-   M:-  
2026-09-10 10:09:44 | NOT_FOUND  | TMDB_NO_MA | La freccia nella polvere                 | La freccia nella polvere                 | P:-   B:-   L:-   M:-  
2026-09-10 10:09:44 | NOT_FOUND  | TMDB_NO_MA | Un piano perfetto                        | Un piano perfetto                        | P:-   B:-   L:-   M:-  
2026-09-10 10:09:44 | NOT_FOUND  | TMDB_NO_MA | Il cavaliere di Lagardere                | Il cavaliere di Lagardere                | P:-   B:-   L:-   M:-  
2026-09-10 10:09:47 | NOT_FOUND  | TMDB_NO_MA | Noce i dnie: Bogumił i Barbara: odc.1    | Noce i dnie: Bogumił i Barbara           | P:-   B:-   L:-   M:-  
2026-09-10 10:09:47 | NOT_FOUND  | TMDB_NO_MA | Potop 2 (odc. 2)                         | Potop                                    | P:-   B:-   L:-   M:-  
2026-09-10 10:09:52 | NOT_FOUND  | TMDB_NO_MA | Pyszne dania w 10 minut z Julią Oleś 2:  | Pyszne dania w 10 minut z Julią Oleś     | P:-   B:-   L:-   M:-  
2026-09-10 10:09:52 | NOT_FOUND  | TMDB_NO_MA | Robert Makłowicz: Dalmacja - Dalmatyńska | Robert Makłowicz: Dalmacja - Dalmatyńska | P:-   B:-   L:-   M:-  
2026-09-10 10:09:52 | NOT_FOUND  | TMDB_NO_MA | Górski lekarz: odc.10                    | Górski lekarz                            | P:-   B:-   L:-   M:-  
2026-09-10 10:09:53 | NOT_FOUND  | TMDB_NO_MA | Malibu - Moje marzenie, twoje marzenie 2 | Malibu - Moje marzenie, twoje marzenie   | P:-   B:-   L:-   M:-  
2026-09-10 10:09:53 | NOT_FOUND  | TMDB_NO_MA | Dora Heldt: Ucieczka ciotki Inge         | Dora Heldt: Ucieczka ciotki Inge         | P:-   B:-   L:-   M:-  
2026-09-10 10:09:54 | NOT_FOUND  | TMDB_NO_MA | Käthe i ja 1 (odc. 8)                    | Käthe i ja                               | P:-   B:-   L:-   M:-  
2026-09-10 10:09:54 | NOT_FOUND  | TMDB_NO_MA | Pastorka                                 | Pastorka                                 | P:-   B:-   L:-   M:-  
2026-09-10 10:09:56 | NOT_FOUND  | TMDB_NO_MA | Kabaretowy szał: Kabaret Czesuaf: odc.19 | Kabaretowy szał: Kabaret Czesuaf         | P:-   B:-   L:-   M:-  
2026-09-10 10:09:56 | NOT_FOUND  | TMDB_NO_MA | Kabaretowy szał: Kabret Tey: odc.20      | Kabaretowy szał: Kabret Tey              | P:-   B:-   L:-   M:-  
2026-09-10 10:09:56 | NOT_FOUND  | TMDB_NO_MA | Opowieść o wyspie 1 (odc. 38)            | Opowieść o wyspie                        | P:-   B:-   L:-   M:-  
2026-09-10 10:09:56 | NOT_FOUND  | TMDB_NO_MA | Otchłań namiętności 1 (odc. 161)         | Otchłań namiętności                      | P:-   B:-   L:-   M:-  
2026-09-10 10:09:56 | NOT_FOUND  | TMDB_NO_MA | Miłość w Cabo 1 (odc. 20)                | Miłość w Cabo                            | P:-   B:-   L:-   M:-  
2026-09-10 10:09:56 | NOT_FOUND  | TMDB_NO_MA | Róże i grzechy 1 (odc. 60)               | Róże i grzechy                           | P:-   B:-   L:-   M:-  
2026-09-10 10:10:02 | NOT_FOUND  | TMDB_NO_MA | Wariaci za kierownicą 1 (odc. 2)         | Wariaci za kierownicą                    | P:-   B:-   L:-   M:-  
2026-09-10 10:10:02 | NOT_FOUND  | TMDB_NO_MA | Pokochaj lub sprzedaj Quebec 3: odc.5    | Pokochaj lub sprzedaj Quebec             | P:-   B:-   L:-   M:-  
2026-09-10 10:10:04 | NOT_FOUND  | TMDB_NO_MA | Piekło na Ziemi: odc.6                   | Piekło na Ziemi                          | P:-   B:-   L:-   M:-  
2026-09-10 10:10:04 | NOT_FOUND  | TMDB_NO_MA | Sensacje XX wieku: Tajemnica Heinricha H | Sensacje XX wieku: Tajemnica Heinricha H | P:-   B:-   L:-   M:-  
2026-09-10 10:10:05 | NOT_FOUND  | TMDB_NO_MA | Świat według Kiepskich: Bezpieczeństwo i | Świat według Kiepskich: Bezpieczeństwo i | P:-   B:-   L:-   M:-  
2026-09-10 10:10:07 | NOT_FOUND  | TMDB_NO_MA | Świat według Bundych: odc.5              | Świat według Bundych                     | P:-   B:-   L:-   M:-  
2026-09-10 10:10:27 | NOT_FOUND  | TMDB_NO_MA | Malanowski i partnerzy: odc.430          | Malanowski i partnerzy                   | P:-   B:-   L:-   M:-  
2026-09-10 10:10:30 | NOT_FOUND  | TMDB_NO_MA | Oszukane 1 (odc. 5)                      | Oszukane                                 | P:-   B:-   L:-   M:-  
2026-09-10 10:10:31 | NOT_FOUND  | TMDB_NO_MA | Wojny kontenerowe 1 (odc. 15)            | Wojny kontenerowe                        | P:-   B:-   L:-   M:-  
2026-09-10 10:10:34 | NOT_FOUND  | TMDB_NO_MA | Zaklinaczka duchów 5 (odc. 3)            | Zaklinaczka duchów                       | P:-   B:-   L:-   M:-  
2026-09-10 10:10:34 | NOT_FOUND  | TMDB_NO_MA | Nie igraj z aniołem 1 (odc. 158)         | Nie igraj z aniołem                      | P:-   B:-   L:-   M:-  
2026-09-10 10:10:36 | NOT_FOUND  | TMDB_NO_MA | Tomek i przyjaciele: Naprzód lokomotywy! | Tomek i przyjaciele: Naprzód lokomotywy! | P:-   B:-   L:-   M:-  
2026-09-10 10:10:43 | NOT_FOUND  | TMDB_NO_MA | Na sygnale: Ustawka                      | Na sygnale: Ustawka                      | P:-   B:-   L:-   M:-  
2026-09-10 10:10:43 | NOT_FOUND  | TMDB_NO_MA | Na sygnale: Detoks                       | Na sygnale: Detoks                       | P:-   B:-   L:-   M:-  
2026-09-10 10:10:51 | NOT_FOUND  | TMDB_NO_MA | Panna młoda: odc.193                     | Panna młoda                              | P:-   B:-   L:-   M:-  
2026-09-10 10:10:53 | NOT_FOUND  | TMDB_NO_MA | Całkiem niezła historia: Powrót do domu  | Całkiem niezła historia: Powrót do domu  | P:-   B:-   L:-   M:-  
2026-09-10 10:10:53 | NOT_FOUND  | TMDB_NO_MA | Portfel Kowalskiego                      | Portfel Kowalskiego                      | P:-   B:-   L:-   M:-  
2026-09-10 10:10:53 | NOT_FOUND  | TMDB_NO_MA | Złoty chłopak                            | Złoty chłopak                            | P:-   B:-   L:-   M:-  
2026-09-10 10:10:53 | NOT_FOUND  | TMDB_NO_MA | Gwiazdorska kuchnia Ani 4 (odc. 5)       | Gwiazdorska kuchnia Ani                  | P:-   B:-   L:-   M:-  
2026-09-10 10:10:53 | NOT_FOUND  | TMDB_NO_MA | Turystyczna jazda                        | Turystyczna jazda                        | P:-   B:-   L:-   M:-  
2026-09-10 10:10:57 | NOT_FOUND  | TMDB_NO_MA | Zapukaj do moich drzwi: odc.84           | Zapukaj do moich drzwi                   | P:-   B:-   L:-   M:-  
2026-09-10 10:10:58 | NOT_FOUND  | ELCIN_NO_M | Jedzenie ma znaczenie: odc.26            | Jedzenie ma znaczenie                    | P:-   B:-   L:-   M:-  
2026-09-10 10:10:59 | NOT_FOUND  | TMDB_NO_MA | Fani czterech kółek 18: odc.4            | Fani czterech kółek                      | P:-   B:-   L:-   M:-  
2026-09-10 10:11:01 | NOT_FOUND  | TMDB_NO_MA | Forum                                    | Forum                                    | P:-   B:-   L:-   M:-  
2026-09-10 10:11:01 | NOT_FOUND  | TMDB_NO_MA | Mini Chuchi, dini Chuchi                 | Mini Chuchi, dini Chuchi                 | P:-   B:-   L:-   M:-  
2026-09-10 10:11:02 | NOT_FOUND  | TMDB_NO_MA | 3 auf zwei                               | 3 auf zwei                               | P:-   B:-   L:-   M:-  
2026-09-10 10:11:02 | NOT_FOUND  | TMDB_NO_MA | Wissen@SRF                               | Wissen@SRF                               | P:-   B:-   L:-   M:-  
2026-09-10 10:11:04 | NOT_FOUND  | TMDB_NO_MA | Bienvenue chez les Mouche                | Bienvenue chez les Mouche                | P:-   B:-   L:-   M:-  
2026-09-10 10:11:04 | NOT_FOUND  | TMDB_NO_MA | Quel temps fait-il ?                     | Quel temps fait-il?                      | P:-   B:-   L:-   M:-  
2026-09-10 10:11:06 | NOT_FOUND  | ELCIN_NO_M | SRF bi de Lüt                            | SRF bi de Lüt                            | P:-   B:-   L:-   M:-  
2026-09-10 10:11:07 | NOT_FOUND  | TMDB_NO_MA | La grande prateria                       | La grande prateria                       | P:-   B:-   L:-   M:-  
2026-09-10 10:11:07 | NOT_FOUND  | TMDB_NO_MA | Guardia Costiera - I due rivali          | Guardia Costiera - I due rivali          | P:-   B:-   L:-   M:-  
2026-09-10 10:11:07 | NOT_FOUND  | TMDB_NO_MA | Walker, Texas Ranger - Bassifondi        | Walker, Texas Ranger - Bassifondi        | P:-   B:-   L:-   M:-  
2026-09-10 10:11:07 | NOT_FOUND  | TMDB_NO_MA | Seaside Hotel - Bufera in arrivo         | Seaside Hotel - Bufera in arrivo         | P:-   B:-   L:-   M:-  
2026-09-10 10:11:07 | NOT_FOUND  | TMDB_NO_MA | Friends - Lezioni di francese            | Friends - Lezioni di francese            | P:-   B:-   L:-   M:-  
2026-09-10 10:11:09 | NOT_FOUND  | TMDB_NO_MA | Millevoci in TV                          | Millevoci in TV                          | P:-   B:-   L:-   M:-  
2026-09-10 10:11:09 | NOT_FOUND  | TMDB_NO_MA | Controcorrente in TV                     | Controcorrente in TV                     | P:-   B:-   L:-   M:-  
2026-09-10 10:11:09 | NOT_FOUND  | TMDB_NO_MA | Casa Svizzera                            | Casa Svizzera                            | P:-   B:-   L:-   M:-  
2026-09-10 10:11:09 | NOT_FOUND  | TMDB_NO_MA | Calcio: Champions League 2026/2027 - Liv | Calcio: Champions League/ 2027 - Liverpo | P:-   B:-   L:-   M:-  
2026-09-10 10:11:09 | NOT_FOUND  | TMDB_NO_MA | Siamo tutti fuori                        | Siamo tutti fuori                        | P:-   B:-   L:-   M:-  
2026-09-10 10:11:10 | NOT_FOUND  | TMDB_NO_MA | Alors on sort ?                          | Alors on sort?                           | P:-   B:-   L:-   M:-  
2026-09-10 10:11:12 | NOT_FOUND  | TMDB_NO_MA | Quoi ? Quand ? Où ?                      | Quoi? Quand? Où?                         | P:-   B:-   L:-   M:-  
2026-09-10 10:11:12 | NOT_FOUND  | TMDB_NO_MA | Le Clan Delon - L'impossible héritage    | Le Clan Delon - L'impossible héritage    | P:-   B:-   L:-   M:-  
2026-09-10 10:11:14 | NOT_FOUND  | TMDB_NO_MA | Dans les coulisses de "Vigilante"        | Dans les coulisses de "Vigilante"        | P:-   B:-   L:-   M:-  
2026-09-10 10:11:14 | NOT_FOUND  | TMDB_NO_MA | Coûte que coûte, c'est notre argent      | Coûte que coûte, c'est notre argent      | P:-   B:-   L:-   M:-  
2026-09-10 10:11:17 | NOT_FOUND  | TMDB_NO_MA | Dans votre canap' VIP                    | Dans votre canap' VIP                    | P:-   B:-   L:-   M:-  
2026-09-10 10:11:20 | NOT_FOUND  | TMDB_NO_MA | Ore 11                                   | Ore 11                                   | P:-   B:-   L:-   M:-  
2026-09-10 10:11:20 | NOT_FOUND  | TMDB_NO_MA | Segreti di famiglia                      | Segreti di famiglia                      | P:-   B:-   L:-   M:-  
2026-09-10 10:11:22 | NOT_FOUND  | TMDB_NO_MA | X-style festival del cinema di venezia   | X-style festival del cinema di venezia   | P:-   B:-   L:-   M:-  
2026-09-10 10:11:31 | NOT_FOUND  | TMDB_NO_MA | Storie italiane                          | Storie italiane                          | P:-   B:-   L:-   M:-  
2026-09-10 10:11:31 | NOT_FOUND  | TMDB_NO_MA | UnoMattina                               | UnoMattina                               | P:-   B:-   L:-   M:-  
2026-09-10 10:11:33 | NOT_FOUND  | TMDB_NO_MA | I casi della giovane Miss Fisher Vivi e  | I casi della giovane Miss Fisher Vivi e  | P:-   B:-   L:-   M:-  
2026-09-10 10:11:33 | NOT_FOUND  | TMDB_NO_MA | TG Sport Giorno                          | TG Sport Giorno                          | P:-   B:-   L:-   M:-  
2026-09-10 10:11:33 | NOT_FOUND  | TMDB_NO_MA | La Nave dei Sogni Hudson Valley          | La Nave dei Sogni Hudson Valley          | P:-   B:-   L:-   M:-  
2026-09-10 10:11:43 | NOT_FOUND  | TMDB_NO_MA | Fast Forward VII ep.9                    | Fast Forward VII                         | P:-   B:-   L:-   M:-  
2026-09-10 10:11:43 | NOT_FOUND  | TMDB_NO_MA | Senza Traccia II ep.4                    | Senza Traccia II                         | P:-   B:-   L:-   M:-  
2026-09-10 10:12:05 | NOT_FOUND  | TMDB_NO_MA | La minute des Maternelles                | La minute des Maternelles                | P:-   B:-   L:-   M:-  
2026-09-10 10:12:06 | NOT_FOUND  | TMDB_NO_MA | ICI dans votre région                    | ICI dans votre région                    | P:-   B:-   L:-   M:-  
2026-09-10 10:12:06 | NOT_FOUND  | TMDB_NO_MA | Escales en France                        | Escales en France                        | P:-   B:-   L:-   M:-  
2026-09-10 10:12:06 | NOT_FOUND  | TMDB_NO_MA | C'est succulent !                        | C'est succulent!                         | P:-   B:-   L:-   M:-  
2026-09-10 10:12:14 | NOT_FOUND  | TMDB_NO_MA | Oscar & Malika toujours en retard 3 (odc | Oscar& Malika toujours en retard         | P:-   B:-   L:-   M:-  
2026-09-10 10:12:20 | NOT_FOUND  | TMDB_NO_MA | Expression directe                       | Expression directe                       | P:-   B:-   L:-   M:-  
2026-09-10 10:12:20 | NOT_FOUND  | TMDB_NO_MA | Sale temps pour la planete: Périgord, pa | Sale temps pour la planete: Périgord, pa | P:-   B:-   L:-   M:-  
2026-09-10 10:12:25 | NOT_FOUND  | TMDB_NO_MA | Trophées du monde                        | Trophées du monde                        | P:-   B:-   L:-   M:-  
2026-09-10 10:12:30 | NOT_FOUND  | TMDB_NO_MA | Inside Surfing                           | Inside Surfing                           | P:-   B:-   L:-   M:-  
2026-09-10 10:12:30 | NOT_FOUND  | TMDB_NO_MA | Arnaud de Rosnay, au-delà du défi        | Arnaud de Rosnay, au-delà du défi        | P:-   B:-   L:-   M:-  
2026-09-10 10:12:30 | NOT_FOUND  | TMDB_NO_MA | Tombée du ciel                           | Tombée du ciel                           | P:-   B:-   L:-   M:-  
2026-09-10 10:12:32 | NOT_FOUND  | TMDB_NO_MA | Bradley Walsh : les codes cosmiques d'Eg | Bradley Walsh: les codes cosmiques d'Egy | P:-   B:-   L:-   M:-  
2026-09-10 10:12:34 | NOT_FOUND  | TMDB_NO_MA | Les derniers secrets du serpent          | Les derniers secrets du serpent          | P:-   B:-   L:-   M:-  
2026-09-10 10:12:34 | NOT_FOUND  | TMDB_NO_MA | Meurtres sur ordonnance                  | Meurtres sur ordonnance                  | P:-   B:-   L:-   M:-  
2026-09-10 10:12:36 | NOT_FOUND  | TMDB_NO_MA | Réparer la nature                        | Réparer la nature                        | P:-   B:-   L:-   M:-  
2026-09-10 10:12:36 | NOT_FOUND  | TMDB_NO_MA | Quand la nature se déchaîne              | Quand la nature se déchaîne              | P:-   B:-   L:-   M:-  
2026-09-10 10:12:36 | NOT_FOUND  | TMDB_NO_MA | Les nouveaux pionniers de l'espace       | Les nouveaux pionniers de l'espace       | P:-   B:-   L:-   M:-  
2026-09-10 10:12:36 | NOT_FOUND  | TMDB_NO_MA | La nature se déchaîne                    | La nature se déchaîne                    | P:-   B:-   L:-   M:-  
2026-09-10 10:12:43 | NOT_FOUND  | TMDB_NO_MA | High Side : Le Meilleur                  | High Side: Le Meilleur                   | P:-   B:-   L:-   M:-  
2026-09-10 10:12:43 | NOT_FOUND  | TMDB_NO_MA | Kevin Hart & Cie : passion customs       | Kevin Hart& Cie: passion customs         | P:-   B:-   L:-   M:-  
2026-09-10 10:12:51 | NOT_FOUND  | TMDB_NO_MA | Holly e Benji Forever                    | Holly e Benji Forever                    | P:-   B:-   L:-   M:-  
2026-09-10 10:13:06 | NOT_FOUND  | TMDB_NO_MA | Poszukiwacze domów: raj na własność 1 (o | Poszukiwacze domów: raj na własność      | P:-   B:-   L:-   M:-  
2026-09-10 10:13:06 | NOT_FOUND  | TMDB_NO_MA | Remontujemy dom na plaży 11 (odc. 4)     | Remontujemy dom na plaży                 | P:-   B:-   L:-   M:-  
2026-09-10 10:13:06 | NOT_FOUND  | TMDB_NO_MA | Kamera, akcja, wpadka! 1 (odc. 13)       | Kamera, akcja, wpadka!                   | P:-   B:-   L:-   M:-  
2026-09-10 10:13:09 | NOT_FOUND  | TMDB_NO_MA | Prove sepolte - le avventure dell'archeo | Prove sepolte - le avventure dell'archeo | P:-   B:-   L:-   M:-  
2026-09-10 10:13:09 | NOT_FOUND  | TMDB_NO_MA | Planet Earth III - Le meraviglie della n | Planet Earth III - Le meraviglie della n | P:-   B:-   L:-   M:-  
2026-09-10 10:13:28 | NOT_FOUND  | TMDB_NO_MA | Che Dio ci aiuti - Innocenti bugie ep.2  | Che Dio ci aiuti - Innocenti bugie       | P:-   B:-   L:-   M:-  
2026-09-10 10:13:31 | NOT_FOUND  | TMDB_NO_MA | Passato e presente L'appeasement. L'illu | Passato e presente L'appeasement. L'illu | P:-   B:-   L:-   M:-  
2026-09-10 10:13:31 | NOT_FOUND  | TMDB_NO_MA | Porto Azzurro Un carcere sotto sequestro | Porto Azzurro Un carcere sotto sequestro | P:-   B:-   L:-   M:-  
2026-09-10 10:13:31 | NOT_FOUND  | TMDB_NO_MA | Il giorno e la storia                    | Il giorno e la storia                    | P:-   B:-   L:-   M:-  
2026-09-10 10:13:31 | NOT_FOUND  | TMDB_NO_MA | L'Italia della Repubblica Gli anni di Cr | L'Italia della Repubblica Gli anni di Cr | P:-   B:-   L:-   M:-  
2026-09-10 10:13:32 | NOT_FOUND  | TMDB_NO_MA | American Genius Wright VS Curtiss - Avia | American Genius Wright VS Curtiss - Avia | P:-   B:-   L:-   M:-  
2026-09-10 10:13:32 | NOT_FOUND  | TMDB_NO_MA | Memex Memex Doc - Vita da Ricercatore (p | Memex Memex Doc - Vita da Ricercatore (p | P:-   B:-   L:-   M:-  
2026-09-10 10:13:32 | NOT_FOUND  | TMDB_NO_MA | I segreti delle rocce Argilla la roccia  | I segreti delle rocce Argilla la roccia  | P:-   B:-   L:-   M:-  
2026-09-10 10:13:32 | NOT_FOUND  | TMDB_NO_MA | Progetto Scienza 2022 Newton pt.14 - Que | Progetto Scienza Newton                  | P:-   B:-   L:-   M:-  
2026-09-10 10:13:36 | NOT_FOUND  | TMDB_NO_MA | GR 2                                     | GR 2                                     | P:-   B:-   L:-   M:-  
2026-09-10 10:13:36 | NOT_FOUND  | TMDB_NO_MA | RADIO2 SUMMER CLUB                       | RADIO2 SUMMER CLUB                       | P:-   B:-   L:-   M:-  
2026-09-10 10:13:36 | NOT_FOUND  | TMDB_NO_MA | SPETTINATI                               | SPETTINATI                               | P:-   B:-   L:-   M:-  
2026-09-10 10:13:39 | NOT_FOUND  | ELCIN_NO_M | RADIO2 VADO AL MASSIMO                   | RADIO2 VADO AL MASSIMO                   | P:-   B:-   L:-   M:-  
2026-09-10 10:13:57 | NOT_FOUND  | TMDB_NO_MA | Ndarja                                   | Ndarja                                   | P:-   B:-   L:-   M:-  
2026-09-10 10:13:57 | NOT_FOUND  | TMDB_NO_MA | Agjenti 007: Bota nuk mjafton            | Agjenti 007: Bota nuk mjafton            | P:-   B:-   L:-   M:-  
2026-09-10 10:13:57 | NOT_FOUND  | TMDB_NO_MA | Një zgjim i lavdishëm                    | Një zgjim i lavdishëm                    | P:-   B:-   L:-   M:-  
2026-09-10 10:13:57 | NOT_FOUND  | TMDB_NO_MA | Rojtarët e Galaktikës 3                  | Rojtarët e Galaktikës 3                  | P:-   B:-   L:-   M:-  
2026-09-10 10:13:57 | NOT_FOUND  | TMDB_NO_MA | Hakmarrësit                              | Hakmarrësit                              | P:-   B:-   L:-   M:-  
2026-09-10 10:13:59 | NOT_FOUND  | TMDB_NO_MA | Mbi trupin tënd                          | Mbi trupin tënd                          | P:-   B:-   L:-   M:-  
2026-09-10 10:13:59 | NOT_FOUND  | TMDB_NO_MA | Ti, Unë dhe Toskana                      | Ti, Unë dhe Toskana                      | P:-   B:-   L:-   M:-  
2026-09-10 10:13:59 | NOT_FOUND  | TMDB_NO_MA | Majk, Nik, Nik dhe Elis                  | Majk, Nik, Nik dhe Elis                  | P:-   B:-   L:-   M:-  
2026-09-10 10:13:59 | NOT_FOUND  | TMDB_NO_MA | Të Bukura dhe Vdekjeprurëse              | Të Bukura dhe Vdekjeprurëse              | P:-   B:-   L:-   M:-  
2026-09-10 10:14:03 | NOT_FOUND  | TMDB_NO_MA | Merr dhe lër                             | Merr dhe lër                             | P:-   B:-   L:-   M:-  
2026-09-10 10:14:03 | NOT_FOUND  | TMDB_NO_MA | Mbreti Majmun 2                          | Mbreti Majmun 2                          | P:-   B:-   L:-   M:-  
2026-09-10 10:14:03 | NOT_FOUND  | TMDB_NO_MA | Drakula: Historia e patreguar            | Drakula: Historia e patreguar            | P:-   B:-   L:-   M:-  
2026-09-10 10:14:03 | NOT_FOUND  | TMDB_NO_MA | Dublantja e nuses                        | Dublantja e nuses                        | P:-   B:-   L:-   M:-  
2026-09-10 10:14:03 | NOT_FOUND  | TMDB_NO_MA | Intuita                                  | Intuita                                  | P:-   B:-   L:-   M:-  
2026-09-10 10:14:04 | NOT_FOUND  | TMDB_NO_MA | Mufasa: Mbreti Luan                      | Mufasa: Mbreti Luan                      | P:-   B:-   L:-   M:-  
2026-09-10 10:14:04 | NOT_FOUND  | TMDB_NO_MA | Sirena e Vogël                           | Sirena e Vogël                           | P:-   B:-   L:-   M:-  
2026-09-10 10:14:04 | NOT_FOUND  | TMDB_NO_MA | Enola Holms                              | Enola Holms                              | P:-   B:-   L:-   M:-  
2026-09-10 10:14:04 | NOT_FOUND  | TMDB_NO_MA | Një polic në Beverly Hills: Aksel F      | Një polic në Beverly Hills: Aksel F      | P:-   B:-   L:-   M:-  
2026-09-10 10:14:07 | NOT_FOUND  | TMDB_NO_MA | Shumë vështirë për të vrarë              | Shumë vështirë për të vrarë              | P:-   B:-   L:-   M:-  
2026-09-10 10:14:07 | NOT_FOUND  | TMDB_NO_MA | Zemërdragoi                              | Zemërdragoi                              | P:-   B:-   L:-   M:-  
2026-09-10 10:14:07 | NOT_FOUND  | TMDB_NO_MA | Tri mbretëritë                           | Tri mbretëritë                           | P:-   B:-   L:-   M:-  
2026-09-10 10:14:07 | NOT_FOUND  | TMDB_NO_MA | Renegatët e Beitaunit                    | Renegatët e Beitaunit                    | P:-   B:-   L:-   M:-  
2026-09-10 10:14:07 | NOT_FOUND  | TMDB_NO_MA | Pushtimi: Rrebeshi                       | Pushtimi: Rrebeshi                       | P:-   B:-   L:-   M:-  
2026-09-10 10:14:09 | NOT_FOUND  | TMDB_NO_MA | Katër martesa dhe një funeral            | Katër martesa dhe një funeral            | P:-   B:-   L:-   M:-  
2026-09-10 10:14:09 | NOT_FOUND  | TMDB_NO_MA | Toka e premtuar                          | Toka e premtuar                          | P:-   B:-   L:-   M:-  
2026-09-10 10:14:09 | NOT_FOUND  | TMDB_NO_MA | Zhizhi                                   | Zhizhi                                   | P:-   B:-   L:-   M:-  
2026-09-10 10:14:09 | NOT_FOUND  | TMDB_NO_MA | Diell dhe portokalle                     | Diell dhe portokalle                     | P:-   B:-   L:-   M:-  
2026-09-10 10:14:09 | NOT_FOUND  | TMDB_NO_MA | Zhelani milioner                         | Zhelani milioner                         | P:-   B:-   L:-   M:-  
2026-09-10 10:14:10 | NOT_FOUND  | TMDB_NO_MA | E paplotësuar                            | E paplotësuar                            | P:-   B:-   L:-   M:-  
2026-09-10 10:14:10 | NOT_FOUND  | TMDB_NO_MA | Këshilltarja e dashurisë                 | Këshilltarja e dashurisë                 | P:-   B:-   L:-   M:-  
2026-09-10 10:14:10 | NOT_FOUND  | TMDB_NO_MA | Klubi i grave të para                    | Klubi i grave të para                    | P:-   B:-   L:-   M:-  
2026-09-10 10:14:10 | NOT_FOUND  | TMDB_NO_MA | Loja e dashurisë                         | Loja e dashurisë                         | P:-   B:-   L:-   M:-  
2026-09-10 10:14:10 | NOT_FOUND  | TMDB_NO_MA | Një fundjavë pa internet                 | Një fundjavë pa internet                 | P:-   B:-   L:-   M:-  
2026-09-10 10:14:11 | NOT_FOUND  | TMDB_NO_MA | I humbur                                 | I humbur                                 | P:-   B:-   L:-   M:-  
2026-09-10 10:14:11 | NOT_FOUND  | TMDB_NO_MA | Xhesi Stoun 4 - Terren i rrezikshëm      | Xhesi Stoun                              | P:-   B:-   L:-   M:-  
2026-09-10 10:14:11 | NOT_FOUND  | TMDB_NO_MA | Sakrifica                                | Sakrifica                                | P:-   B:-   L:-   M:-  
2026-09-10 10:14:11 | NOT_FOUND  | TMDB_NO_MA | Robër të dimrit                          | Robër të dimrit                          | P:-   B:-   L:-   M:-  
2026-09-10 10:14:12 | NOT_FOUND  | TMDB_NO_MA | 100 ditë për të jetuar                   | 100 ditë për të jetuar                   | P:-   B:-   L:-   M:-  
2026-09-10 10:14:13 | NOT_FOUND  | TMDB_NO_MA | Gëzuar Vitin e Ri                        | Gëzuar Vitin e Ri                        | P:-   B:-   L:-   M:-  
2026-09-10 10:14:13 | NOT_FOUND  | TMDB_NO_MA | Udhëtimi i pakohë                        | Udhëtimi i pakohë                        | P:-   B:-   L:-   M:-  
2026-09-10 10:14:13 | NOT_FOUND  | TMDB_NO_MA | Në vend të luleve                        | Në vend të luleve                        | P:-   B:-   L:-   M:-  
2026-09-10 10:14:13 | NOT_FOUND  | TMDB_NO_MA | Rekordi                                  | Rekordi                                  | P:-   B:-   L:-   M:-  
2026-09-10 10:14:13 | NOT_FOUND  | TMDB_NO_MA | Dita ime e fundit pa ty                  | Dita ime e fundit pa ty                  | P:-   B:-   L:-   M:-  
2026-09-10 10:14:14 | NOT_FOUND  | TMDB_NO_MA | Këngë për Marionën                       | Këngë për Marionën                       | P:-   B:-   L:-   M:-  
2026-09-10 10:14:14 | NOT_FOUND  | TMDB_NO_MA | Udhëtimi i fundit                        | Udhëtimi i fundit                        | P:-   B:-   L:-   M:-  
2026-09-10 10:14:14 | NOT_FOUND  | TMDB_NO_MA | S'duam fëmijë                            | S'duam fëmijë                            | P:-   B:-   L:-   M:-  
2026-09-10 10:14:14 | NOT_FOUND  | TMDB_NO_MA | Koncerti                                 | Koncerti                                 | P:-   B:-   L:-   M:-  
2026-09-10 10:14:15 | NOT_FOUND  | ELCIN_NO_M | Vajza me biçikletë                       | Vajza me biçikletë                       | P:-   B:-   L:-   M:-  
2026-09-10 10:14:15 | NOT_FOUND  | TMDB_NO_MA | Perandoria                               | Perandoria                               | P:-   B:-   L:-   M:-  
2026-09-10 10:14:20 | NOT_FOUND  | TMDB_NO_MA | ABC...ZH                                 | ABC...ZH                                 | P:-   B:-   L:-   M:-  
2026-09-10 10:14:20 | NOT_FOUND  | TMDB_NO_MA | Cuca e maleve                            | Cuca e maleve                            | P:-   B:-   L:-   M:-  
2026-09-10 10:14:20 | NOT_FOUND  | TMDB_NO_MA | Dita e parë e emërimit                   | Dita e parë e emërimit                   | P:-   B:-   L:-   M:-  
2026-09-10 10:14:20 | NOT_FOUND  | TMDB_NO_MA | Skëterrë '43                             | Skëterrë '43                             | P:-   B:-   L:-   M:-  
2026-09-10 10:14:21 | NOT_FOUND  | TMDB_NO_MA | Familja ime                              | Familja ime                              | P:-   B:-   L:-   M:-  
2026-09-10 10:14:23 | NOT_FOUND  | TMDB_NO_MA | Zjarr TV                                 | Zjarr TV                                 | P:-   B:-   L:-   M:-  
2026-09-10 10:14:24 | NOT_FOUND  | TMDB_NO_MA | Princezna Nevěsta                        | Princezna Nevěsta                        | P:-   B:-   L:-   M:-  
2026-09-10 10:14:24 | NOT_FOUND  | TMDB_NO_MA | Pán Domu                                 | Pán Domu                                 | P:-   B:-   L:-   M:-  
2026-09-10 10:14:24 | NOT_FOUND  | TMDB_NO_MA | Operace Valkýra                          | Operace Valkýra                          | P:-   B:-   L:-   M:-  
2026-09-10 10:14:26 | NOT_FOUND  | TMDB_NO_MA | Knjižničar 2: Potraga za blagom kralja S | Knjižničar 2: Potraga za blagom kralja S | P:-   B:-   L:-   M:-  
2026-09-10 10:14:26 | NOT_FOUND  | TMDB_NO_MA | Gola istina, film                        | Gola istina                              | P:-   B:-   L:-   M:-  
2026-09-10 10:14:26 | NOT_FOUND  | TMDB_NO_MA | Plava laguna, film                       | Plava laguna                             | P:-   B:-   L:-   M:-  
2026-09-10 10:14:26 | NOT_FOUND  | TMDB_NO_MA | Muškarac u kući, film                    | Muškarac u kući                          | P:-   B:-   L:-   M:-  
2026-09-10 10:14:27 | NOT_FOUND  | TMDB_NO_MA | P.S. Miluji Tě                           | P.S. Miluji Tě                           | P:-   B:-   L:-   M:-  
2026-09-10 10:14:27 | NOT_FOUND  | TMDB_NO_MA | Když se zamiluje mrzout                  | Když se zamiluje mrzout                  | P:-   B:-   L:-   M:-  
2026-09-10 10:14:27 | NOT_FOUND  | TMDB_NO_MA | Jak mi Jane Austenová zničila život      | Jak mi Jane Austenová zničila život      | P:-   B:-   L:-   M:-  
2026-09-10 10:14:27 | NOT_FOUND  | TMDB_NO_MA | Harry Potter a Princ dvojí krve          | Harry Potter a Princ dvojí krve          | P:-   B:-   L:-   M:-  
2026-09-10 10:14:27 | NOT_FOUND  | TMDB_NO_MA | Bouřlivé výšiny                          | Bouřlivé výšiny                          | P:-   B:-   L:-   M:-  
2026-09-10 10:14:29 | NOT_FOUND  | TMDB_NO_MA | Velká ryba                               | Velká ryba                               | P:-   B:-   L:-   M:-  
2026-09-10 10:14:29 | NOT_FOUND  | TMDB_NO_MA | Šťastný a veselý Madagaskar              | Šťastný a veselý Madagaskar              | P:-   B:-   L:-   M:-  
2026-09-10 10:14:29 | NOT_FOUND  | TMDB_NO_MA | Kohout (10)                              | Kohout (10)                              | P:-   B:-   L:-   M:-  
2026-09-10 10:14:29 | NOT_FOUND  | TMDB_NO_MA | Malé ženy                                | Malé ženy                                | P:-   B:-   L:-   M:-  
2026-09-10 10:14:31 | NOT_FOUND  | TMDB_NO_MA | Foťák                                    | Foťák                                    | P:-   B:-   L:-   M:-  
2026-09-10 10:14:31 | NOT_FOUND  | TMDB_NO_MA | Psí domov                                | Psí domov                                | P:-   B:-   L:-   M:-  
2026-09-10 10:14:33 | NOT_FOUND  | TMDB_NO_MA | Transformeri 2, film                     | Transformeri 2                           | P:-   B:-   L:-   M:-  
2026-09-10 10:14:33 | NOT_FOUND  | TMDB_NO_MA | Moje mjesto je ovdje, film               | Moje mjesto je ovdje                     | P:-   B:-   L:-   M:-  
2026-09-10 10:14:33 | NOT_FOUND  | TMDB_NO_MA | San o bijelom konju, film                | San o bijelom konju                      | P:-   B:-   L:-   M:-  
2026-09-10 10:14:33 | NOT_FOUND  | TMDB_NO_MA | Žena koja je previše znala, film         | Žena koja je previše znala               | P:-   B:-   L:-   M:-  
2026-09-10 10:14:36 | NOT_FOUND  | TMDB_NO_MA | Transformers: Pomsta poražených          | Transformers: Pomsta poražených          | P:-   B:-   L:-   M:-  
2026-09-10 10:14:36 | NOT_FOUND  | TMDB_NO_MA | Mé místo je tady                         | Mé místo je tady                         | P:-   B:-   L:-   M:-  
2026-09-10 10:14:36 | NOT_FOUND  | TMDB_NO_MA | Zabití mongolského koně                  | Zabití mongolského koně                  | P:-   B:-   L:-   M:-  
2026-09-10 10:14:36 | NOT_FOUND  | TMDB_NO_MA | Mráček                                   | Mráček                                   | P:-   B:-   L:-   M:-  
2026-09-10 10:14:36 | NOT_FOUND  | TMDB_NO_MA | Svědkyně                                 | Svědkyně                                 | P:-   B:-   L:-   M:-  
2026-09-10 10:14:37 | NOT_FOUND  | TMDB_NO_MA | Putovi vjetra, film                      | Putovi vjetra                            | P:-   B:-   L:-   M:-  
2026-09-10 10:14:37 | NOT_FOUND  | TMDB_NO_MA | Made in EU, film                         | Made in EU                               | P:-   B:-   L:-   M:-  
2026-09-10 10:14:37 | NOT_FOUND  | TMDB_NO_MA | Samo nekoliko dana, film                 | Samo nekoliko dana                       | P:-   B:-   L:-   M:-  
2026-09-10 10:14:37 | NOT_FOUND  | TMDB_NO_MA | Dva metra iznad zemlje, film             | Dva metra iznad zemlje                   | P:-   B:-   L:-   M:-  
2026-09-10 10:14:38 | NOT_FOUND  | TMDB_NO_MA | Dva metry nad zemí                       | Dva metry nad zemí                       | P:-   B:-   L:-   M:-  
2026-09-10 10:14:38 | NOT_FOUND  | TMDB_NO_MA | Cesty větru                              | Cesty větru                              | P:-   B:-   L:-   M:-  
2026-09-10 10:14:38 | NOT_FOUND  | TMDB_NO_MA | Jen na pár dní                           | Jen na pár dní                           | P:-   B:-   L:-   M:-  
2026-09-10 10:14:40 | NOT_FOUND  | TMDB_NO_MA | Aleluja! film                            | Aleluja! film                            | P:-   B:-   L:-   M:-  
2026-09-10 10:14:40 | NOT_FOUND  | TMDB_NO_MA | Direktori na cesti, film                 | Direktori na cesti                       | P:-   B:-   L:-   M:-  
2026-09-10 10:14:40 | NOT_FOUND  | TMDB_NO_MA | Sushi na meksički način, film            | Sushi na meksički način                  | P:-   B:-   L:-   M:-  
2026-09-10 10:14:40 | NOT_FOUND  | TMDB_NO_MA | Na krilima časti, film                   | Na krilima časti                         | P:-   B:-   L:-   M:-  
2026-09-10 10:14:40 | NOT_FOUND  | TMDB_NO_MA | Luda lova, film                          | Luda lova                                | P:-   B:-   L:-   M:-  
2026-09-10 10:14:42 | NOT_FOUND  | TMDB_NO_MA | Obitelj bez kočnica, film                | Obitelj bez kočnica                      | P:-   B:-   L:-   M:-  
2026-09-10 10:14:42 | NOT_FOUND  | TMDB_NO_MA | Sjaj, film                               | Sjaj                                     | P:-   B:-   L:-   M:-  
2026-09-10 10:14:42 | NOT_FOUND  | TMDB_NO_MA | Tajne petog staleža, film                | Tajne petog staleža                      | P:-   B:-   L:-   M:-  
2026-09-10 10:14:42 | NOT_FOUND  | TMDB_NO_MA | Ona je tako zabavna, film                | Ona je tako zabavna                      | P:-   B:-   L:-   M:-  
2026-09-10 10:14:42 | NOT_FOUND  | TMDB_NO_MA | Ratchet i Clank, film                    | Ratchet i Clank                          | P:-   B:-   L:-   M:-  
2026-09-10 10:14:44 | NOT_FOUND  | TMDB_NO_MA | Taksi 5, film                            | Taksi 5                                  | P:-   B:-   L:-   M:-  
2026-09-10 10:14:44 | NOT_FOUND  | TMDB_NO_MA | Vremenski policajac, film                | Vremenski policajac                      | P:-   B:-   L:-   M:-  
2026-09-10 10:14:44 | NOT_FOUND  | TMDB_NO_MA | Duh u oklopu, film                       | Duh u oklopu                             | P:-   B:-   L:-   M:-  
2026-09-10 10:14:44 | NOT_FOUND  | TMDB_NO_MA | Otkrila sam špijuna, film                | Otkrila sam špijuna                      | P:-   B:-   L:-   M:-  
2026-09-10 10:14:45 | NOT_FOUND  | TMDB_NO_MA | Vlak za Busan, film                      | Vlak za Busan                            | P:-   B:-   L:-   M:-  
2026-09-10 10:14:45 | NOT_FOUND  | TMDB_NO_MA | Duhovi, ep. 7. serija                    | Duhovi                                   | P:-   B:-   L:-   M:-  
2026-09-10 10:14:45 | NOT_FOUND  | TMDB_NO_MA | Vlak za Busan: Zona zombija, film        | Vlak za Busan: Zona zombija              | P:-   B:-   L:-   M:-  
2026-09-10 10:14:45 | NOT_FOUND  | TMDB_NO_MA | Spark: Svemirska pustolovina, film       | Spark: Svemirska pustolovina             | P:-   B:-   L:-   M:-  
2026-09-10 10:14:45 | NOT_FOUND  | TMDB_NO_MA | Muke s palcem, film                      | Muke s palcem                            | P:-   B:-   L:-   M:-  
2026-09-10 10:14:46 | NOT_FOUND  | TMDB_NO_MA | Izgubljen u Londonu, film                | Izgubljen u Londonu                      | P:-   B:-   L:-   M:-  
2026-09-10 10:14:46 | NOT_FOUND  | TMDB_NO_MA | Frendice u istini i laži, film           | Frendice u istini i laži                 | P:-   B:-   L:-   M:-  
2026-09-10 10:14:46 | NOT_FOUND  | TMDB_NO_MA | Praznici u divljini, film                | Praznici u divljini                      | P:-   B:-   L:-   M:-  
2026-09-10 10:14:47 | NOT_FOUND  | TMDB_NO_MA | Panda a ja                               | Panda a ja                               | P:-   B:-   L:-   M:-  
2026-09-10 10:14:47 | NOT_FOUND  | TMDB_NO_MA | Mack & Rita                              | Mack& Rita                               | P:-   B:-   L:-   M:-  
2026-09-10 10:14:47 | NOT_FOUND  | TMDB_NO_MA | Skutočné vraždy: Vraždy podľa predlohy   | Skutočné vraždy: Vraždy podľa predlohy   | P:-   B:-   L:-   M:-  
2026-09-10 10:14:47 | NOT_FOUND  | TMDB_NO_MA | Dom na muške                             | Dom na muške                             | P:-   B:-   L:-   M:-  
2026-09-10 10:14:47 | NOT_FOUND  | TMDB_NO_MA | Nerozlučná dvojka                        | Nerozlučná dvojka                        | P:-   B:-   L:-   M:-  
2026-09-10 10:14:48 | NOT_FOUND  | TMDB_NO_MA | Prljavi zadatak, film                    | Prljavi zadatak                          | P:-   B:-   L:-   M:-  
2026-09-10 10:14:48 | NOT_FOUND  | TMDB_NO_MA | Priča o tri sestre, film                 | Priča o tri sestre                       | P:-   B:-   L:-   M:-  
2026-09-10 10:14:48 | NOT_FOUND  | TMDB_NO_MA | Gospođa Bovary, film                     | Gospođa Bovary                           | P:-   B:-   L:-   M:-  
2026-09-10 10:14:48 | NOT_FOUND  | TMDB_NO_MA | Potpuna sloboda, film                    | Potpuna sloboda                          | P:-   B:-   L:-   M:-  
2026-09-10 10:14:48 | NOT_FOUND  | TMDB_NO_MA | Pucali su na pijanista, film             | Pucali su na pijanista                   | P:-   B:-   L:-   M:-  
2026-09-10 10:14:50 | NOT_FOUND  | TMDB_NO_MA | Opsjednuta, film                         | Opsjednuta                               | P:-   B:-   L:-   M:-  
2026-09-10 10:14:50 | NOT_FOUND  | TMDB_NO_MA | Djevojka s bisernom naušnicom, film      | Djevojka s bisernom naušnicom            | P:-   B:-   L:-   M:-  
2026-09-10 10:14:50 | NOT_FOUND  | TMDB_NO_MA | Dečki mog života, film                   | Dečki mog života                         | P:-   B:-   L:-   M:-  
2026-09-10 10:14:50 | NOT_FOUND  | TMDB_NO_MA | Samo je jedan Jimmy Grimble, film        | Samo je jedan Jimmy Grimble              | P:-   B:-   L:-   M:-  
2026-09-10 10:14:50 | NOT_FOUND  | TMDB_NO_MA | Sjećanja jedne gejše, film               | Sjećanja jedne gejše                     | P:-   B:-   L:-   M:-  
2026-09-10 10:14:52 | NOT_FOUND  | TMDB_NO_MA | Istraga: Tajna podmornice Vigil, ep. 3.  | Istraga: Tajna podmornice Vigil          | P:-   B:-   L:-   M:-  
2026-09-10 10:14:52 | NOT_FOUND  | TMDB_NO_MA | Škola za medicinske sestre 6, ep. 6. ser | Škola za medicinske sestre               | P:-   B:-   L:-   M:-  
2026-09-10 10:14:52 | NOT_FOUND  | TMDB_NO_MA | Endeavour, mladi Morse, ep. 3. serija    | Endeavour, mladi Morse                   | P:-   B:-   L:-   M:-  
2026-09-10 10:14:52 | NOT_FOUND  | TMDB_NO_MA | Inspektorica Ray, ep. 4. serija          | Inspektorica Ray                         | P:-   B:-   L:-   M:-  
2026-09-10 10:14:56 | NOT_FOUND  | TMDB_NO_MA | TV izlog                                 | TV izlog                                 | P:-   B:-   L:-   M:-  
2026-09-10 10:14:59 | NOT_FOUND  | TMDB_NO_MA | Doly krále Šalamouna I (1)               | Doly krále Šalamouna                     | P:-   B:-   L:-   M:-  
2026-09-10 10:14:59 | NOT_FOUND  | TMDB_NO_MA | Univerzální uklízečka                    | Univerzální uklízečka                    | P:-   B:-   L:-   M:-  
2026-09-10 10:14:59 | NOT_FOUND  | TMDB_NO_MA | Sudá a lichá                             | Sudá a lichá                             | P:-   B:-   L:-   M:-  
2026-09-10 10:15:00 | NOT_FOUND  | TMDB_NO_MA | Námořní vyšetřovací služba XX (14)       | Námořní vyšetřovací služba               | P:-   B:-   L:-   M:-  
2026-09-10 10:15:12 | NOT_FOUND  | TMDB_NO_MA | Zavet, film                              | Zavet                                    | P:-   B:-   L:-   M:-  
2026-09-10 10:15:12 | NOT_FOUND  | TMDB_NO_MA | Vanbračna putovanja, film                | Vanbračna putovanja                      | P:-   B:-   L:-   M:-  
2026-09-10 10:15:12 | NOT_FOUND  | TMDB_NO_MA | Miris poljskog cveća, film               | Miris poljskog cveća                     | P:-   B:-   L:-   M:-  
2026-09-10 10:15:12 | NOT_FOUND  | TMDB_NO_MA | Žena sa slomljenim nosom, film           | Žena sa slomljenim nosom                 | P:-   B:-   L:-   M:-  
2026-09-10 10:15:12 | NOT_FOUND  | TMDB_NO_MA | Događaj, film                            | Događaj                                  | P:-   B:-   L:-   M:-  
2026-09-10 10:15:13 | NOT_FOUND  | TMDB_NO_MA | Hladna pohlepa, film                     | Hladna pohlepa                           | P:-   B:-   L:-   M:-  
2026-09-10 10:15:13 | NOT_FOUND  | TMDB_NO_MA | Zla kob 2, film                          | Zla kob 2                                | P:-   B:-   L:-   M:-  
2026-09-10 10:15:13 | NOT_FOUND  | TMDB_NO_MA | Cake: Razlog za život, film              | Cake: Razlog za život                    | P:-   B:-   L:-   M:-  
2026-09-10 10:15:13 | NOT_FOUND  | TMDB_NO_MA | Zadnja stanica, film                     | Zadnja stanica                           | P:-   B:-   L:-   M:-  
2026-09-10 10:15:14 | NOT_FOUND  | TMDB_NO_MA | Frantz, film                             | Frantz                                   | P:-   B:-   L:-   M:-  
2026-09-10 10:15:16 | NOT_FOUND  | TMDB_NO_MA | Spider-Man: Far From Home                | Spider-Man: Far From Home                | P:-   B:-   L:-   M:-  
2026-09-10 10:15:16 | NOT_FOUND  | TMDB_NO_MA | Chief Of Station                         | Chief Of Station                         | P:-   B:-   L:-   M:-  
2026-09-10 10:15:16 | NOT_FOUND  | TMDB_NO_MA | Robocop                                  | Robocop                                  | P:-   B:-   L:-   M:-  
2026-09-10 10:28:45 | NOT_FOUND  | TMDB_NO_MA | Chief Of Station                         | Chief Of Station                         | P:-   B:-   L:-   M:-  
2026-09-10 10:28:45 | NOT_FOUND  | TMDB_NO_MA | Spider-Man: Far From Home                | Spider-Man: Far From Home                | P:-   B:-   L:-   M:-  
2026-09-10 10:28:45 | NOT_FOUND  | TMDB_NO_MA | Robocop                                  | Robocop                                  | P:-   B:-   L:-   M:-  
2026-09-10 10:28:54 | NOT_FOUND  | TMDB_NO_MA | Zaki Shan                                | Zaki Shan                                | P:-   B:-   L:-   M:-  
2026-09-10 10:28:54 | NOT_FOUND  | TMDB_NO_MA | Ezkorini                                 | Ezkorini                                 | P:-   B:-   L:-   M:-  
2026-09-10 10:28:58 | NOT_FOUND  | TMDB_NO_MA | Tegebha Keda Tegelha Keda Heya Keda      | Tegebha Keda Tegelha Keda Heya Keda      | P:-   B:-   L:-   M:-  
2026-09-10 10:28:58 | NOT_FOUND  | TMDB_NO_MA | Khalawes                                 | Khalawes                                 | P:-   B:-   L:-   M:-  
2026-09-10 10:28:58 | NOT_FOUND  | TMDB_NO_MA | Elwatar                                  | Elwatar                                  | P:-   B:-   L:-   M:-  
2026-09-10 10:28:58 | NOT_FOUND  | TMDB_NO_MA | Gaalatni Mogreman                        | Gaalatni Mogreman                        | P:-   B:-   L:-   M:-  
2026-09-10 10:29:04 | NOT_FOUND  | TMDB_NO_MA | Eghfer Li Khateaty                       | Eghfer Li Khateaty                       | P:-   B:-   L:-   M:-  
2026-09-10 10:29:04 | NOT_FOUND  | TMDB_NO_MA | Hazemny Yaa                              | Hazemny Yaa                              | P:-   B:-   L:-   M:-  
2026-09-10 10:29:08 | NOT_FOUND  | ELCIN_NO_M | Al Ardhalgy                              | Al Ardhalgy                              | P:-   B:-   L:-   M:-  
2026-09-10 10:29:12 | NOT_FOUND  | TMDB_NO_MA | Yahdoth Fi Masr                          | Yahdoth Fi Masr                          | P:-   B:-   L:-   M:-  
2026-09-10 10:29:36 | NOT_FOUND  | TMDB_NO_MA | GMA Pinoy                                | GMA Pinoy                                | P:-   B:-   L:-   M:-  
2026-09-10 10:29:39 | NOT_FOUND  | TMDB_NO_MA | Zawag Belakrah                           | Zawag Belakrah                           | P:-   B:-   L:-   M:-  
2026-09-10 10:30:03 | NOT_FOUND  | TMDB_NO_MA | Shaqet Faisal                            | Shaqet Faisal                            | P:-   B:-   L:-   M:-  
2026-09-10 10:32:16 | NOT_FOUND  | ELCIN_NO_M | عمايل ايديا                              | عمايل ايديا                              | P:-   B:-   L:-   M:-  
2026-09-10 10:32:38 | NOT_FOUND  | TMDB_NO_MA | The Hummingbird Project                  | The Hummingbird Project                  | P:-   B:-   L:-   M:-  
2026-09-10 10:32:38 | NOT_FOUND  | TMDB_NO_MA | The Life Of Chuck                        | The Life Of Chuck                        | P:-   B:-   L:-   M:-  
2026-09-10 10:32:38 | NOT_FOUND  | TMDB_NO_MA | The Smashing Machine                     | The Smashing Machine                     | P:-   B:-   L:-   M:-  
2026-09-10 10:32:38 | NOT_FOUND  | TMDB_NO_MA | Widow Clicquot                           | Widow Clicquot                           | P:-   B:-   L:-   M:-  
2026-09-10 10:32:45 | NOT_FOUND  | TMDB_NO_MA | Skiptrace                                | Skiptrace                                | P:-   B:-   L:-   M:-  
2026-09-10 10:32:46 | NOT_FOUND  | TMDB_NO_MA | Red Eye - 2                              | Red Eye - 2                              | P:-   B:-   L:-   M:-  
2026-09-10 10:32:46 | NOT_FOUND  | TMDB_NO_MA | Broken Spies - 1                         | Broken Spies - 1                         | P:-   B:-   L:-   M:-  
2026-09-10 10:32:46 | NOT_FOUND  | TMDB_NO_MA | The Irrational - 1                       | The Irrational - 1                       | P:-   B:-   L:-   M:-  
2026-09-10 10:32:46 | NOT_FOUND  | TMDB_NO_MA | The Irrational - 2                       | The Irrational - 2                       | P:-   B:-   L:-   M:-  
2026-09-10 10:32:48 | NOT_FOUND  | TMDB_NO_MA | Murder In Provence - 1                   | Murder In Provence - 1                   | P:-   B:-   L:-   M:-  
2026-09-10 10:32:48 | NOT_FOUND  | TMDB_NO_MA | Berlin Blues - 4                         | Berlin Blues - 4                         | P:-   B:-   L:-   M:-  
2026-09-10 10:32:51 | NOT_FOUND  | TMDB_NO_MA | Hot In Cleveland- 9                      | Hot In Cleveland- 9                      | P:-   B:-   L:-   M:-  
2026-09-10 10:32:51 | NOT_FOUND  | TMDB_NO_MA | Hot In Cleveland- 10                     | Hot In Cleveland- 10                     | P:-   B:-   L:-   M:-  
2026-09-10 10:32:52 | NOT_FOUND  | TMDB_NO_MA | Midnight Entertainer                     | Midnight Entertainer                     | P:-   B:-   L:-   M:-  
2026-09-10 10:32:53 | NOT_FOUND  | TMDB_NO_MA | Mazal Hatula                             | Mazal Hatula                             | P:-   B:-   L:-   M:-  
2026-09-10 10:32:53 | NOT_FOUND  | TMDB_NO_MA | The World is Funny                       | The World is Funny                       | P:-   B:-   L:-   M:-  
2026-09-10 10:32:53 | NOT_FOUND  | TMDB_NO_MA | Tzanani Family                           | Tzanani Family                           | P:-   B:-   L:-   M:-  
2026-09-10 10:32:53 | NOT_FOUND  | TMDB_NO_MA | Aviva, My Love                           | Aviva, My Love                           | P:-   B:-   L:-   M:-  
2026-09-10 10:32:56 | NOT_FOUND  | TMDB_NO_MA | Blooming Lady 3 - Ep. 189                | Blooming Lady                            | P:-   B:-   L:-   M:-  
2026-09-10 10:32:56 | NOT_FOUND  | TMDB_NO_MA | Beyond The Hill - Ep. 26                 | Beyond The Hill                          | P:-   B:-   L:-   M:-  
2026-09-10 10:32:59 | NOT_FOUND  | TMDB_NO_MA | Waves of Love - Ep. 11                   | Waves of Love                            | P:-   B:-   L:-   M:-  
2026-09-10 10:32:59 | NOT_FOUND  | TMDB_NO_MA | Little Big Heart - Ep. 22                | Little Big Heart                         | P:-   B:-   L:-   M:-  
2026-09-10 10:32:59 | NOT_FOUND  | TMDB_NO_MA | Take My Hand - Ep. 25                    | Take My Hand                             | P:-   B:-   L:-   M:-  
2026-09-10 10:33:03 | NOT_FOUND  | TMDB_NO_MA | Winds Of Love - Ep. 32                   | Winds Of Love                            | P:-   B:-   L:-   M:-  
2026-09-10 10:33:04 | NOT_FOUND  | TMDB_NO_MA | Grand Hotel - All Secrets Stay Here - Ep | Grand Hotel - All Secrets Stay Here - Ep | P:-   B:-   L:-   M:-  
2026-09-10 10:33:16 | NOT_FOUND  | TMDB_NO_MA | Harry Potter i Insygnia Śmierci: Część 2 | Harry Potter i Insygnia Śmierci: Część 2 | P:-   B:-   L:-   M:-  
2026-09-10 10:33:16 | NOT_FOUND  | TMDB_NO_MA | Kolejna zwyczajna przysługa              | Kolejna zwyczajna przysługa              | P:-   B:-   L:-   M:-  
2026-09-10 10:33:17 | NOT_FOUND  | TMDB_NO_MA | Mój mistrz                               | Mój mistrz                               | P:-   B:-   L:-   M:-  
2026-09-10 10:33:19 | NOT_FOUND  | TMDB_NO_MA | Spider-Man: Bez drogi do domu            | Spider-Man: Bez drogi do domu            | P:-   B:-   L:-   M:-  
2026-09-10 10:33:19 | NOT_FOUND  | TMDB_NO_MA | Kina i Yuk                               | Kina i Yuk                               | P:-   B:-   L:-   M:-  
2026-09-10 10:33:19 | NOT_FOUND  | TMDB_NO_MA | Śmierć komedianta                        | Śmierć komedianta                        | P:-   B:-   L:-   M:-  
2026-09-10 10:33:20 | NOT_FOUND  | TMDB_NO_MA | Wietrzne podróże                         | Wietrzne podróże                         | P:-   B:-   L:-   M:-  
2026-09-10 10:33:20 | NOT_FOUND  | TMDB_NO_MA | Sześć stóp nad ziemią                    | Sześć stóp nad ziemią                    | P:-   B:-   L:-   M:-  
2026-09-10 10:33:20 | NOT_FOUND  | TMDB_NO_MA | Made in EU                               | Made in EU                               | P:-   B:-   L:-   M:-  
2026-09-10 10:33:20 | NOT_FOUND  | TMDB_NO_MA | Kilka dni, nie więcej                    | Kilka dni, nie więcej                    | P:-   B:-   L:-   M:-  
2026-09-10 10:33:20 | NOT_FOUND  | TMDB_NO_MA | Magia uczuć                              | Magia uczuć                              | P:-   B:-   L:-   M:-  
2026-09-10 10:33:21 | NOT_FOUND  | TMDB_NO_MA | Zabić mongolskiego konia                 | Zabić mongolskiego konia                 | P:-   B:-   L:-   M:-  
2026-09-10 10:33:21 | NOT_FOUND  | TMDB_NO_MA | Transformers: Zemsta upadłych            | Transformers: Zemsta upadłych            | P:-   B:-   L:-   M:-  
2026-09-10 10:33:21 | NOT_FOUND  | TMDB_NO_MA | Moje miejsce jest tutaj                  | Moje miejsce jest tutaj                  | P:-   B:-   L:-   M:-  
2026-09-10 10:33:21 | NOT_FOUND  | TMDB_NO_MA | CJ7                                      | CJ7                                      | P:-   B:-   L:-   M:-  
2026-09-10 10:33:25 | NOT_FOUND  | TMDB_NO_MA | Fuks                                     | Fuks                                     | P:-   B:-   L:-   M:-  
2026-09-10 10:33:26 | NOT_FOUND  | TMDB_NO_MA | Saga Zmierzch: Przed świtem. Część I     | Saga Zmierzch: Przed świtem. Część I     | P:-   B:-   L:-   M:-  
2026-09-10 10:33:26 | NOT_FOUND  | TMDB_NO_MA | Moje pieczone kurczaki                   | Moje pieczone kurczaki                   | P:-   B:-   L:-   M:-  
2026-09-10 10:33:26 | NOT_FOUND  | TMDB_NO_MA | Ultimatum Bourne'a                       | Ultimatum Bourne'a                       | P:-   B:-   L:-   M:-  
2026-09-10 10:33:28 | NOT_FOUND  | TMDB_NO_MA | W garniturach 3: odc.9                   | W garniturach                            | P:-   B:-   L:-   M:-  
2026-09-10 10:33:30 | NOT_FOUND  | TMDB_NO_MA | Ad Astra: Ku gwiazdom                    | Ad Astra: Ku gwiazdom                    | P:-   B:-   L:-   M:-  
2026-09-10 10:33:30 | NOT_FOUND  | TMDB_NO_MA | Papillon. Motylek                        | Papillon. Motylek                        | P:-   B:-   L:-   M:-  
2026-09-10 10:33:30 | NOT_FOUND  | TMDB_NO_MA | Kaktus Jack                              | Kaktus Jack                              | P:-   B:-   L:-   M:-  
2026-09-10 10:33:30 | NOT_FOUND  | TMDB_NO_MA | Strażnik czasu                           | Strażnik czasu                           | P:-   B:-   L:-   M:-  
2026-09-10 10:33:30 | NOT_FOUND  | TMDB_NO_MA | Honor wojownika                          | Honor wojownika                          | P:-   B:-   L:-   M:-  
2026-09-10 10:33:33 | NOT_FOUND  | TMDB_NO_MA | Gwiezdny pył                             | Gwiezdny pył                             | P:-   B:-   L:-   M:-  
2026-09-10 10:33:34 | NOT_FOUND  | TMDB_NO_MA | Pełniejsza chata 2: odc.5                | Pełniejsza chata                         | P:-   B:-   L:-   M:-  
2026-09-10 10:33:35 | NOT_FOUND  | TMDB_NO_MA | Che Dio ci aiuti - Fantasmi ep.1         | Che Dio ci aiuti - Fantasmi              | P:-   B:-   L:-   M:-  
2026-09-10 10:33:35 | NOT_FOUND  | TMDB_NO_MA | Che Dio ci aiuti - Innocenti bugie ep.2  | Che Dio ci aiuti - Innocenti bugie       | P:-   B:-   L:-   M:-  
2026-09-10 10:33:37 | NOT_FOUND  | ELCIN_NO_M | Un posto al sole 30 - p.138              | Un posto al sole 30                      | P:-   B:-   L:-   M:-  
2026-09-10 10:33:37 | NOT_FOUND  | TMDB_NO_MA | Il monaco di Monza                       | Il monaco di Monza                       | P:-   B:-   L:-   M:-  
2026-09-10 10:33:37 | NOT_FOUND  | TMDB_NO_MA | I lunghi giorni della vendetta           | I lunghi giorni della vendetta           | P:-   B:-   L:-   M:-  
2026-09-10 10:33:37 | NOT_FOUND  | TMDB_NO_MA | Straniero... fatti il segno della croce! | Straniero... fatti il segno della croce! | P:-   B:-   L:-   M:-  
2026-09-10 10:33:37 | NOT_FOUND  | TMDB_NO_MA | A qualsiasi prezzo                       | A qualsiasi prezzo                       | P:-   B:-   L:-   M:-  
2026-09-10 10:33:40 | NOT_FOUND  | TMDB_NO_MA | Acceptance                               | Acceptance                               | P:-   B:-   L:-   M:-  
2026-09-10 10:33:40 | NOT_FOUND  | TMDB_NO_MA | Strażnik snów 1 (odc. 1)                 | Strażnik snów                            | P:-   B:-   L:-   M:-  
2026-09-10 10:33:40 | NOT_FOUND  | TMDB_NO_MA | Przebaczyć sercu                         | Przebaczyć sercu                         | P:-   B:-   L:-   M:-  
2026-09-10 10:33:44 | NOT_FOUND  | TMDB_NO_MA | Kuchenne rewolucje: Barlinek - Limba: od | Kuchenne rewolucje: Barlinek - Limba     | P:-   B:-   L:-   M:-  
2026-09-10 10:33:44 | NOT_FOUND  | TMDB_NO_MA | Kuchenne rewolucje: Płońsk, Trops: odc.7 | Kuchenne rewolucje: Płońsk, Trops        | P:-   B:-   L:-   M:-  
2026-09-10 10:33:46 | NOT_FOUND  | TMDB_NO_MA | Z pamiętnika położnej 13: odc.4          | Z pamiętnika położnej                    | P:-   B:-   L:-   M:-  
2026-09-10 10:33:47 | NOT_FOUND  | TMDB_NO_MA | Kasandra 3 (odc. 2)                      | Kasandra                                 | P:-   B:-   L:-   M:-  
2026-09-10 10:33:47 | NOT_FOUND  | TMDB_NO_MA | Morderstwo w Biot                        | Morderstwo w Biot                        | P:-   B:-   L:-   M:-  
2026-09-10 10:33:47 | NOT_FOUND  | TMDB_NO_MA | Bez śladu 1 (odc. 19)                    | Bez śladu                                | P:-   B:-   L:-   M:-  
2026-09-10 10:33:49 | NOT_FOUND  | TMDB_NO_MA | Brytyjskie fabryki 9: odc.5              | Brytyjskie fabryki                       | P:-   B:-   L:-   M:-  
2026-09-10 10:33:49 | NOT_FOUND  | TMDB_NO_MA | Tajemnice Trójkąta Bermudzkiego: odc.3   | Tajemnice Trójkąta Bermudzkiego          | P:-   B:-   L:-   M:-  
2026-09-10 10:33:51 | NOT_FOUND  | TMDB_NO_MA | Zagadki kryminalne panny Fisher 1 (odc.  | Zagadki kryminalne panny Fisher          | P:-   B:-   L:-   M:-  
2026-09-10 10:33:51 | NOT_FOUND  | TMDB_NO_MA | Rok, w którym Dolly Parton była moją mam | Rok, w którym Dolly Parton była moją mam | P:-   B:-   L:-   M:-  
2026-09-10 10:33:51 | NOT_FOUND  | TMDB_NO_MA | Świąteczne opowieści                     | Świąteczne opowieści                     | P:-   B:-   L:-   M:-  
2026-09-10 10:33:51 | NOT_FOUND  | TMDB_NO_MA | W harmonii                               | W harmonii                               | P:-   B:-   L:-   M:-  
2026-09-10 10:33:51 | NOT_FOUND  | TMDB_NO_MA | Magik z Nowego Jorku                     | Magik z Nowego Jorku                     | P:-   B:-   L:-   M:-  
2026-09-10 10:33:51 | NOT_FOUND  | TMDB_NO_MA | Weekend z królem                         | Weekend z królem                         | P:-   B:-   L:-   M:-  
2026-09-10 10:33:52 | NOT_FOUND  | TMDB_NO_MA | Duch Świąt                               | Duch Świąt                               | P:-   B:-   L:-   M:-  
2026-09-10 10:33:52 | NOT_FOUND  | TMDB_NO_MA | Irlandzki numer                          | Irlandzki numer                          | P:-   B:-   L:-   M:-  
2026-09-10 10:33:52 | NOT_FOUND  | TMDB_NO_MA | Piaskun                                  | Piaskun                                  | P:-   B:-   L:-   M:-  
2026-09-10 10:33:52 | NOT_FOUND  | TMDB_NO_MA | Czekając na Anyę                         | Czekając na Anyę                         | P:-   B:-   L:-   M:-  
2026-09-10 10:33:52 | NOT_FOUND  | TMDB_NO_MA | Guido Superstar                          | Guido Superstar                          | P:-   B:-   L:-   M:-  
2026-09-10 10:33:52 | NOT_FOUND  | TMDB_NO_MA | Zagubiony smok                           | Zagubiony smok                           | P:-   B:-   L:-   M:-  
2026-09-10 10:33:52 | NOT_FOUND  | TMDB_NO_MA | Coco Chanel                              | Coco Chanel                              | P:-   B:-   L:-   M:-  
2026-09-10 10:33:52 | NOT_FOUND  | TMDB_NO_MA | Goldbergowie 7 (odc. 2)                  | Goldbergowie                             | P:-   B:-   L:-   M:-  
2026-09-10 10:33:52 | NOT_FOUND  | TMDB_NO_MA | Kto zabił ciotkę Cookie?                 | Kto zabił ciotkę Cookie?                 | P:-   B:-   L:-   M:-  
2026-09-10 10:33:53 | NOT_FOUND  | TMDB_NO_MA | Wrobieni                                 | Wrobieni                                 | P:-   B:-   L:-   M:-  
2026-09-10 10:33:53 | NOT_FOUND  | TMDB_NO_MA | Skarb Jesse'ego Jamesa                   | Skarb Jesse'ego Jamesa                   | P:-   B:-   L:-   M:-  
2026-09-10 10:33:53 | NOT_FOUND  | TMDB_NO_MA | Che II. Boliwia                          | Che II. Boliwia                          | P:-   B:-   L:-   M:-  
2026-09-10 10:33:54 | NOT_FOUND  | TMDB_NO_MA | Aun: Początek i koniec wszech rzeczy     | Aun: Początek i koniec wszech rzeczy     | P:-   B:-   L:-   M:-  
2026-09-10 10:33:56 | NOT_FOUND  | TMDB_NO_MA | Abbott i Costello - afrykańska przygoda  | Abbott i Costello - afrykańska przygoda  | P:-   B:-   L:-   M:-  
2026-09-10 10:33:56 | NOT_FOUND  | TMDB_NO_MA | Rycząca otchłań                          | Rycząca otchłań                          | P:-   B:-   L:-   M:-  
2026-09-10 10:33:56 | NOT_FOUND  | TMDB_NO_MA | Buster się żeni                          | Buster się żeni                          | P:-   B:-   L:-   M:-  
2026-09-10 10:33:56 | NOT_FOUND  | TMDB_NO_MA | Laleczka                                 | Laleczka                                 | P:-   B:-   L:-   M:-  
2026-09-10 10:33:56 | NOT_FOUND  | TMDB_NO_MA | Sherlock Holmes i tajny szyfr            | Sherlock Holmes i tajny szyfr            | P:-   B:-   L:-   M:-  
2026-09-10 10:33:57 | NOT_FOUND  | TMDB_NO_MA | CSI: Kryminalne zagadki Nowego Jorku: od | CSI: Kryminalne zagadki Nowego Jorku     | P:-   B:-   L:-   M:-  
2026-09-10 10:33:59 | NOT_FOUND  | TMDB_NO_MA | Diabli nadali 3 (odc. 24)                | Diabli nadali                            | P:-   B:-   L:-   M:-  
2026-09-10 10:33:59 | NOT_FOUND  | TMDB_NO_MA | Jim wie lepiej 3 (odc. 21)               | Jim wie lepiej                           | P:-   B:-   L:-   M:-  
2026-09-10 10:34:04 | NOT_FOUND  | TMDB_NO_MA | Dowody zbrodni 5: odc.2                  | Dowody zbrodni                           | P:-   B:-   L:-   M:-  
2026-09-10 10:34:07 | NOT_FOUND  | TMDB_NO_MA | Gwiezdne wrota 10 (odc. 10)              | Gwiezdne wrota                           | P:-   B:-   L:-   M:-  
2026-09-10 10:34:07 | NOT_FOUND  | TMDB_NO_MA | Kobra - oddział specjalny 14 (odc. 4)    | Kobra - oddział specjalny                | P:-   B:-   L:-   M:-  
2026-09-10 10:34:09 | NOT_FOUND  | TMDB_NO_MA | Sposób na zamek 6: odc.7                 | Sposób na zamek                          | P:-   B:-   L:-   M:-  
2026-09-10 10:34:09 | NOT_FOUND  | TMDB_NO_MA | Widok za miliony: odc.7                  | Widok za miliony                         | P:-   B:-   L:-   M:-  
2026-09-10 10:34:09 | NOT_FOUND  | TMDB_NO_MA | Detektyw Murdoch 12 (odc. 16)            | Detektyw Murdoch                         | P:-   B:-   L:-   M:-  
2026-09-10 10:34:10 | NOT_FOUND  | TMDB_NO_MA | Marlow: klub zbrodni: odc.1              | Marlow: klub zbrodni                     | P:-   B:-   L:-   M:-  
2026-09-10 10:34:14 | NOT_FOUND  | TMDB_NO_MA | Holly e Benji Forever                    | Holly e Benji Forever                    | P:-   B:-   L:-   M:-  
2026-09-10 10:34:16 | NOT_FOUND  | ELCIN_NO_M | Wszystkie stworzenia duże i małe: odc.7  | Wszystkie stworzenia duże i małe         | P:-   B:-   L:-   M:-  
2026-09-10 10:34:19 | NOT_FOUND  | TMDB_NO_MA | South Kensington                         | South Kensington                         | P:-   B:-   L:-   M:-  
2026-09-10 10:34:19 | NOT_FOUND  | TMDB_NO_MA | Viola bacia tutti                        | Viola bacia tutti                        | P:-   B:-   L:-   M:-  
2026-09-10 10:34:19 | NOT_FOUND  | TMDB_NO_MA | Sapore di te                             | Sapore di te                             | P:-   B:-   L:-   M:-  
2026-09-10 10:34:19 | NOT_FOUND  | TMDB_NO_MA | So tutto di te                           | So tutto di te                           | P:-   B:-   L:-   M:-  
2026-09-10 10:34:23 | NOT_FOUND  | TMDB_NO_MA | Il grande colpo di Surcouf               | Il grande colpo di Surcouf               | P:-   B:-   L:-   M:-  
2026-09-10 10:34:23 | NOT_FOUND  | TMDB_NO_MA | La freccia nella polvere                 | La freccia nella polvere                 | P:-   B:-   L:-   M:-  
2026-09-10 10:34:23 | NOT_FOUND  | TMDB_NO_MA | N - Io e Napoleone                       | N - Io e Napoleone                       | P:-   B:-   L:-   M:-  
2026-09-10 10:34:23 | NOT_FOUND  | TMDB_NO_MA | Un piano perfetto                        | Un piano perfetto                        | P:-   B:-   L:-   M:-  
2026-09-10 10:34:23 | NOT_FOUND  | TMDB_NO_MA | Il cavaliere di Lagardere                | Il cavaliere di Lagardere                | P:-   B:-   L:-   M:-  
2026-09-10 10:34:25 | NOT_FOUND  | TMDB_NO_MA | Noce i dnie: Bogumił i Barbara: odc.1    | Noce i dnie: Bogumił i Barbara           | P:-   B:-   L:-   M:-  
2026-09-10 10:34:25 | NOT_FOUND  | TMDB_NO_MA | Potop 2 (odc. 2)                         | Potop                                    | P:-   B:-   L:-   M:-  
2026-09-10 10:34:29 | NOT_FOUND  | TMDB_NO_MA | Pyszne dania w 10 minut z Julią Oleś 2:  | Pyszne dania w 10 minut z Julią Oleś     | P:-   B:-   L:-   M:-  
2026-09-10 10:34:29 | NOT_FOUND  | TMDB_NO_MA | Robert Makłowicz: Dalmacja - Dalmatyńska | Robert Makłowicz: Dalmacja - Dalmatyńska | P:-   B:-   L:-   M:-  
2026-09-10 10:34:29 | NOT_FOUND  | TMDB_NO_MA | Górski lekarz: odc.10                    | Górski lekarz                            | P:-   B:-   L:-   M:-  
2026-09-10 10:34:30 | NOT_FOUND  | TMDB_NO_MA | Käthe i ja 1 (odc. 8)                    | Käthe i ja                               | P:-   B:-   L:-   M:-  
2026-09-10 10:34:30 | NOT_FOUND  | TMDB_NO_MA | Malibu - Moje marzenie, twoje marzenie 2 | Malibu - Moje marzenie, twoje marzenie   | P:-   B:-   L:-   M:-  
2026-09-10 10:34:30 | NOT_FOUND  | TMDB_NO_MA | Dora Heldt: Ucieczka ciotki Inge         | Dora Heldt: Ucieczka ciotki Inge         | P:-   B:-   L:-   M:-  
2026-09-10 10:34:30 | NOT_FOUND  | TMDB_NO_MA | Pastorka                                 | Pastorka                                 | P:-   B:-   L:-   M:-  
2026-09-10 10:34:31 | NOT_FOUND  | TMDB_NO_MA | Kabaretowy szał: Kabaret Czesuaf: odc.19 | Kabaretowy szał: Kabaret Czesuaf         | P:-   B:-   L:-   M:-  
2026-09-10 10:34:31 | NOT_FOUND  | TMDB_NO_MA | Kabaretowy szał: Kabret Tey: odc.20      | Kabaretowy szał: Kabret Tey              | P:-   B:-   L:-   M:-  
2026-09-10 10:34:31 | NOT_FOUND  | TMDB_NO_MA | Opowieść o wyspie 1 (odc. 38)            | Opowieść o wyspie                        | P:-   B:-   L:-   M:-  
2026-09-10 10:34:31 | NOT_FOUND  | TMDB_NO_MA | Otchłań namiętności 1 (odc. 161)         | Otchłań namiętności                      | P:-   B:-   L:-   M:-  
2026-09-10 10:34:32 | NOT_FOUND  | TMDB_NO_MA | Miłość w Cabo 1 (odc. 20)                | Miłość w Cabo                            | P:-   B:-   L:-   M:-  
2026-09-10 10:34:32 | NOT_FOUND  | TMDB_NO_MA | Róże i grzechy 1 (odc. 60)               | Róże i grzechy                           | P:-   B:-   L:-   M:-  
2026-09-10 10:34:33 | NOT_FOUND  | TMDB_NO_MA | Świat według Bundych 6 (odc. 4)          | Świat według Bundych                     | P:-   B:-   L:-   M:-  
2026-09-10 10:34:35 | NOT_FOUND  | TMDB_NO_MA | Wariaci za kierownicą 1 (odc. 2)         | Wariaci za kierownicą                    | P:-   B:-   L:-   M:-  
2026-09-10 10:34:35 | NOT_FOUND  | TMDB_NO_MA | Pokochaj lub sprzedaj Quebec 3: odc.5    | Pokochaj lub sprzedaj Quebec             | P:-   B:-   L:-   M:-  
2026-09-10 10:34:35 | NOT_FOUND  | TMDB_NO_MA | Piekło na Ziemi: odc.6                   | Piekło na Ziemi                          | P:-   B:-   L:-   M:-  
2026-09-10 10:34:35 | NOT_FOUND  | TMDB_NO_MA | Sensacje XX wieku: Tajemnica Heinricha H | Sensacje XX wieku: Tajemnica Heinricha H | P:-   B:-   L:-   M:-  
2026-09-10 10:34:36 | NOT_FOUND  | TMDB_NO_MA | Świat według Kiepskich: Bezpieczeństwo i | Świat według Kiepskich: Bezpieczeństwo i | P:-   B:-   L:-   M:-  
2026-09-10 10:34:45 | NOT_FOUND  | TMDB_NO_MA | Prawda czy fałsz. Psychologia trumpizmu  | Prawda czy fałsz. Psychologia trumpizmu  | P:-   B:-   L:-   M:-  
2026-09-10 10:34:48 | NOT_FOUND  | TMDB_NO_MA | Malanowski i partnerzy: odc.430          | Malanowski i partnerzy                   | P:-   B:-   L:-   M:-  
2026-09-10 10:34:51 | NOT_FOUND  | TMDB_NO_MA | Jeźdźcy smoków: Na końcu świata 7 (odc.  | Jeźdźcy smoków: Na końcu świata          | P:-   B:-   L:-   M:-  
2026-09-10 10:34:52 | NOT_FOUND  | TMDB_NO_MA | Oszukane 1 (odc. 5)                      | Oszukane                                 | P:-   B:-   L:-   M:-  
2026-09-10 10:34:53 | NOT_FOUND  | TMDB_NO_MA | Wojny kontenerowe 1 (odc. 15)            | Wojny kontenerowe                        | P:-   B:-   L:-   M:-  
2026-09-10 10:34:55 | NOT_FOUND  | TMDB_NO_MA | Zaklinaczka duchów 5 (odc. 3)            | Zaklinaczka duchów                       | P:-   B:-   L:-   M:-  
2026-09-10 10:34:56 | NOT_FOUND  | TMDB_NO_MA | Nie igraj z aniołem 1 (odc. 158)         | Nie igraj z aniołem                      | P:-   B:-   L:-   M:-  
2026-09-10 10:35:04 | NOT_FOUND  | TMDB_NO_MA | Tomek i przyjaciele: Naprzód lokomotywy! | Tomek i przyjaciele: Naprzód lokomotywy! | P:-   B:-   L:-   M:-  
2026-09-10 10:35:05 | NOT_FOUND  | TMDB_NO_MA | Na sygnale: Ustawka                      | Na sygnale: Ustawka                      | P:-   B:-   L:-   M:-  
2026-09-10 10:35:05 | NOT_FOUND  | TMDB_NO_MA | Na sygnale: Detoks                       | Na sygnale: Detoks                       | P:-   B:-   L:-   M:-  
2026-09-10 10:35:09 | NOT_FOUND  | TMDB_NO_MA | Panna młoda: odc.193                     | Panna młoda                              | P:-   B:-   L:-   M:-  
2026-09-10 10:35:11 | NOT_FOUND  | TMDB_NO_MA | Portfel Kowalskiego                      | Portfel Kowalskiego                      | P:-   B:-   L:-   M:-  
2026-09-10 10:35:11 | NOT_FOUND  | TMDB_NO_MA | Gwiazdorska kuchnia Ani 4 (odc. 5)       | Gwiazdorska kuchnia Ani                  | P:-   B:-   L:-   M:-  
2026-09-10 10:35:11 | NOT_FOUND  | TMDB_NO_MA | Złoty chłopak                            | Złoty chłopak                            | P:-   B:-   L:-   M:-  
2026-09-10 10:35:11 | NOT_FOUND  | TMDB_NO_MA | Turystyczna jazda                        | Turystyczna jazda                        | P:-   B:-   L:-   M:-  
2026-09-10 10:35:11 | NOT_FOUND  | ELCIN_NO_M | Jedzenie ma znaczenie: odc.26            | Jedzenie ma znaczenie                    | P:-   B:-   L:-   M:-  
2026-09-10 10:35:11 | NOT_FOUND  | TMDB_NO_MA | Niezwykłe miejsca: Pałac w Nieborowie    | Niezwykłe miejsca: Pałac w Nieborowie    | P:-   B:-   L:-   M:-  
2026-09-10 10:35:16 | NOT_FOUND  | TMDB_NO_MA | Zapukaj do moich drzwi: odc.84           | Zapukaj do moich drzwi                   | P:-   B:-   L:-   M:-  
2026-09-10 10:35:16 | NOT_FOUND  | TMDB_NO_MA | Forum                                    | Forum                                    | P:-   B:-   L:-   M:-  
2026-09-10 10:35:16 | NOT_FOUND  | TMDB_NO_MA | Mini Chuchi, dini Chuchi                 | Mini Chuchi, dini Chuchi                 | P:-   B:-   L:-   M:-  
2026-09-10 10:35:17 | NOT_FOUND  | TMDB_NO_MA | Wissen@SRF                               | Wissen@SRF                               | P:-   B:-   L:-   M:-  
2026-09-10 10:35:17 | NOT_FOUND  | TMDB_NO_MA | 3 auf zwei                               | 3 auf zwei                               | P:-   B:-   L:-   M:-  
2026-09-10 10:35:18 | NOT_FOUND  | ELCIN_NO_M | SRF bi de Lüt                            | SRF bi de Lüt                            | P:-   B:-   L:-   M:-  
2026-09-10 10:35:18 | NOT_FOUND  | TMDB_NO_MA | Quel temps fait-il ?                     | Quel temps fait-il?                      | P:-   B:-   L:-   M:-  
2026-09-10 10:35:23 | NOT_FOUND  | TMDB_NO_MA | Walker, Texas Ranger - Bassifondi        | Walker, Texas Ranger - Bassifondi        | P:-   B:-   L:-   M:-  
2026-09-10 10:35:23 | NOT_FOUND  | TMDB_NO_MA | Seaside Hotel - Bufera in arrivo         | Seaside Hotel - Bufera in arrivo         | P:-   B:-   L:-   M:-  
2026-09-10 10:35:23 | NOT_FOUND  | TMDB_NO_MA | La grande prateria                       | La grande prateria                       | P:-   B:-   L:-   M:-  
2026-09-10 10:35:23 | NOT_FOUND  | TMDB_NO_MA | Friends - Lezioni di francese            | Friends - Lezioni di francese            | P:-   B:-   L:-   M:-  
2026-09-10 10:35:25 | NOT_FOUND  | TMDB_NO_MA | Casa Svizzera                            | Casa Svizzera                            | P:-   B:-   L:-   M:-  
2026-09-10 10:35:25 | NOT_FOUND  | TMDB_NO_MA | Millevoci in TV                          | Millevoci in TV                          | P:-   B:-   L:-   M:-  
2026-09-10 10:35:25 | NOT_FOUND  | TMDB_NO_MA | Siamo tutti fuori                        | Siamo tutti fuori                        | P:-   B:-   L:-   M:-  
2026-09-10 10:35:25 | NOT_FOUND  | TMDB_NO_MA | Calcio: Champions League 2026/2027 - Liv | Calcio: Champions League/ 2027 - Liverpo | P:-   B:-   L:-   M:-  
2026-09-10 10:35:25 | NOT_FOUND  | TMDB_NO_MA | Controcorrente in TV                     | Controcorrente in TV                     | P:-   B:-   L:-   M:-  
2026-09-10 10:35:26 | NOT_FOUND  | TMDB_NO_MA | Alors on sort ?                          | Alors on sort?                           | P:-   B:-   L:-   M:-  
2026-09-10 10:35:27 | NOT_FOUND  | TMDB_NO_MA | Quoi ? Quand ? Où ?                      | Quoi? Quand? Où?                         | P:-   B:-   L:-   M:-  
2026-09-10 10:35:27 | NOT_FOUND  | TMDB_NO_MA | Le Clan Delon - L'impossible héritage    | Le Clan Delon - L'impossible héritage    | P:-   B:-   L:-   M:-  
2026-09-10 10:35:33 | NOT_FOUND  | TMDB_NO_MA | Dans les coulisses de "Vigilante"        | Dans les coulisses de "Vigilante"        | P:-   B:-   L:-   M:-  
2026-09-10 10:35:33 | NOT_FOUND  | TMDB_NO_MA | Coûte que coûte, c'est notre argent      | Coûte que coûte, c'est notre argent      | P:-   B:-   L:-   M:-  
2026-09-10 10:35:36 | NOT_FOUND  | TMDB_NO_MA | Dans votre canap' VIP                    | Dans votre canap' VIP                    | P:-   B:-   L:-   M:-  
2026-09-10 10:35:49 | NOT_FOUND  | TMDB_NO_MA | Segreti di famiglia                      | Segreti di famiglia                      | P:-   B:-   L:-   M:-  
2026-09-10 10:35:49 | NOT_FOUND  | TMDB_NO_MA | Ore 11                                   | Ore 11                                   | P:-   B:-   L:-   M:-  
2026-09-10 10:35:51 | NOT_FOUND  | TMDB_NO_MA | X-style festival del cinema di venezia   | X-style festival del cinema di venezia   | P:-   B:-   L:-   M:-  
2026-09-10 10:35:56 | NOT_FOUND  | TMDB_NO_MA | Storie italiane                          | Storie italiane                          | P:-   B:-   L:-   M:-  
2026-09-10 10:35:56 | NOT_FOUND  | TMDB_NO_MA | UnoMattina                               | UnoMattina                               | P:-   B:-   L:-   M:-  
2026-09-10 10:35:58 | NOT_FOUND  | TMDB_NO_MA | I casi della giovane Miss Fisher Vivi e  | I casi della giovane Miss Fisher Vivi e  | P:-   B:-   L:-   M:-  
2026-09-10 10:35:58 | NOT_FOUND  | TMDB_NO_MA | TG Sport Giorno                          | TG Sport Giorno                          | P:-   B:-   L:-   M:-  
2026-09-10 10:35:58 | NOT_FOUND  | TMDB_NO_MA | La Nave dei Sogni Hudson Valley          | La Nave dei Sogni Hudson Valley          | P:-   B:-   L:-   M:-  
2026-09-10 10:36:01 | NOT_FOUND  | TMDB_NO_MA | Fast Forward VII ep.9                    | Fast Forward VII                         | P:-   B:-   L:-   M:-  
2026-09-10 10:36:01 | NOT_FOUND  | TMDB_NO_MA | Senza Traccia II ep.4                    | Senza Traccia II                         | P:-   B:-   L:-   M:-  
2026-09-10 10:36:09 | NOT_FOUND  | TMDB_NO_MA | Ndarja                                   | Ndarja                                   | P:-   B:-   L:-   M:-  
2026-09-10 10:36:09 | NOT_FOUND  | TMDB_NO_MA | Një zgjim i lavdishëm                    | Një zgjim i lavdishëm                    | P:-   B:-   L:-   M:-  
2026-09-10 10:36:09 | NOT_FOUND  | TMDB_NO_MA | Agjenti 007: Bota nuk mjafton            | Agjenti 007: Bota nuk mjafton            | P:-   B:-   L:-   M:-  
2026-09-10 10:36:09 | NOT_FOUND  | TMDB_NO_MA | Rojtarët e Galaktikës 3                  | Rojtarët e Galaktikës 3                  | P:-   B:-   L:-   M:-  
2026-09-10 10:36:09 | NOT_FOUND  | TMDB_NO_MA | Hakmarrësit                              | Hakmarrësit                              | P:-   B:-   L:-   M:-  
2026-09-10 10:36:11 | NOT_FOUND  | TMDB_NO_MA | Mbi trupin tënd                          | Mbi trupin tënd                          | P:-   B:-   L:-   M:-  
2026-09-10 10:36:11 | NOT_FOUND  | TMDB_NO_MA | Ti, Unë dhe Toskana                      | Ti, Unë dhe Toskana                      | P:-   B:-   L:-   M:-  
2026-09-10 10:36:11 | NOT_FOUND  | TMDB_NO_MA | Majk, Nik, Nik dhe Elis                  | Majk, Nik, Nik dhe Elis                  | P:-   B:-   L:-   M:-  
2026-09-10 10:36:11 | NOT_FOUND  | TMDB_NO_MA | Të Bukura dhe Vdekjeprurëse              | Të Bukura dhe Vdekjeprurëse              | P:-   B:-   L:-   M:-  
2026-09-10 10:36:13 | NOT_FOUND  | TMDB_NO_MA | Merr dhe lër                             | Merr dhe lër                             | P:-   B:-   L:-   M:-  
2026-09-10 10:36:13 | NOT_FOUND  | TMDB_NO_MA | Mbreti Majmun 2                          | Mbreti Majmun 2                          | P:-   B:-   L:-   M:-  
2026-09-10 10:36:13 | NOT_FOUND  | TMDB_NO_MA | Drakula: Historia e patreguar            | Drakula: Historia e patreguar            | P:-   B:-   L:-   M:-  
2026-09-10 10:36:13 | NOT_FOUND  | TMDB_NO_MA | Dublantja e nuses                        | Dublantja e nuses                        | P:-   B:-   L:-   M:-  
2026-09-10 10:36:13 | NOT_FOUND  | TMDB_NO_MA | Intuita                                  | Intuita                                  | P:-   B:-   L:-   M:-  
2026-09-10 10:36:14 | NOT_FOUND  | TMDB_NO_MA | Mufasa: Mbreti Luan                      | Mufasa: Mbreti Luan                      | P:-   B:-   L:-   M:-  
2026-09-10 10:36:14 | NOT_FOUND  | TMDB_NO_MA | Enola Holms                              | Enola Holms                              | P:-   B:-   L:-   M:-  
2026-09-10 10:36:14 | NOT_FOUND  | TMDB_NO_MA | Sirena e Vogël                           | Sirena e Vogël                           | P:-   B:-   L:-   M:-  
2026-09-10 10:36:14 | NOT_FOUND  | TMDB_NO_MA | Një polic në Beverly Hills: Aksel F      | Një polic në Beverly Hills: Aksel F      | P:-   B:-   L:-   M:-  
2026-09-10 10:36:16 | NOT_FOUND  | TMDB_NO_MA | Shumë vështirë për të vrarë              | Shumë vështirë për të vrarë              | P:-   B:-   L:-   M:-  
2026-09-10 10:36:16 | NOT_FOUND  | TMDB_NO_MA | Renegatët e Beitaunit                    | Renegatët e Beitaunit                    | P:-   B:-   L:-   M:-  
2026-09-10 10:36:16 | NOT_FOUND  | TMDB_NO_MA | Tri mbretëritë                           | Tri mbretëritë                           | P:-   B:-   L:-   M:-  
2026-09-10 10:36:16 | NOT_FOUND  | TMDB_NO_MA | Zemërdragoi                              | Zemërdragoi                              | P:-   B:-   L:-   M:-  
2026-09-10 10:36:16 | NOT_FOUND  | TMDB_NO_MA | Pushtimi: Rrebeshi                       | Pushtimi: Rrebeshi                       | P:-   B:-   L:-   M:-  
2026-09-10 10:36:17 | NOT_FOUND  | TMDB_NO_MA | Katër martesa dhe një funeral            | Katër martesa dhe një funeral            | P:-   B:-   L:-   M:-  
2026-09-10 10:36:17 | NOT_FOUND  | TMDB_NO_MA | Diell dhe portokalle                     | Diell dhe portokalle                     | P:-   B:-   L:-   M:-  
2026-09-10 10:36:17 | NOT_FOUND  | TMDB_NO_MA | Zhizhi                                   | Zhizhi                                   | P:-   B:-   L:-   M:-  
2026-09-10 10:36:17 | NOT_FOUND  | TMDB_NO_MA | Zhelani milioner                         | Zhelani milioner                         | P:-   B:-   L:-   M:-  
2026-09-10 10:36:17 | NOT_FOUND  | TMDB_NO_MA | Vallëzim me ujqit                        | Vallëzim me ujqit                        | P:-   B:-   L:-   M:-  
2026-09-10 10:36:22 | NOT_FOUND  | TMDB_NO_MA | E paplotësuar                            | E paplotësuar                            | P:-   B:-   L:-   M:-  
2026-09-10 10:36:22 | NOT_FOUND  | TMDB_NO_MA | Këshilltarja e dashurisë                 | Këshilltarja e dashurisë                 | P:-   B:-   L:-   M:-  
2026-09-10 10:36:22 | NOT_FOUND  | TMDB_NO_MA | Klubi i grave të para                    | Klubi i grave të para                    | P:-   B:-   L:-   M:-  
2026-09-10 10:36:22 | NOT_FOUND  | TMDB_NO_MA | Një fundjavë pa internet                 | Një fundjavë pa internet                 | P:-   B:-   L:-   M:-  
2026-09-10 10:36:22 | NOT_FOUND  | TMDB_NO_MA | Loja e dashurisë                         | Loja e dashurisë                         | P:-   B:-   L:-   M:-  
2026-09-10 10:36:35 | NOT_FOUND  | TMDB_NO_MA | Robër të dimrit                          | Robër të dimrit                          | P:-   B:-   L:-   M:-  
2026-09-10 10:36:35 | NOT_FOUND  | TMDB_NO_MA | I humbur                                 | I humbur                                 | P:-   B:-   L:-   M:-  
2026-09-10 10:36:35 | NOT_FOUND  | TMDB_NO_MA | Sakrifica                                | Sakrifica                                | P:-   B:-   L:-   M:-  
2026-09-10 10:36:35 | NOT_FOUND  | TMDB_NO_MA | Xhesi Stoun 4 - Terren i rrezikshëm      | Xhesi Stoun                              | P:-   B:-   L:-   M:-  
2026-09-10 10:36:35 | NOT_FOUND  | TMDB_NO_MA | 100 ditë për të jetuar                   | 100 ditë për të jetuar                   | P:-   B:-   L:-   M:-  
2026-09-10 10:36:37 | NOT_FOUND  | TMDB_NO_MA | Në vend të luleve                        | Në vend të luleve                        | P:-   B:-   L:-   M:-  
2026-09-10 10:36:37 | NOT_FOUND  | TMDB_NO_MA | Udhëtimi i pakohë                        | Udhëtimi i pakohë                        | P:-   B:-   L:-   M:-  
2026-09-10 10:36:37 | NOT_FOUND  | TMDB_NO_MA | Rekordi                                  | Rekordi                                  | P:-   B:-   L:-   M:-  
2026-09-10 10:36:37 | NOT_FOUND  | TMDB_NO_MA | Dita ime e fundit pa ty                  | Dita ime e fundit pa ty                  | P:-   B:-   L:-   M:-  
2026-09-10 10:36:37 | NOT_FOUND  | TMDB_NO_MA | Rrjeti social                            | Rrjeti social                            | P:-   B:-   L:-   M:-  
2026-09-10 10:36:39 | NOT_FOUND  | TMDB_NO_MA | Koncerti                                 | Koncerti                                 | P:-   B:-   L:-   M:-  
2026-09-10 10:36:39 | NOT_FOUND  | TMDB_NO_MA | Udhëtimi i fundit                        | Udhëtimi i fundit                        | P:-   B:-   L:-   M:-  
2026-09-10 10:36:39 | NOT_FOUND  | TMDB_NO_MA | S'duam fëmijë                            | S'duam fëmijë                            | P:-   B:-   L:-   M:-  
2026-09-10 10:36:39 | NOT_FOUND  | TMDB_NO_MA | Këngë për Marionën                       | Këngë për Marionën                       | P:-   B:-   L:-   M:-  
2026-09-10 10:36:40 | NOT_FOUND  | ELCIN_NO_M | Vajza me biçikletë                       | Vajza me biçikletë                       | P:-   B:-   L:-   M:-  
2026-09-10 10:36:46 | NOT_FOUND  | TMDB_NO_MA | Dita e parë e emërimit                   | Dita e parë e emërimit                   | P:-   B:-   L:-   M:-  
2026-09-10 10:36:46 | NOT_FOUND  | TMDB_NO_MA | Skëterrë '43                             | Skëterrë '43                             | P:-   B:-   L:-   M:-  
2026-09-10 10:36:46 | NOT_FOUND  | TMDB_NO_MA | Cuca e maleve                            | Cuca e maleve                            | P:-   B:-   L:-   M:-  
2026-09-10 10:36:46 | NOT_FOUND  | TMDB_NO_MA | Familja ime                              | Familja ime                              | P:-   B:-   L:-   M:-  
2026-09-10 10:36:46 | NOT_FOUND  | TMDB_NO_MA | Shkëlqim i përkohshëm                    | Shkëlqim i përkohshëm                    | P:-   B:-   L:-   M:-  
2026-09-10 10:36:47 | NOT_FOUND  | TMDB_NO_MA | Zjarr TV                                 | Zjarr TV                                 | P:-   B:-   L:-   M:-  
2026-09-10 10:36:49 | NOT_FOUND  | TMDB_NO_MA | Princezna Nevěsta                        | Princezna Nevěsta                        | P:-   B:-   L:-   M:-  
2026-09-10 10:36:49 | NOT_FOUND  | TMDB_NO_MA | Pán Domu                                 | Pán Domu                                 | P:-   B:-   L:-   M:-  
2026-09-10 10:36:49 | NOT_FOUND  | TMDB_NO_MA | Operace Valkýra                          | Operace Valkýra                          | P:-   B:-   L:-   M:-  
2026-09-10 10:36:49 | NOT_FOUND  | TMDB_NO_MA | Bulšit                                   | Bulšit                                   | P:-   B:-   L:-   M:-  
2026-09-10 10:36:53 | NOT_FOUND  | TMDB_NO_MA | Gola istina, film                        | Gola istina                              | P:-   B:-   L:-   M:-  
2026-09-10 10:36:53 | NOT_FOUND  | TMDB_NO_MA | Knjižničar 2: Potraga za blagom kralja S | Knjižničar 2: Potraga za blagom kralja S | P:-   B:-   L:-   M:-  
2026-09-10 10:36:53 | NOT_FOUND  | TMDB_NO_MA | Plava laguna, film                       | Plava laguna                             | P:-   B:-   L:-   M:-  
2026-09-10 10:36:53 | NOT_FOUND  | TMDB_NO_MA | Muškarac u kući, film                    | Muškarac u kući                          | P:-   B:-   L:-   M:-  
2026-09-10 10:36:54 | NOT_FOUND  | TMDB_NO_MA | P.S. Miluji Tě                           | P.S. Miluji Tě                           | P:-   B:-   L:-   M:-  
2026-09-10 10:36:54 | NOT_FOUND  | TMDB_NO_MA | Jak mi Jane Austenová zničila život      | Jak mi Jane Austenová zničila život      | P:-   B:-   L:-   M:-  
2026-09-10 10:36:54 | NOT_FOUND  | TMDB_NO_MA | Když se zamiluje mrzout                  | Když se zamiluje mrzout                  | P:-   B:-   L:-   M:-  
2026-09-10 10:36:54 | NOT_FOUND  | TMDB_NO_MA | Harry Potter a Princ dvojí krve          | Harry Potter a Princ dvojí krve          | P:-   B:-   L:-   M:-  
2026-09-10 10:36:54 | NOT_FOUND  | TMDB_NO_MA | Bouřlivé výšiny                          | Bouřlivé výšiny                          | P:-   B:-   L:-   M:-  
2026-09-10 10:36:58 | NOT_FOUND  | TMDB_NO_MA | Velká ryba                               | Velká ryba                               | P:-   B:-   L:-   M:-  
2026-09-10 10:36:58 | NOT_FOUND  | TMDB_NO_MA | Šťastný a veselý Madagaskar              | Šťastný a veselý Madagaskar              | P:-   B:-   L:-   M:-  
2026-09-10 10:36:58 | NOT_FOUND  | TMDB_NO_MA | Kohout (10)                              | Kohout (10)                              | P:-   B:-   L:-   M:-  
2026-09-10 10:36:58 | NOT_FOUND  | TMDB_NO_MA | Malé ženy                                | Malé ženy                                | P:-   B:-   L:-   M:-  
2026-09-10 10:37:12 | NOT_FOUND  | TMDB_NO_MA | Foťák                                    | Foťák                                    | P:-   B:-   L:-   M:-  
2026-09-10 10:37:12 | NOT_FOUND  | TMDB_NO_MA | Psí domov                                | Psí domov                                | P:-   B:-   L:-   M:-  
2026-09-10 10:37:13 | NOT_FOUND  | TMDB_NO_MA | San o bijelom konju, film                | San o bijelom konju                      | P:-   B:-   L:-   M:-  
2026-09-10 10:37:13 | NOT_FOUND  | TMDB_NO_MA | Transformeri 2, film                     | Transformeri 2                           | P:-   B:-   L:-   M:-  
2026-09-10 10:37:13 | NOT_FOUND  | TMDB_NO_MA | Žena koja je previše znala, film         | Žena koja je previše znala               | P:-   B:-   L:-   M:-  
2026-09-10 10:37:13 | NOT_FOUND  | TMDB_NO_MA | Učitelj koji je obećao more, film        | Učitelj koji je obećao more              | P:-   B:-   L:-   M:-  
2026-09-10 10:37:13 | NOT_FOUND  | TMDB_NO_MA | Moje mjesto je ovdje, film               | Moje mjesto je ovdje                     | P:-   B:-   L:-   M:-  
2026-09-10 10:37:15 | NOT_FOUND  | TMDB_NO_MA | Zabití mongolského koně                  | Zabití mongolského koně                  | P:-   B:-   L:-   M:-  
2026-09-10 10:37:15 | NOT_FOUND  | TMDB_NO_MA | Mé místo je tady                         | Mé místo je tady                         | P:-   B:-   L:-   M:-  
2026-09-10 10:37:15 | NOT_FOUND  | TMDB_NO_MA | Transformers: Pomsta poražených          | Transformers: Pomsta poražených          | P:-   B:-   L:-   M:-  
2026-09-10 10:37:15 | NOT_FOUND  | TMDB_NO_MA | Svědkyně                                 | Svědkyně                                 | P:-   B:-   L:-   M:-  
2026-09-10 10:37:15 | NOT_FOUND  | TMDB_NO_MA | Učitel, který sliboval moře              | Učitel, který sliboval moře              | P:-   B:-   L:-   M:-  
2026-09-10 10:37:16 | NOT_FOUND  | TMDB_NO_MA | Dva metra iznad zemlje, film             | Dva metra iznad zemlje                   | P:-   B:-   L:-   M:-  
2026-09-10 10:37:16 | NOT_FOUND  | TMDB_NO_MA | Samo nekoliko dana, film                 | Samo nekoliko dana                       | P:-   B:-   L:-   M:-  
2026-09-10 10:37:17 | NOT_FOUND  | TMDB_NO_MA | Putovi vjetra, film                      | Putovi vjetra                            | P:-   B:-   L:-   M:-  
2026-09-10 10:37:20 | NOT_FOUND  | TMDB_NO_MA | Dva metry nad zemí                       | Dva metry nad zemí                       | P:-   B:-   L:-   M:-  
2026-09-10 10:37:20 | NOT_FOUND  | TMDB_NO_MA | Jen na pár dní                           | Jen na pár dní                           | P:-   B:-   L:-   M:-  
2026-09-10 10:37:20 | NOT_FOUND  | TMDB_NO_MA | Cesty větru                              | Cesty větru                              | P:-   B:-   L:-   M:-  
2026-09-10 10:37:21 | NOT_FOUND  | TMDB_NO_MA | Sushi na meksički način, film            | Sushi na meksički način                  | P:-   B:-   L:-   M:-  
2026-09-10 10:37:21 | NOT_FOUND  | TMDB_NO_MA | Aleluja! film                            | Aleluja! film                            | P:-   B:-   L:-   M:-  
2026-09-10 10:37:21 | NOT_FOUND  | TMDB_NO_MA | Luda lova, film                          | Luda lova                                | P:-   B:-   L:-   M:-  
2026-09-10 10:37:22 | NOT_FOUND  | TMDB_NO_MA | Na krilima časti, film                   | Na krilima časti                         | P:-   B:-   L:-   M:-  
2026-09-10 10:37:22 | NOT_FOUND  | TMDB_NO_MA | Direktori na cesti, film                 | Direktori na cesti                       | P:-   B:-   L:-   M:-  
2026-09-10 10:37:24 | NOT_FOUND  | TMDB_NO_MA | Tajne petog staleža, film                | Tajne petog staleža                      | P:-   B:-   L:-   M:-  
2026-09-10 10:37:24 | NOT_FOUND  | TMDB_NO_MA | Ratchet i Clank, film                    | Ratchet i Clank                          | P:-   B:-   L:-   M:-  
2026-09-10 10:37:24 | NOT_FOUND  | TMDB_NO_MA | Sjaj, film                               | Sjaj                                     | P:-   B:-   L:-   M:-  
2026-09-10 10:37:24 | NOT_FOUND  | TMDB_NO_MA | Obitelj bez kočnica, film                | Obitelj bez kočnica                      | P:-   B:-   L:-   M:-  
2026-09-10 10:37:24 | NOT_FOUND  | TMDB_NO_MA | Ona je tako zabavna, film                | Ona je tako zabavna                      | P:-   B:-   L:-   M:-  
2026-09-10 10:37:25 | NOT_FOUND  | TMDB_NO_MA | Taksi 5, film                            | Taksi 5                                  | P:-   B:-   L:-   M:-  
2026-09-10 10:37:25 | NOT_FOUND  | TMDB_NO_MA | Vremenski policajac, film                | Vremenski policajac                      | P:-   B:-   L:-   M:-  
2026-09-10 10:37:25 | NOT_FOUND  | TMDB_NO_MA | Duh u oklopu, film                       | Duh u oklopu                             | P:-   B:-   L:-   M:-  
2026-09-10 10:37:26 | NOT_FOUND  | TMDB_NO_MA | Otkrila sam špijuna, film                | Otkrila sam špijuna                      | P:-   B:-   L:-   M:-  
2026-09-10 10:37:26 | NOT_FOUND  | TMDB_NO_MA | Pakao na horizontu, film                 | Pakao na horizontu                       | P:-   B:-   L:-   M:-  
2026-09-10 10:37:27 | NOT_FOUND  | TMDB_NO_MA | Duhovi, ep. 7. serija                    | Duhovi                                   | P:-   B:-   L:-   M:-  
2026-09-10 10:37:27 | NOT_FOUND  | TMDB_NO_MA | Vlak za Busan, film                      | Vlak za Busan                            | P:-   B:-   L:-   M:-  
2026-09-10 10:37:27 | NOT_FOUND  | TMDB_NO_MA | Vlak za Busan: Zona zombija, film        | Vlak za Busan: Zona zombija              | P:-   B:-   L:-   M:-  
2026-09-10 10:37:27 | NOT_FOUND  | TMDB_NO_MA | Frendice u istini i laži, film           | Frendice u istini i laži                 | P:-   B:-   L:-   M:-  
2026-09-10 10:37:27 | NOT_FOUND  | TMDB_NO_MA | Muke s palcem, film                      | Muke s palcem                            | P:-   B:-   L:-   M:-  
2026-09-10 10:37:27 | NOT_FOUND  | TMDB_NO_MA | Izgubljen u Londonu, film                | Izgubljen u Londonu                      | P:-   B:-   L:-   M:-  
2026-09-10 10:37:27 | NOT_FOUND  | TMDB_NO_MA | Spark: Svemirska pustolovina, film       | Spark: Svemirska pustolovina             | P:-   B:-   L:-   M:-  
2026-09-10 10:37:27 | NOT_FOUND  | TMDB_NO_MA | Praznici u divljini, film                | Praznici u divljini                      | P:-   B:-   L:-   M:-  
2026-09-10 10:37:29 | NOT_FOUND  | TMDB_NO_MA | Panda a ja                               | Panda a ja                               | P:-   B:-   L:-   M:-  
2026-09-10 10:37:29 | NOT_FOUND  | TMDB_NO_MA | Mack & Rita                              | Mack& Rita                               | P:-   B:-   L:-   M:-  
2026-09-10 10:37:29 | NOT_FOUND  | TMDB_NO_MA | Skutočné vraždy: Vraždy podľa predlohy   | Skutočné vraždy: Vraždy podľa predlohy   | P:-   B:-   L:-   M:-  
2026-09-10 10:37:29 | NOT_FOUND  | TMDB_NO_MA | Nerozlučná dvojka                        | Nerozlučná dvojka                        | P:-   B:-   L:-   M:-  
2026-09-10 10:37:29 | NOT_FOUND  | TMDB_NO_MA | Dom na muške                             | Dom na muške                             | P:-   B:-   L:-   M:-  
2026-09-10 10:37:41 | NOT_FOUND  | TMDB_NO_MA | Ljubavnici, film                         | Ljubavnici                               | P:-   B:-   L:-   M:-  
2026-09-10 10:37:41 | NOT_FOUND  | TMDB_NO_MA | Vau Vau zvijezda, film                   | Vau Vau zvijezda                         | P:-   B:-   L:-   M:-  
2026-09-10 10:37:49 | NOT_FOUND  | TMDB_NO_MA | Priča o tri sestre, film                 | Priča o tri sestre                       | P:-   B:-   L:-   M:-  
2026-09-10 10:37:49 | NOT_FOUND  | TMDB_NO_MA | Gospođa Bovary, film                     | Gospođa Bovary                           | P:-   B:-   L:-   M:-  
2026-09-10 10:37:49 | NOT_FOUND  | TMDB_NO_MA | Prljavi zadatak, film                    | Prljavi zadatak                          | P:-   B:-   L:-   M:-  
2026-09-10 10:37:49 | NOT_FOUND  | TMDB_NO_MA | Potpuna sloboda, film                    | Potpuna sloboda                          | P:-   B:-   L:-   M:-  
2026-09-10 10:37:49 | NOT_FOUND  | TMDB_NO_MA | Pucali su na pijanista, film             | Pucali su na pijanista                   | P:-   B:-   L:-   M:-  
2026-09-10 10:37:50 | NOT_FOUND  | TMDB_NO_MA | Nemoj joj reći                           | Nemoj joj reći                           | P:-   B:-   L:-   M:-  
2026-09-10 10:37:54 | NOT_FOUND  | TMDB_NO_MA | Opsjednuta, film                         | Opsjednuta                               | P:-   B:-   L:-   M:-  
2026-09-10 10:37:54 | NOT_FOUND  | TMDB_NO_MA | Dečki mog života, film                   | Dečki mog života                         | P:-   B:-   L:-   M:-  
2026-09-10 10:37:54 | NOT_FOUND  | TMDB_NO_MA | Djevojka s bisernom naušnicom, film      | Djevojka s bisernom naušnicom            | P:-   B:-   L:-   M:-  
2026-09-10 10:37:54 | NOT_FOUND  | TMDB_NO_MA | Samo je jedan Jimmy Grimble, film        | Samo je jedan Jimmy Grimble              | P:-   B:-   L:-   M:-  
2026-09-10 10:37:54 | NOT_FOUND  | TMDB_NO_MA | Sjećanja jedne gejše, film               | Sjećanja jedne gejše                     | P:-   B:-   L:-   M:-  
2026-09-10 10:38:06 | NOT_FOUND  | TMDB_NO_MA | I Think I Love My Wife                   | I Think I Love My Wife                   | P:-   B:-   L:-   M:-  
2026-09-10 10:38:06 | NOT_FOUND  | TMDB_NO_MA | Alvin and the Chipmunks: The Road Chip   | Alvin and the Chipmunks: The Road Chip   | P:-   B:-   L:-   M:-  
2026-09-10 10:38:06 | NOT_FOUND  | TMDB_NO_MA | My own love song                         | My own love song                         | P:-   B:-   L:-   M:-  
2026-09-10 10:38:23 | NOT_FOUND  | TMDB_NO_MA | Misteriji sestre Boniface                | Misteriji sestre Boniface                | P:-   B:-   L:-   M:-  
2026-09-10 10:38:23 | NOT_FOUND  | TMDB_NO_MA | Velečasni Brown                          | Velečasni Brown                          | P:-   B:-   L:-   M:-  
2026-09-10 10:38:23 | NOT_FOUND  | TMDB_NO_MA | Mušketiri                                | Mušketiri                                | P:-   B:-   L:-   M:-  
2026-09-10 10:38:43 | NOT_FOUND  | TMDB_NO_MA | Dva i pol muškarca 3, ep. 1. serija      | Dva i pol muškarca                       | P:-   B:-   L:-   M:-  
2026-09-10 10:38:47 | NOT_FOUND  | TMDB_NO_MA | Unë e dua gruan                          | Unë e dua gruan                          | P:-   B:-   L:-   M:-  
2026-09-10 10:38:47 | NOT_FOUND  | TMDB_NO_MA | Shkatërrimi                              | Shkatërrimi                              | P:-   B:-   L:-   M:-  
2026-09-10 10:38:47 | NOT_FOUND  | TMDB_NO_MA | Alvin dhe fytyrëketrushat 4              | Alvin dhe fytyrëketrushat 4              | P:-   B:-   L:-   M:-  
2026-09-10 10:38:47 | NOT_FOUND  | TMDB_NO_MA | My Own love song                         | My Own love song                         | P:-   B:-   L:-   M:-  
2026-09-10 10:38:47 | NOT_FOUND  | TMDB_NO_MA | Shoqe të ngushta                         | Shoqe të ngushta                         | P:-   B:-   L:-   M:-  
2026-09-10 10:38:49 | NOT_FOUND  | TMDB_NO_MA | Mislim da volim svoju ženu, film         | Mislim da volim svoju ženu               | P:-   B:-   L:-   M:-  
2026-09-10 10:38:49 | NOT_FOUND  | TMDB_NO_MA | Moja ljubavna pjesma, film               | Moja ljubavna pjesma                     | P:-   B:-   L:-   M:-  
2026-09-10 10:38:49 | NOT_FOUND  | TMDB_NO_MA | Alvin i vjeverice: Velika Alvintura, fil | Alvin i vjeverice: Velika Alvintura      | P:-   B:-   L:-   M:-  
2026-09-10 10:38:49 | NOT_FOUND  | TMDB_NO_MA | Nikad me ne ostavljaj, film              | Nikad me ne ostavljaj                    | P:-   B:-   L:-   M:-  
2026-09-10 10:38:51 | NOT_FOUND  | TMDB_NO_MA | Zločinački umovi 13, ep. 11. serija      | Zločinački umovi                         | P:-   B:-   L:-   M:-  
2026-09-10 10:38:52 | NOT_FOUND  | TMDB_NO_MA | Povratak u raj 2, ep. 5. serija          | Povratak u raj                           | P:-   B:-   L:-   M:-  
2026-09-10 10:38:52 | NOT_FOUND  | TMDB_NO_MA | Detektiv na Floridi 2, ep. 2. serija     | Detektiv na Floridi                      | P:-   B:-   L:-   M:-  
2026-09-10 10:38:54 | NOT_FOUND  | TMDB_NO_MA | Valovi sudbine, ep. 4. serija            | Valovi sudbine                           | P:-   B:-   L:-   M:-  
2026-09-10 10:38:54 | NOT_FOUND  | TMDB_NO_MA | Originali 2, ep. 5. serija               | Originali                                | P:-   B:-   L:-   M:-  
2026-09-10 10:39:05 | NOT_FOUND  | TMDB_NO_MA | Familja Simpson                          | Familja Simpson                          | P:-   B:-   L:-   M:-  
2026-09-10 10:39:05 | NOT_FOUND  | TMDB_NO_MA | Burrat me të zeza III                    | Burrat me të zeza III                    | P:-   B:-   L:-   M:-  
2026-09-10 10:39:17 | NOT_FOUND  | TMDB_NO_MA | Endeavour, mladi Morse, ep. 2. serija    | Endeavour, mladi Morse                   | P:-   B:-   L:-   M:-  
2026-09-10 10:39:17 | NOT_FOUND  | TMDB_NO_MA | Istraga: Tajna podmornice Vigil, ep. 3.  | Istraga: Tajna podmornice Vigil          | P:-   B:-   L:-   M:-  
2026-09-10 10:39:17 | NOT_FOUND  | TMDB_NO_MA | Škola za medicinske sestre 6, ep. 6. ser | Škola za medicinske sestre               | P:-   B:-   L:-   M:-  
2026-09-10 10:39:17 | NOT_FOUND  | TMDB_NO_MA | Tražeći Alice, ep. 6. serija             | Tražeći Alice                            | P:-   B:-   L:-   M:-  
2026-09-10 10:39:22 | NOT_FOUND  | TMDB_NO_MA | TV izlog                                 | TV izlog                                 | P:-   B:-   L:-   M:-  
2026-09-10 10:39:24 | NOT_FOUND  | TMDB_NO_MA | Doly krále Šalamouna I (1)               | Doly krále Šalamouna                     | P:-   B:-   L:-   M:-  
2026-09-10 10:39:24 | NOT_FOUND  | TMDB_NO_MA | Univerzální uklízečka                    | Univerzální uklízečka                    | P:-   B:-   L:-   M:-  
2026-09-10 10:39:24 | NOT_FOUND  | TMDB_NO_MA | Sudá a lichá                             | Sudá a lichá                             | P:-   B:-   L:-   M:-  
2026-09-10 10:39:26 | NOT_FOUND  | TMDB_NO_MA | Námořní vyšetřovací služba XX (14)       | Námořní vyšetřovací služba               | P:-   B:-   L:-   M:-  
2026-09-10 10:39:34 | NOT_FOUND  | TMDB_NO_MA | Cake: Razlog za život, film              | Cake: Razlog za život                    | P:-   B:-   L:-   M:-  
2026-09-10 10:39:34 | NOT_FOUND  | TMDB_NO_MA | Zadnja stanica, film                     | Zadnja stanica                           | P:-   B:-   L:-   M:-  
2026-09-10 10:39:34 | NOT_FOUND  | TMDB_NO_MA | Hladna pohlepa, film                     | Hladna pohlepa                           | P:-   B:-   L:-   M:-  
2026-09-10 10:39:34 | NOT_FOUND  | TMDB_NO_MA | Zla kob 2, film                          | Zla kob 2                                | P:-   B:-   L:-   M:-  
2026-09-10 10:39:34 | NOT_FOUND  | TMDB_NO_MA | Frantz, film                             | Frantz                                   | P:-   B:-   L:-   M:-  
2026-09-10 10:39:41 | NOT_FOUND  | TMDB_NO_MA | Zavet, film                              | Zavet                                    | P:-   B:-   L:-   M:-  
2026-09-10 10:39:41 | NOT_FOUND  | TMDB_NO_MA | Vanbračna putovanja, film                | Vanbračna putovanja                      | P:-   B:-   L:-   M:-  
2026-09-10 10:39:41 | NOT_FOUND  | TMDB_NO_MA | Miris poljskog cveća, film               | Miris poljskog cveća                     | P:-   B:-   L:-   M:-  
2026-09-10 10:39:41 | NOT_FOUND  | TMDB_NO_MA | Žena sa slomljenim nosom, film           | Žena sa slomljenim nosom                 | P:-   B:-   L:-   M:-  
2026-09-10 10:39:41 | NOT_FOUND  | TMDB_NO_MA | Putovanje tamnom polutkom, film          | Putovanje tamnom polutkom                | P:-   B:-   L:-   M:-  
