2026-08-28 15:42:03 | NOT_FOUND  | TMDB/ELCIN | Films & Stars                            | films & stars                            | P:-   B:-   L:-   M:-  
2026-08-28 15:42:04 | FOUND      | TMDB       | Action Zone                              | action zone                              | P:yes B:-   L:-   M:yes
2026-08-28 15:42:04 | FOUND      | TMDB       | Everest                                  | everest                                  | P:yes B:-   L:yes M:yes
2026-08-28 15:42:04 | FOUND      | TMDB       | Salt                                     | salt                                     | P:yes B:-   L:yes M:yes
2026-08-28 15:42:04 | FOUND      | TMDB       | 16 Blocks                                | 16 blocks                                | P:yes B:-   L:yes M:yes
2026-08-28 15:42:07 | NOT_FOUND  | TMDB/ELCIN | Films & Stars                            | films & stars                            | P:-   B:-   L:-   M:-  
2026-08-28 15:42:10 | FOUND      | TMDB       | Police 24/7                              | police 24 7                              | P:yes B:-   L:-   M:yes
2026-08-28 15:42:10 | FOUND      | TMDB       | Expedition With Steve Backshall          | expedition with steve backshall          | P:yes B:-   L:-   M:yes
2026-08-28 15:42:10 | FOUND      | TMDB       | LEGO Masters                             | lego masters                             | P:yes B:-   L:yes M:yes
2026-08-28 15:42:10 | FOUND      | TMDB       | Motor City Masters                       | motor city masters                       | P:yes B:-   L:-   M:yes
2026-08-28 15:42:11 | FOUND      | TMDB       | The Football Review                      | the football review                      | P:yes B:-   L:yes M:yes
2026-08-28 15:42:15 | NOT_FOUND  | TMDB/ELCIN | Lil Mawt                                 | lil mawt                                 | P:-   B:-   L:-   M:-  
2026-08-28 15:42:16 | FOUND      | TMDB       | Joelle Unfiltered                        | joelle unfiltered                        | P:yes B:-   L:-   M:yes
2026-08-28 15:42:22 | FOUND      | TMDB       | Jaanam Samjha Karo                       | jaanam samjha karo                       | P:yes B:-   L:-   M:yes
2026-08-28 15:42:23 | FOUND      | TMDB       | Qarib Qarib Single                       | qarib qarib single                       | P:yes B:-   L:yes M:yes
2026-08-28 15:42:26 | NOT_FOUND  | TMDB/ELCIN | Yabani Asli                              | yabani asli                              | P:-   B:-   L:-   M:-  
2026-08-28 15:42:26 | NOT_FOUND  | TMDB/ELCIN | El Ameel Sefr                            | el ameel sefr                            | P:-   B:-   L:-   M:-  
2026-08-28 15:42:26 | NOT_FOUND  | TMDB/ELCIN | El Zawag Ala El Tareeka El Hadeesa       | el zawag ala el tareeka el hadeesa       | P:-   B:-   L:-   M:-  
2026-08-28 15:42:26 | NOT_FOUND  | TMDB/ELCIN | Meen Feena El Harami                     | meen feena el harami                     | P:-   B:-   L:-   M:-  
2026-08-28 15:42:28 | FOUND      | TMDB       | Shawming                                 | shawming                                 | P:yes B:-   L:yes M:yes
2026-08-28 15:42:30 | NOT_FOUND  | TMDB/ELCIN | Tayeh Fi America                         | tayeh fi america                         | P:-   B:-   L:-   M:-  
2026-08-28 15:42:30 | NOT_FOUND  | TMDB/ELCIN | Al Rakesa Wal Tabaal                     | al rakesa wal tabaal                     | P:-   B:-   L:-   M:-  
2026-08-28 15:42:30 | NOT_FOUND  | TMDB/ELCIN | Ebn Hamedo                               | ebn hamedo                               | P:-   B:-   L:-   M:-  
2026-08-28 15:42:30 | NOT_FOUND  | TMDB/ELCIN | Mirati Wa Zawjati                        | mirati wa zawjati                        | P:-   B:-   L:-   M:-  
2026-08-28 15:42:30 | FOUND      | TMDB       | Mako                                     | mako                                     | P:yes B:-   L:-   M:yes
2026-08-28 15:42:35 | NOT_FOUND  | TMDB/ELCIN | Jolio W Romyet                           | jolio w romyet                           | P:-   B:-   L:-   M:-  
2026-08-28 15:42:35 | NOT_FOUND  | TMDB/ELCIN | Al Motared                               | al motared                               | P:-   B:-   L:-   M:-  
2026-08-28 15:42:35 | NOT_FOUND  | TMDB/ELCIN | Om Kolthoum Concert                      | om kolthoum concert                      | P:-   B:-   L:-   M:-  
2026-08-28 15:42:36 | FOUND      | TMDB       | Eshaet Hob                               | eshaet hob                               | P:yes B:-   L:yes M:yes
2026-08-28 15:42:51 | NOT_FOUND  | TMDB/ELCIN | Seed Elnass                              | seed elnass                              | P:-   B:-   L:-   M:-  
2026-08-28 15:42:51 | NOT_FOUND  | TMDB/ELCIN | Shaqet Faisal                            | shaqet faisal                            | P:-   B:-   L:-   M:-  
2026-08-28 15:42:52 | NOT_FOUND  | TMDB/ELCIN | Seed Elnass                              | seed elnass                              | P:-   B:-   L:-   M:-  
2026-08-28 15:42:52 | NOT_FOUND  | TMDB/ELCIN | Shaqet Faisal                            | shaqet faisal                            | P:-   B:-   L:-   M:-  
2026-08-28 15:42:53 | NOT_FOUND  | TMDB/ELCIN | Ahlan Bi El Sittat                       | ahlan bi el sittat                       | P:-   B:-   L:-   M:-  
2026-08-28 15:42:54 | NOT_FOUND  | TMDB/ELCIN | Seed Elnass                              | seed elnass                              | P:-   B:-   L:-   M:-  
2026-08-28 15:42:54 | NOT_FOUND  | TMDB/ELCIN | Shaqet Faisal                            | shaqet faisal                            | P:-   B:-   L:-   M:-  
2026-08-28 15:42:56 | NOT_FOUND  | TMDB/ELCIN | Seed Elnass                              | seed elnass                              | P:-   B:-   L:-   M:-  
2026-08-28 15:42:56 | NOT_FOUND  | TMDB/ELCIN | Ahlan Bi El Sittat                       | ahlan bi el sittat                       | P:-   B:-   L:-   M:-  
2026-08-28 15:42:56 | NOT_FOUND  | TMDB/ELCIN | Shaqet Faisal                            | shaqet faisal                            | P:-   B:-   L:-   M:-  
2026-08-28 15:42:57 | NOT_FOUND  | TMDB/ELCIN | Al Kha'en                                | al kha'en                                | P:-   B:-   L:-   M:-  
2026-08-28 15:42:57 | NOT_FOUND  | TMDB/ELCIN | Min El Qalb Lil Qalb                     | min el qalb lil qalb                     | P:-   B:-   L:-   M:-  
2026-08-28 15:42:58 | NOT_FOUND  | TMDB/ELCIN | Wa Azhar Al Hob                          | wa azhar al hob                          | P:-   B:-   L:-   M:-  
2026-08-28 15:42:58 | FOUND      | TMDB       | Rasheed                                  | rasheed                                  | P:yes B:-   L:-   M:yes
2026-08-28 15:43:00 | NOT_FOUND  | TMDB/ELCIN | Al Zahr Lamma Yel'ab                     | al zahr lamma yel'ab                     | P:-   B:-   L:-   M:-  
2026-08-28 15:43:00 | FOUND      | TMDB       | Al A'ela                                 | al a'ela                                 | P:yes B:-   L:-   M:yes
2026-08-28 15:43:00 | FOUND      | TMDB       | Kafo                                     | kafo                                     | P:yes B:-   L:-   M:yes
2026-08-28 15:44:15 | NOT_FOUND  | TMDB/ELCIN | Mintaqa Amina                            | mintaqa amina                            | P:-   B:-   L:-   M:-  
2026-08-28 15:44:15 | NOT_FOUND  | TMDB/ELCIN | Said El Aqareb                           | said el aqareb                           | P:-   B:-   L:-   M:-  
2026-08-28 15:44:15 | FOUND      | TMDB       | Bab Al Hara                              | bab al hara                              | P:yes B:-   L:yes M:yes
2026-08-28 15:44:24 | FOUND      | TMDB       | The Wrecking Crew                        | the wrecking crew                        | P:yes B:-   L:yes M:yes
2026-08-28 15:44:24 | FOUND      | TMDB       | The Running Man                          | the running man                          | P:yes B:-   L:yes M:yes
2026-08-28 15:44:25 | FOUND      | TMDB       | Kraven The Hunter                        | kraven the hunter                        | P:yes B:-   L:yes M:yes
2026-08-28 15:44:25 | FOUND      | TMDB       | Flight Risk                              | flight risk                              | P:yes B:-   L:yes M:yes
2026-08-28 15:44:29 | NOT_FOUND  | TMDB/ELCIN | اسبانجليش                                | اسبانجليش                                | P:-   B:-   L:-   M:-  
2026-08-28 15:44:29 | FOUND      | TMDB       | Gambit                                   | gambit                                   | P:yes B:-   L:yes M:yes
2026-08-28 15:44:29 | FOUND      | TMDB       | The Hitman's Bodyguard                   | the hitman's bodyguard                   | P:yes B:-   L:yes M:yes
2026-08-28 15:44:29 | FOUND      | TMDB       | Tinsel Town                              | tinsel town                              | P:yes B:-   L:yes M:yes
2026-08-28 15:44:30 | NOT_FOUND  | TMDB/ELCIN | اسبانجليش                                | اسبانجليش                                | P:-   B:-   L:-   M:-  
2026-08-28 15:44:31 | FOUND      | elcinema   | وصول بولي                                | وصول بولي                                | P:yes B:-   L:-   M:yes
2026-08-28 15:44:31 | FOUND      | elcinema   | صالون الحلاقة                            | صالون الحلاقة                            | P:yes B:-   L:-   M:yes
2026-08-28 15:44:34 | FOUND      | elcinema   | وصول بولي                                | وصول بولي                                | P:yes B:-   L:-   M:yes
2026-08-28 15:44:34 | FOUND      | elcinema   | وصول بولي                                | وصول بولي                                | P:yes B:-   L:-   M:yes
2026-08-28 15:44:38 | NOT_FOUND  | TMDB/ELCIN | Special Ops: Lioness 2 - 6               | special ops: lioness 2 - 6               | P:-   B:-   L:-   M:-  
2026-08-28 15:44:38 | NOT_FOUND  | TMDB/ELCIN | The Ark 3 - 1                            | the ark 3 - 1                            | P:-   B:-   L:-   M:-  
2026-08-28 15:44:39 | FOUND      | TMDB       | The Iris Affair - 2                      | the iris affair - 2                      | P:yes B:-   L:yes M:yes
2026-08-28 15:44:43 | FOUND      | elcinema   | وصول بولي                                | وصول بولي                                | P:yes B:-   L:-   M:yes
2026-08-28 15:44:43 | FOUND      | elcinema   | وصول بولي                                | وصول بولي                                | P:yes B:-   L:-   M:yes
2026-08-28 15:44:44 | NOT_FOUND  | TMDB/ELCIN | Special Ops: Lioness 2 - 6               | special ops: lioness 2 - 6               | P:-   B:-   L:-   M:-  
2026-08-28 15:44:44 | NOT_FOUND  | TMDB/ELCIN | The Ark 3 - 1                            | the ark 3 - 1                            | P:-   B:-   L:-   M:-  
2026-08-28 15:44:44 | NOT_FOUND  | TMDB/ELCIN | Special Ops: Lioness 2 - 6               | special ops: lioness 2 - 6               | P:-   B:-   L:-   M:-  
2026-08-28 15:44:49 | NOT_FOUND  | TMDB/ELCIN | Periferya Imperya - 13                   | periferya imperya - 13                   | P:-   B:-   L:-   M:-  
2026-08-28 15:44:49 | NOT_FOUND  | TMDB/ELCIN | The Simpsons 37 - 12                     | the simpsons 37 - 12                     | P:-   B:-   L:-   M:-  
2026-08-28 15:44:49 | NOT_FOUND  | TMDB/ELCIN | Community 3 - 5                          | community 3 - 5                          | P:-   B:-   L:-   M:-  
2026-08-28 15:44:49 | NOT_FOUND  | TMDB/ELCIN | Community 3 - 4                          | community 3 - 4                          | P:-   B:-   L:-   M:-  
2026-08-28 15:44:49 | NOT_FOUND  | TMDB/ELCIN | Periferya Imperya 2 - 1                  | periferya imperya 2 - 1                  | P:-   B:-   L:-   M:-  
2026-08-28 15:44:51 | NOT_FOUND  | TMDB/ELCIN | The Summit Austraila - Ep. 8             | the summit austraila                     | P:-   B:-   L:-   M:-  
2026-08-28 15:44:51 | NOT_FOUND  | TMDB/ELCIN | Sullivan's Crossing 4 - 4                | sullivan's crossing 4 - 4                | P:-   B:-   L:-   M:-  
2026-08-28 15:44:51 | NOT_FOUND  | TMDB/ELCIN | Elsbeth 3 - 4                            | elsbeth 3 - 4                            | P:-   B:-   L:-   M:-  
2026-08-28 15:44:52 | FOUND      | TMDB       | Two Weeks In August - 1                  | two weeks in august - 1                  | P:yes B:-   L:yes M:yes
2026-08-28 15:44:54 | NOT_FOUND  | TMDB/ELCIN | Special Ops: Lioness 2 - 6               | special ops: lioness 2 - 6               | P:-   B:-   L:-   M:-  
2026-08-28 15:44:54 | NOT_FOUND  | TMDB/ELCIN | The Ark 3 - 1                            | the ark 3 - 1                            | P:-   B:-   L:-   M:-  
2026-08-28 15:44:54 | NOT_FOUND  | TMDB/ELCIN | Special Ops: Lioness 2 - 6               | special ops: lioness 2 - 6               | P:-   B:-   L:-   M:-  
2026-08-28 15:44:55 | NOT_FOUND  | TMDB/ELCIN | The Summit Austraila - Ep. 8             | the summit austraila                     | P:-   B:-   L:-   M:-  
2026-08-28 15:44:55 | NOT_FOUND  | TMDB/ELCIN | Sullivan's Crossing 4 - 4                | sullivan's crossing 4 - 4                | P:-   B:-   L:-   M:-  
2026-08-28 15:44:55 | NOT_FOUND  | TMDB/ELCIN | Elsbeth 3 - 4                            | elsbeth 3 - 4                            | P:-   B:-   L:-   M:-  
2026-08-28 15:44:57 | NOT_FOUND  | TMDB/ELCIN | The Simpsons 37 - 12                     | the simpsons 37 - 12                     | P:-   B:-   L:-   M:-  
2026-08-28 15:44:57 | NOT_FOUND  | TMDB/ELCIN | The Simpsons 37 - 12                     | the simpsons 37 - 12                     | P:-   B:-   L:-   M:-  
2026-08-28 15:44:57 | NOT_FOUND  | TMDB/ELCIN | Community 3 - 4                          | community 3 - 4                          | P:-   B:-   L:-   M:-  
2026-08-28 15:44:57 | NOT_FOUND  | TMDB/ELCIN | Community 3 - 5                          | community 3 - 5                          | P:-   B:-   L:-   M:-  
2026-08-28 15:44:57 | NOT_FOUND  | TMDB/ELCIN | Periferya Imperya - 13                   | periferya imperya - 13                   | P:-   B:-   L:-   M:-  
2026-08-28 15:44:57 | NOT_FOUND  | TMDB/ELCIN | Periferya Imperya 2 - 1                  | periferya imperya 2 - 1                  | P:-   B:-   L:-   M:-  
2026-08-28 15:44:57 | NOT_FOUND  | TMDB/ELCIN | The Simpsons 37 - 12                     | the simpsons 37 - 12                     | P:-   B:-   L:-   M:-  
2026-08-28 15:44:58 | FOUND      | TMDB       | Sallah                                   | sallah                                   | P:yes B:-   L:-   M:yes
2026-08-28 15:44:58 | FOUND      | TMDB       | Kazablan                                 | kazablan                                 | P:yes B:-   L:-   M:yes
2026-08-28 15:44:58 | FOUND      | TMDB       | Behind the Scenes - Hill 338             | behind the scenes - hill 338             | P:yes B:-   L:-   M:yes
2026-08-28 15:44:58 | FOUND      | TMDB       | Saving Shuli                             | saving shuli                             | P:yes B:-   L:-   M:yes
2026-08-28 15:44:58 | NOT_FOUND  | TMDB/ELCIN | The Pitt 2: odc.6                        | the pitt 2                               | P:-   B:-   L:-   M:-  
2026-08-28 15:44:59 | FOUND      | TMDB       | Daughters, daughters                     | daughters, daughters                     | P:yes B:-   L:yes M:yes
2026-08-28 15:44:59 | FOUND      | TMDB       | Lista                                    | lista                                    | P:yes B:-   L:-   M:yes
2026-08-28 15:44:59 | FOUND      | TMDB       | Mroczny Rycerz powstaje                  | mroczny rycerz powstaje                  | P:yes B:-   L:yes M:yes
2026-08-28 15:44:59 | FOUND      | TMDB       | Spider-Man: Daleko od domu               | spider-man: daleko od domu               | P:yes B:-   L:yes M:yes
2026-08-28 15:44:59 | FOUND      | TMDB       | Birth/Rebirth                            | birth rebirth                            | P:yes B:-   L:yes M:yes
2026-08-28 15:45:01 | FOUND      | TMDB       | Emma Odważna                             | emma odważna                             | P:yes B:-   L:yes M:yes
2026-08-28 15:45:01 | FOUND      | TMDB       | Piotruś Pan                              | piotruś pan                              | P:yes B:-   L:yes M:yes
2026-08-28 15:45:02 | FOUND      | TMDB       | Emotki. Film                             | emotki                                   | P:yes B:-   L:yes M:yes
2026-08-28 15:45:02 | FOUND      | TMDB       | Marsjanin                                | marsjanin                                | P:yes B:-   L:yes M:yes
2026-08-28 15:45:02 | FOUND      | TMDB       | Nasienie świętej figi                    | nasienie świętej figi                    | P:yes B:-   L:yes M:yes
2026-08-28 15:45:03 | FOUND      | TMDB       | Ona                                      | ona                                      | P:yes B:-   L:-   M:yes
2026-08-28 15:45:03 | FOUND      | TMDB       | Nim nadejdzie czwartek                   | nim nadejdzie czwartek                   | P:yes B:-   L:-   M:yes
2026-08-28 15:45:04 | FOUND      | TMDB       | Wojownicze żółwie ninja                  | wojownicze żółwie ninja                  | P:yes B:-   L:yes M:yes
2026-08-28 15:45:04 | NOT_FOUND  | TMDB/ELCIN | Avenue 5 2: odc.8                        | avenue 5 2                               | P:-   B:-   L:-   M:-  
2026-08-28 15:45:04 | FOUND      | TMDB       | Przegląd tygodnia: Wieczór z Johnem Oliv | przegląd tygodnia: wieczór z johnem oliv | P:yes B:-   L:yes M:yes
2026-08-28 15:45:08 | FOUND      | TMDB       | Życie i miłość                           | życie i miłość                           | P:yes B:-   L:-   M:yes
2026-08-28 15:45:08 | FOUND      | TMDB       | Jedenaste: Znaj sąsiada swego            | jedenaste: znaj sąsiada swego            | P:yes B:-   L:-   M:yes
2026-08-28 15:45:09 | FOUND      | TMDB       | Mad Max: Na drodze gniewu                | mad max: na drodze gniewu                | P:yes B:-   L:yes M:yes
2026-08-28 15:45:11 | FOUND      | TMDB       | Norah                                    | norah                                    | P:yes B:-   L:yes M:yes
2026-08-28 15:45:11 | FOUND      | TMDB       | Chronologia wody                         | chronologia wody                         | P:yes B:-   L:yes M:yes
2026-08-28 15:45:11 | NOT_FOUND  | TMDB/ELCIN | Siedem zasłon                            | siedem zasłon                            | P:-   B:-   L:-   M:-  
2026-08-28 15:45:11 | FOUND      | TMDB       | Thelma                                   | thelma                                   | P:yes B:-   L:yes M:yes
2026-08-28 15:45:12 | FOUND      | TMDB       | Saga "Zmierzch" - Księżyc w nowiu        | saga "zmierzch" - księżyc w nowiu        | P:yes B:-   L:yes M:yes
2026-08-28 15:45:14 | NOT_FOUND  | TMDB/ELCIN | Niewypowiedziana wojna 2 (odc. 3)        | niewypowiedziana wojna 2                 | P:-   B:-   L:-   M:-  
2026-08-28 15:45:14 | NOT_FOUND  | TMDB/ELCIN | Piłka nożna: PKO BP Ekstraklasa: Górnik  | piłka nożna: pko bp ekstraklasa: górnik  | P:-   B:-   L:-   M:-  
2026-08-28 15:45:14 | FOUND      | TMDB       | Krucjata Bourne'a                        | krucjata bourne'a                        | P:yes B:-   L:yes M:yes
2026-08-28 15:45:14 | FOUND      | TMDB       | Strefa zagrożenia                        | strefa zagrożenia                        | P:yes B:-   L:yes M:yes
2026-08-28 15:45:15 | NOT_FOUND  | TMDB/ELCIN | Man with a Plan 2: odc.17                | man with a plan 2                        | P:-   B:-   L:-   M:-  
2026-08-28 15:45:15 | FOUND      | TMDB       | Uśmiechnięta buźka: seryjny morderca: od | uśmiechnięta buźka: seryjny morderca     | P:yes B:-   L:yes M:yes
2026-08-28 15:45:15 | FOUND      | TMDB       | SpongeBob: Klątwa pirata                 | spongebob: klątwa pirata                 | P:yes B:-   L:yes M:yes
2026-08-28 15:45:18 | FOUND      | TMDB       | House 4: odc.9                           | house 4                                  | P:yes B:-   L:-   M:yes
2026-08-28 15:45:18 | FOUND      | TMDB       | Marshals - historia z Yellowstone: odc.4 | marshals - historia z yellowstone        | P:yes B:-   L:yes M:yes
2026-08-28 15:45:22 | FOUND      | TMDB       | Agent                                    | agent                                    | P:yes B:-   L:-   M:yes
2026-08-28 15:45:22 | NOT_FOUND  | TMDB/ELCIN | Karen Pirie 2 (odc. 2)                   | karen pirie 2                            | P:-   B:-   L:-   M:-  
2026-08-28 15:45:22 | FOUND      | TMDB       | Marzyłam o Afryce                        | marzyłam o afryce                        | P:yes B:-   L:yes M:yes
2026-08-28 15:45:22 | FOUND      | TMDB       | Feralna noc                              | feralna noc                              | P:yes B:-   L:yes M:yes
2026-08-28 15:45:22 | FOUND      | TMDB       | Terapia dla par                          | terapia dla par                          | P:yes B:-   L:yes M:yes
2026-08-28 15:45:25 | NOT_FOUND  | TMDB/ELCIN | Anakondy: Krwawe ślady                   | anakondy: krwawe ślady                   | P:-   B:-   L:-   M:-  
2026-08-28 15:45:25 | FOUND      | TMDB       | Legionista                               | legionista                               | P:yes B:-   L:yes M:yes
2026-08-28 15:45:25 | FOUND      | TMDB       | Star Trek: W nieznane                    | star trek: w nieznane                    | P:yes B:-   L:yes M:yes
2026-08-28 15:45:30 | NOT_FOUND  | TMDB/ELCIN | Czarodziejki 2: odc.20                   | czarodziejki 2                           | P:-   B:-   L:-   M:-  
2026-08-28 15:45:30 | FOUND      | TMDB       | Dirty dancing                            | dirty dancing                            | P:yes B:-   L:yes M:yes
2026-08-28 15:45:31 | FOUND      | TMDB       | Świat w ogniu                            | świat w ogniu                            | P:yes B:-   L:yes M:yes
2026-08-28 15:45:31 | FOUND      | TMDB       | Pingwiny z Madagaskaru: odc.7            | pingwiny z madagaskaru                   | P:yes B:-   L:yes M:yes
2026-08-28 15:45:31 | FOUND      | TMDB       | Przyznaj się, Fletch                     | przyznaj się, fletch                     | P:yes B:-   L:yes M:yes
2026-08-28 15:45:34 | FOUND      | TMDB       | Pełniejsza chata: odc.1                  | pełniejsza chata                         | P:yes B:-   L:yes M:yes
2026-08-28 15:45:34 | NOT_FOUND  | TMDB/ELCIN | Bajer z Bel-Air 2: odc.5                 | bajer z bel-air 2                        | P:-   B:-   L:-   M:-  
2026-08-28 15:45:34 | NOT_FOUND  | TMDB/ELCIN | Pełniejsza chata 4: odc.13               | pełniejsza chata 4                       | P:-   B:-   L:-   M:-  
2026-08-28 15:45:38 | NOT_FOUND  | TMDB/ELCIN | Czarodziejki 2: odc.20                   | czarodziejki 2                           | P:-   B:-   L:-   M:-  
2026-08-28 15:45:38 | NOT_FOUND  | TMDB/ELCIN | Czarodziejki 2: odc.20                   | czarodziejki 2                           | P:-   B:-   L:-   M:-  
2026-08-28 15:45:39 | NOT_FOUND  | TMDB/ELCIN | Bajer z Bel-Air 2: odc.5                 | bajer z bel-air 2                        | P:-   B:-   L:-   M:-  
2026-08-28 15:45:39 | NOT_FOUND  | TMDB/ELCIN | Bajer z Bel-Air 2: odc.6                 | bajer z bel-air 2                        | P:-   B:-   L:-   M:-  
2026-08-28 15:45:39 | NOT_FOUND  | TMDB/ELCIN | Pełniejsza chata 4: odc.13               | pełniejsza chata 4                       | P:-   B:-   L:-   M:-  
2026-08-28 15:45:40 | NOT_FOUND  | TMDB/ELCIN | Bajer z Bel-Air 2: odc.5                 | bajer z bel-air 2                        | P:-   B:-   L:-   M:-  
2026-08-28 15:45:42 | FOUND      | TMDB       | Bastardi a mano armata                   | bastardi a mano armata                   | P:yes B:-   L:-   M:yes
2026-08-28 15:45:42 | FOUND      | TMDB       | Ercole contro i figli del Sole           | ercole contro i figli del sole           | P:yes B:-   L:-   M:yes
2026-08-28 15:45:42 | FOUND      | TMDB       | Ad uno ad uno... spietatamente           | ad uno ad uno... spietatamente           | P:yes B:-   L:yes M:yes
2026-08-28 15:45:43 | FOUND      | TMDB       | Stanlio e Ollio - Vita in campagna       | stanlio e ollio - vita in campagna       | P:yes B:-   L:-   M:yes
2026-08-28 15:45:43 | FOUND      | TMDB       | Taras il magnifico                       | taras il magnifico                       | P:yes B:-   L:yes M:yes
2026-08-28 15:45:43 | NOT_FOUND  | TMDB/ELCIN | Anica - Appuntamento al Cinema           | anica - appuntamento al cinema           | P:-   B:-   L:-   M:-  
2026-08-28 15:45:43 | NOT_FOUND  | TMDB/ELCIN | Doc Martin 5 - ep.4                      | doc martin 5                             | P:-   B:-   L:-   M:-  
2026-08-28 15:45:44 | NOT_FOUND  | TMDB/ELCIN | Heartland 3 - In soccorso ep.10          | heartland 3 - in soccorso                | P:-   B:-   L:-   M:-  
2026-08-28 15:45:44 | NOT_FOUND  | TMDB/ELCIN | Heartland 3 - Il lupo ep.11              | heartland 3 - il lupo                    | P:-   B:-   L:-   M:-  
2026-08-28 15:45:46 | NOT_FOUND  | TMDB/ELCIN | Pani Mayflower                           | pani mayflower                           | P:-   B:-   L:-   M:-  
2026-08-28 15:45:46 | FOUND      | TMDB       | Derby                                    | derby                                    | P:yes B:-   L:-   M:yes
2026-08-28 15:45:46 | FOUND      | TMDB       | The Wild Girl                            | the wild girl                            | P:yes B:-   L:-   M:yes
2026-08-28 15:45:46 | FOUND      | TMDB       | Powrót                                   | powrót                                   | P:yes B:-   L:-   M:yes
2026-08-28 15:45:46 | NOT_FOUND  | TMDB/ELCIN | Ikona 1 (odc. 1)                         | ikona 1                                  | P:-   B:-   L:-   M:-  
2026-08-28 15:45:51 | FOUND      | TMDB       | Powrót                                   | powrót                                   | P:yes B:-   L:-   M:yes
2026-08-28 15:45:51 | NOT_FOUND  | TMDB/ELCIN | Pani Mayflower                           | pani mayflower                           | P:-   B:-   L:-   M:-  
2026-08-28 15:45:51 | NOT_FOUND  | TMDB/ELCIN | Ikona 1 (odc. 1)                         | ikona 1                                  | P:-   B:-   L:-   M:-  
2026-08-28 15:45:51 | FOUND      | TMDB       | Powrót                                   | powrót                                   | P:yes B:-   L:-   M:yes
2026-08-28 15:46:24 | NOT_FOUND  | TMDB/ELCIN | Przygody Merlina 3: odc.12               | przygody merlina 3                       | P:-   B:-   L:-   M:-  
2026-08-28 15:46:24 | NOT_FOUND  | TMDB/ELCIN | SurrealEstate 2: odc.9                   | surrealestate 2                          | P:-   B:-   L:-   M:-  
2026-08-28 15:46:25 | NOT_FOUND  | TMDB/ELCIN | Jeśli ucieknę                            | jeśli ucieknę                            | P:-   B:-   L:-   M:-  
2026-08-28 15:46:26 | NOT_FOUND  | TMDB/ELCIN | Morderstwo w Prowansji                   | morderstwo w prowansji                   | P:-   B:-   L:-   M:-  
2026-08-28 15:46:26 | FOUND      | TMDB       | Potrójna intryga                         | potrójna intryga                         | P:yes B:-   L:-   M:yes
2026-08-28 15:46:26 | FOUND      | TMDB       | Zwłoki na strychu                        | zwłoki na strychu                        | P:yes B:-   L:yes M:yes
2026-08-28 15:46:28 | FOUND      | TMDB       | Ukryta prawda: odc.1548                  | ukryta prawda                            | P:yes B:-   L:-   M:yes
2026-08-28 15:46:28 | FOUND      | TMDB       | Szpital św. Anny: odc.100                | szpital św. anny                         | P:yes B:-   L:-   M:yes
2026-08-28 15:46:28 | FOUND      | TMDB       | Fakty                                    | fakty                                    | P:yes B:-   L:-   M:yes
2026-08-28 15:46:29 | FOUND      | TMDB       | Sędzia Anna Maria Wesołowska: odc.542    | sędzia anna maria wesołowska             | P:yes B:-   L:-   M:yes
2026-08-28 15:46:30 | NOT_FOUND  | TMDB/ELCIN | Kryminalni 4: odc.2                      | kryminalni 4                             | P:-   B:-   L:-   M:-  
2026-08-28 15:46:32 | NOT_FOUND  | TMDB/ELCIN | Ojciec Brown 11: odc.4                   | ojciec brown 11                          | P:-   B:-   L:-   M:-  
2026-08-28 15:46:32 | NOT_FOUND  | TMDB/ELCIN | Tajemnice Majorki 1 (odc. 4)             | tajemnice majorki 1                      | P:-   B:-   L:-   M:-  
2026-08-28 15:46:32 | NOT_FOUND  | TMDB/ELCIN | Morderstwa w Midsomer 16: odc.5          | morderstwa w midsomer 16                 | P:-   B:-   L:-   M:-  
2026-08-28 15:46:34 | NOT_FOUND  | TMDB/ELCIN | Cuda inżynierii 5: odc.2                 | cuda inżynierii 5                        | P:-   B:-   L:-   M:-  
2026-08-28 15:46:34 | NOT_FOUND  | TMDB/ELCIN | Top Gear 14: odc.1                       | top gear 14                              | P:-   B:-   L:-   M:-  
2026-08-28 15:46:34 | NOT_FOUND  | TMDB/ELCIN | Brytyjskie fabryki 8: odc.6              | brytyjskie fabryki 8                     | P:-   B:-   L:-   M:-  
2026-08-28 15:46:34 | FOUND      | TMDB       | Who Wants to Be a Millionaire z Jeremym  | who wants to be a millionaire z jeremym  | P:yes B:-   L:yes M:yes
2026-08-28 15:46:35 | FOUND      | TMDB       | Poirot: odc.1                            | poirot                                   | P:yes B:-   L:-   M:yes
2026-08-28 15:46:35 | FOUND      | TMDB       | Poirot 1 (odc. 8)                        | poirot 1                                 | P:yes B:-   L:-   M:yes
2026-08-28 15:46:36 | NOT_FOUND  | TMDB/ELCIN | Strażnik Teksasu 4: odc.7                | strażnik teksasu 4                       | P:-   B:-   L:-   M:-  
2026-08-28 15:46:36 | FOUND      | TMDB       | Ze śmiercią jej do twarzy                | ze śmiercią jej do twarzy                | P:yes B:-   L:yes M:yes
2026-08-28 15:46:38 | NOT_FOUND  | TMDB/ELCIN | Miłość x 3                               | miłość x 3                               | P:-   B:-   L:-   M:-  
2026-08-28 15:46:38 | FOUND      | TMDB       | Do zobaczenia we wrześniu                | do zobaczenia we wrześniu                | P:yes B:-   L:-   M:yes
2026-08-28 15:46:38 | FOUND      | TMDB       | Zadbaj o siebie                          | zadbaj o siebie                          | P:yes B:-   L:-   M:yes
2026-08-28 15:46:39 | FOUND      | TMDB       | Poznajmy się jeszcze raz                 | poznajmy się jeszcze raz                 | P:yes B:-   L:yes M:yes
2026-08-28 15:46:40 | NOT_FOUND  | TMDB/ELCIN | Drużyna modelek                          | drużyna modelek                          | P:-   B:-   L:-   M:-  
2026-08-28 15:46:41 | FOUND      | TMDB       | Ostre słówka                             | ostre słówka                             | P:yes B:-   L:yes M:yes
2026-08-28 15:46:41 | FOUND      | TMDB       | Niewygodna prawda                        | niewygodna prawda                        | P:yes B:-   L:yes M:yes
2026-08-28 15:46:41 | FOUND      | TMDB       | Wyścig o życie                           | wyścig o życie                           | P:yes B:-   L:yes M:yes
2026-08-28 15:46:42 | FOUND      | TMDB       | Lato we Florencji                        | lato we florencji                        | P:yes B:-   L:-   M:yes
2026-08-28 15:46:43 | NOT_FOUND  | TMDB/ELCIN | Goldbergowie 6 (odc. 7)                  | goldbergowie 6                           | P:-   B:-   L:-   M:-  
2026-08-28 15:46:43 | FOUND      | TMDB       | Na skrzydłach orłów                      | na skrzydłach orłów                      | P:yes B:-   L:yes M:yes
2026-08-28 15:46:43 | FOUND      | TMDB       | Bigger: Historia Joego Weidera           | bigger: historia joego weidera           | P:yes B:-   L:yes M:yes
2026-08-28 15:46:45 | FOUND      | TMDB       | Strefa Q                                 | strefa q                                 | P:yes B:-   L:-   M:yes
2026-08-28 15:46:45 | NOT_FOUND  | TMDB/ELCIN | Zabójczy pacjent                         | zabójczy pacjent                         | P:-   B:-   L:-   M:-  
2026-08-28 15:46:45 | FOUND      | TMDB       | Czyja to córka?                          | czyja to córka?                          | P:yes B:-   L:-   M:yes
2026-08-28 15:46:45 | FOUND      | TMDB       | Trudny pacjent                           | trudny pacjent                           | P:yes B:-   L:-   M:yes
2026-08-28 15:46:46 | FOUND      | TMDB       | Igrzyska śmierci: Kosogłos. Część 2      | igrzyska śmierci: kosogłos. część 2      | P:yes B:-   L:yes M:yes
2026-08-28 15:46:48 | NOT_FOUND  | TMDB/ELCIN | Moja brunetka                            | moja brunetka                            | P:-   B:-   L:-   M:-  
2026-08-28 15:46:48 | NOT_FOUND  | TMDB/ELCIN | Tajemniczy pan Wong                      | tajemniczy pan wong                      | P:-   B:-   L:-   M:-  
2026-08-28 15:46:48 | NOT_FOUND  | TMDB/ELCIN | Człowiek, który się oszukiwał            | człowiek, który się oszukiwał            | P:-   B:-   L:-   M:-  
2026-08-28 15:46:48 | NOT_FOUND  | TMDB/ELCIN | To tylko żart, synu!                     | to tylko żart, synu!                     | P:-   B:-   L:-   M:-  
2026-08-28 15:46:48 | NOT_FOUND  | TMDB/ELCIN | Ludzie są zabawni                        | ludzie są zabawni                        | P:-   B:-   L:-   M:-  
2026-08-28 15:46:49 | FOUND      | TMDB       | Strefa Q                                 | strefa q                                 | P:yes B:-   L:-   M:yes
2026-08-28 15:46:49 | NOT_FOUND  | TMDB/ELCIN | Zabójczy pacjent                         | zabójczy pacjent                         | P:-   B:-   L:-   M:-  
2026-08-28 15:46:49 | FOUND      | TMDB       | Strefa Q                                 | strefa q                                 | P:yes B:-   L:-   M:yes
2026-08-28 15:46:51 | NOT_FOUND  | TMDB/ELCIN | Moja brunetka                            | moja brunetka                            | P:-   B:-   L:-   M:-  
2026-08-28 15:46:51 | NOT_FOUND  | TMDB/ELCIN | Tajemniczy pan Wong                      | tajemniczy pan wong                      | P:-   B:-   L:-   M:-  
2026-08-28 15:46:51 | NOT_FOUND  | TMDB/ELCIN | Człowiek, który się oszukiwał            | człowiek, który się oszukiwał            | P:-   B:-   L:-   M:-  
2026-08-28 15:46:52 | NOT_FOUND  | TMDB/ELCIN | To tylko żart, synu!                     | to tylko żart, synu!                     | P:-   B:-   L:-   M:-  
2026-08-28 15:46:52 | NOT_FOUND  | TMDB/ELCIN | Ludzie są zabawni                        | ludzie są zabawni                        | P:-   B:-   L:-   M:-  
2026-08-28 15:46:52 | NOT_FOUND  | TMDB/ELCIN | Moja brunetka                            | moja brunetka                            | P:-   B:-   L:-   M:-  
2026-08-28 15:46:53 | FOUND      | TMDB       | Strefa Q                                 | strefa q                                 | P:yes B:-   L:-   M:yes
2026-08-28 15:46:53 | NOT_FOUND  | TMDB/ELCIN | Zabójczy pacjent                         | zabójczy pacjent                         | P:-   B:-   L:-   M:-  
2026-08-28 15:46:53 | FOUND      | TMDB       | Strefa Q                                 | strefa q                                 | P:yes B:-   L:-   M:yes
2026-08-28 15:47:21 | NOT_FOUND  | TMDB/ELCIN | Moja brunetka                            | moja brunetka                            | P:-   B:-   L:-   M:-  
2026-08-28 15:47:21 | NOT_FOUND  | TMDB/ELCIN | Tajemniczy pan Wong                      | tajemniczy pan wong                      | P:-   B:-   L:-   M:-  
2026-08-28 15:47:21 | NOT_FOUND  | TMDB/ELCIN | Człowiek, który się oszukiwał            | człowiek, który się oszukiwał            | P:-   B:-   L:-   M:-  
2026-08-28 15:47:21 | NOT_FOUND  | TMDB/ELCIN | To tylko żart, synu!                     | to tylko żart, synu!                     | P:-   B:-   L:-   M:-  
2026-08-28 15:47:21 | NOT_FOUND  | TMDB/ELCIN | Ludzie są zabawni                        | ludzie są zabawni                        | P:-   B:-   L:-   M:-  
2026-08-28 15:47:21 | NOT_FOUND  | TMDB/ELCIN | Moja brunetka                            | moja brunetka                            | P:-   B:-   L:-   M:-  
2026-08-28 15:47:23 | FOUND      | TMDB       | Strefa Q                                 | strefa q                                 | P:yes B:-   L:-   M:yes
2026-08-28 15:47:23 | NOT_FOUND  | TMDB/ELCIN | Zabójczy pacjent                         | zabójczy pacjent                         | P:-   B:-   L:-   M:-  
2026-08-28 15:47:23 | FOUND      | TMDB       | Strefa Q                                 | strefa q                                 | P:yes B:-   L:-   M:yes
2026-08-28 15:47:28 | NOT_FOUND  | TMDB/ELCIN | Tajemniczy pan Wong                      | tajemniczy pan wong                      | P:-   B:-   L:-   M:-  
2026-08-28 15:47:28 | NOT_FOUND  | TMDB/ELCIN | Człowiek, który się oszukiwał            | człowiek, który się oszukiwał            | P:-   B:-   L:-   M:-  
2026-08-28 15:47:28 | NOT_FOUND  | TMDB/ELCIN | To tylko żart, synu!                     | to tylko żart, synu!                     | P:-   B:-   L:-   M:-  
2026-08-28 15:47:28 | NOT_FOUND  | TMDB/ELCIN | Moja brunetka                            | moja brunetka                            | P:-   B:-   L:-   M:-  
2026-08-28 15:47:28 | NOT_FOUND  | TMDB/ELCIN | Ludzie są zabawni                        | ludzie są zabawni                        | P:-   B:-   L:-   M:-  
2026-08-28 15:47:28 | NOT_FOUND  | TMDB/ELCIN | Moja brunetka                            | moja brunetka                            | P:-   B:-   L:-   M:-  
2026-08-28 15:47:30 | NOT_FOUND  | TMDB/ELCIN | Z archiwum X: odc.8                      | z archiwum x                             | P:-   B:-   L:-   M:-  
2026-08-28 15:47:30 | FOUND      | TMDB       | CSI: Kryminalne zagadki Miami: odc.16    | csi: kryminalne zagadki miami            | P:yes B:-   L:yes M:yes
2026-08-28 15:47:33 | NOT_FOUND  | TMDB/ELCIN | Wszyscy kochają Raymonda 4: odc.21       | wszyscy kochają raymonda 4               | P:-   B:-   L:-   M:-  
2026-08-28 15:47:33 | NOT_FOUND  | TMDB/ELCIN | Simpsonowie 34: odc.5                    | simpsonowie 34                           | P:-   B:-   L:-   M:-  
2026-08-28 15:47:34 | NOT_FOUND  | TMDB/ELCIN | Dwóch i pół 12: odc.9                    | dwóch i pół 12                           | P:-   B:-   L:-   M:-  
2026-08-28 15:47:34 | NOT_FOUND  | TMDB/ELCIN | Przyjaciele 6: odc.24                    | przyjaciele 6                            | P:-   B:-   L:-   M:-  
2026-08-28 15:47:35 | FOUND      | TMDB       | Spadkobiercy: odc.4                      | spadkobiercy                             | P:yes B:-   L:-   M:yes
2026-08-28 15:47:35 | NOT_FOUND  | TMDB/ELCIN | Czarna Żmija 2: odc.3                    | czarna żmija 2                           | P:-   B:-   L:-   M:-  
2026-08-28 15:47:36 | NOT_FOUND  | TMDB/ELCIN | Jedną nogą w grobie 3: odc.3             | jedną nogą w grobie 3                    | P:-   B:-   L:-   M:-  
2026-08-28 15:47:36 | NOT_FOUND  | TMDB/ELCIN | Co ludzie powiedzą? 4: odc.7             | co ludzie powiedzą? 4                    | P:-   B:-   L:-   M:-  
2026-08-28 15:47:36 | NOT_FOUND  | TMDB/ELCIN | Młody Sheldon 3: odc.11                  | młody sheldon 3                          | P:-   B:-   L:-   M:-  
2026-08-28 15:47:40 | NOT_FOUND  | TMDB/ELCIN | Dowody zbrodni 4: odc.9                  | dowody zbrodni 4                         | P:-   B:-   L:-   M:-  
2026-08-28 15:47:40 | NOT_FOUND  | TMDB/ELCIN | FBI 4: odc.3                             | fbi 4                                    | P:-   B:-   L:-   M:-  
2026-08-28 15:47:40 | NOT_FOUND  | TMDB/ELCIN | CSI: Kryminalne zagadki Las Vegas 6: odc | csi: kryminalne zagadki las vegas 6      | P:-   B:-   L:-   M:-  
2026-08-28 15:47:40 | NOT_FOUND  | TMDB/ELCIN | CSI: Kryminalne zagadki Las Vegas 7: odc | csi: kryminalne zagadki las vegas 7      | P:-   B:-   L:-   M:-  
2026-08-28 15:47:44 | NOT_FOUND  | TMDB/ELCIN | Dowody zbrodni 5: odc.11                 | dowody zbrodni 5                         | P:-   B:-   L:-   M:-  
2026-08-28 15:47:48 | NOT_FOUND  | TMDB/ELCIN | Nieustraszony 3: odc.6                   | nieustraszony 3                          | P:-   B:-   L:-   M:-  
2026-08-28 15:47:48 | NOT_FOUND  | TMDB/ELCIN | Zagadki z przeszłości 3: odc.19          | zagadki z przeszłości 3                  | P:-   B:-   L:-   M:-  
2026-08-28 15:47:49 | NOT_FOUND  | TMDB/ELCIN | Wakacyjne domy na wynajem 2: odc.11      | wakacyjne domy na wynajem 2              | P:-   B:-   L:-   M:-  
2026-08-28 15:47:49 | NOT_FOUND  | TMDB/ELCIN | Nowe życie w blasku słońca: odc.19       | nowe życie w blasku słońca               | P:-   B:-   L:-   M:-  
2026-08-28 15:47:49 | NOT_FOUND  | TMDB/ELCIN | Sposób na zamek 8: odc.27                | sposób na zamek 8                        | P:-   B:-   L:-   M:-  
2026-08-28 15:47:50 | NOT_FOUND  | TMDB/ELCIN | Nasz idealny dom na wsi - Australia 6: o | nasz idealny dom na wsi - australia 6    | P:-   B:-   L:-   M:-  
2026-08-28 15:47:54 | NOT_FOUND  | TMDB/ELCIN | Panna Marple: Zatrute pióro              | panna marple: zatrute pióro              | P:-   B:-   L:-   M:-  
2026-08-28 15:47:54 | NOT_FOUND  | TMDB/ELCIN | Agenci NCIS 16: odc.9                    | agenci ncis 16                           | P:-   B:-   L:-   M:-  
2026-08-28 15:47:54 | NOT_FOUND  | TMDB/ELCIN | Poirot 9: odc.1                          | poirot 9                                 | P:-   B:-   L:-   M:-  
2026-08-28 15:47:54 | NOT_FOUND  | TMDB/ELCIN | Poirot 5: odc.4                          | poirot 5                                 | P:-   B:-   L:-   M:-  
2026-08-28 15:48:10 | FOUND      | TMDB       | Potop: odc.2                             | potop                                    | P:yes B:-   L:-   M:yes
2026-08-28 15:48:10 | FOUND      | TMDB       | Pogranicze w ogniu: odc.5                | pogranicze w ogniu                       | P:yes B:-   L:-   M:yes
2026-08-28 15:48:10 | FOUND      | TMDB       | Jeszcze raz                              | jeszcze raz                              | P:yes B:-   L:-   M:yes
2026-08-28 15:48:11 | FOUND      | TMDB       | Och, Karol                               | och, karol                               | P:yes B:-   L:yes M:yes
2026-08-28 15:48:15 | NOT_FOUND  | TMDB/ELCIN | Za głosem serca: odc.12                  | za głosem serca                          | P:-   B:-   L:-   M:-  
2026-08-28 15:48:15 | NOT_FOUND  | TMDB/ELCIN | Magda M. 2: odc.13                       | magda m. 2                               | P:-   B:-   L:-   M:-  
2026-08-28 15:48:15 | NOT_FOUND  | TMDB/ELCIN | Idź na całość 2: odc.7                   | idź na całość 2                          | P:-   B:-   L:-   M:-  
2026-08-28 15:48:15 | NOT_FOUND  | TMDB/ELCIN | Kartoteka 6: odc.6                       | kartoteka 6                              | P:-   B:-   L:-   M:-  
2026-08-28 15:48:15 | NOT_FOUND  | TMDB/ELCIN | Złomowisko PL 3: odc.4                   | złomowisko pl 3                          | P:-   B:-   L:-   M:-  
2026-08-28 15:48:18 | NOT_FOUND  | TMDB/ELCIN | Katastrofy w przestworzach: odc.3        | katastrofy w przestworzach               | P:-   B:-   L:-   M:-  
2026-08-28 15:48:18 | NOT_FOUND  | TMDB/ELCIN | Zajazd. Będzie się działo: odc.30        | zajazd. będzie się działo                | P:-   B:-   L:-   M:-  
2026-08-28 15:48:18 | NOT_FOUND  | TMDB/ELCIN | Hudson i Rex 3: odc.15                   | hudson i rex 3                           | P:-   B:-   L:-   M:-  
2026-08-28 15:48:23 | NOT_FOUND  | TMDB/ELCIN | Inga Lindström: Róże na piasku           | inga lindström: róże na piasku           | P:-   B:-   L:-   M:-  
2026-08-28 15:48:23 | NOT_FOUND  | TMDB/ELCIN | Bachmannowie. Jak zawsze za późno?       | bachmannowie. jak zawsze za późno?       | P:-   B:-   L:-   M:-  
2026-08-28 15:48:24 | NOT_FOUND  | TMDB/ELCIN | Rejs ku szczęściu - Podróż poślubna do Z | rejs ku szczęściu - podróż poślubna do z | P:-   B:-   L:-   M:-  
2026-08-28 15:48:24 | FOUND      | TMDB       | Górski lekarz: odc.74                    | górski lekarz                            | P:yes B:-   L:yes M:yes
2026-08-28 15:48:24 | NOT_FOUND  | TMDB/ELCIN | Dzikie fale - nic się nie ukryje: odc.4  | dzikie fale - nic się nie ukryje         | P:-   B:-   L:-   M:-  
2026-08-28 15:48:25 | FOUND      | TMDB       | Wesela nie będzie                        | wesela nie będzie                        | P:yes B:-   L:-   M:yes
2026-08-28 15:48:26 | FOUND      | TMDB       | Uśmiechnij się: odc.4                    | uśmiechnij się                           | P:yes B:-   L:yes M:yes
2026-08-28 15:48:27 | NOT_FOUND  | TMDB/ELCIN | Róże i grzechy 1 (odc. 52)               | róże i grzechy 1                         | P:-   B:-   L:-   M:-  
2026-08-28 15:48:27 | NOT_FOUND  | TMDB/ELCIN | Otchłań namiętności 1 (odc. 153)         | otchłań namiętności 1                    | P:-   B:-   L:-   M:-  
2026-08-28 15:48:29 | NOT_FOUND  | TMDB/ELCIN | Róże i grzechy 1 (odc. 52)               | róże i grzechy 1                         | P:-   B:-   L:-   M:-  
2026-08-28 15:48:29 | NOT_FOUND  | TMDB/ELCIN | Otchłań namiętności 1 (odc. 153)         | otchłań namiętności 1                    | P:-   B:-   L:-   M:-  
2026-08-28 15:48:32 | NOT_FOUND  | TMDB/ELCIN | Świat według Bundych 4: odc.58           | świat według bundych 4                   | P:-   B:-   L:-   M:-  
2026-08-28 15:48:32 | FOUND      | TMDB       | Świat według Bundych: odc.57             | świat według bundych                     | P:yes B:-   L:yes M:yes
2026-08-28 15:52:04 | FOUND      | TMDB       | Aaja Nachle                              | aaja nachle                              | P:yes B:-   L:-   M:yes
2026-08-28 15:52:05 | FOUND      | TMDB       | Love Connection                          | love connection                          | P:yes B:-   L:yes M:yes
2026-08-28 15:52:05 | FOUND      | TMDB       | Lage Raho                                | lage raho                                | P:yes B:-   L:yes M:yes
2026-08-28 16:42:55 | FOUND      | TMDB       | كرانك                                    | كرانك                                    | P:yes B:-   L:yes M:yes
2026-08-28 16:42:57 | NOT_FOUND  | TMDB/ELCIN | اسبانجليش                                | اسبانجليش                                | P:-   B:-   L:-   M:-  
2026-08-28 16:43:00 | FOUND      | elcinema   | صالون الحلاقة                            | صالون الحلاقة                            | P:yes B:-   L:-   M:yes
2026-08-28 16:43:00 | FOUND      | TMDB       | Pain & Gain                              | pain & gain                              | P:yes B:-   L:yes M:yes
2026-08-28 16:43:05 | NOT_FOUND  | TMDB/ELCIN | The Ark 3 - 1                            | the ark 3 - 1                            | P:-   B:-   L:-   M:-  
2026-08-28 16:43:05 | NOT_FOUND  | TMDB/ELCIN | Murder in a Small Town 2 - 1             | murder in a small town 2 - 1             | P:-   B:-   L:-   M:-  
2026-08-28 16:43:07 | NOT_FOUND  | TMDB/ELCIN | Elsbeth 3 - 4                            | elsbeth 3 - 4                            | P:-   B:-   L:-   M:-  
2026-08-28 16:43:07 | NOT_FOUND  | TMDB/ELCIN | The Summit Austraila - Ep. 8             | the summit austraila                     | P:-   B:-   L:-   M:-  
2026-08-28 16:43:07 | NOT_FOUND  | TMDB/ELCIN | Sullivan's Crossing 4 - 4                | sullivan's crossing 4 - 4                | P:-   B:-   L:-   M:-  
2026-08-28 16:43:07 | FOUND      | TMDB       | Believe Me - 3                           | believe me - 3                           | P:yes B:-   L:yes M:yes
2026-08-28 16:43:11 | NOT_FOUND  | TMDB/ELCIN | Periferya Imperya - 13                   | periferya imperya - 13                   | P:-   B:-   L:-   M:-  
2026-08-28 16:43:11 | NOT_FOUND  | TMDB/ELCIN | Periferya Imperya 2 - 1                  | periferya imperya 2 - 1                  | P:-   B:-   L:-   M:-  
2026-08-28 16:43:12 | NOT_FOUND  | TMDB/ELCIN | Brooklyn Nine-Nine 3 - 1                 | brooklyn nine-nine 3 - 1                 | P:-   B:-   L:-   M:-  
2026-08-28 16:43:12 | NOT_FOUND  | TMDB/ELCIN | Brooklyn Nine-Nine 2 - 23                | brooklyn nine-nine 2 - 23                | P:-   B:-   L:-   M:-  
2026-08-28 16:43:12 | NOT_FOUND  | TMDB/ELCIN | متزوجون ولهم اطفال 4 ح 8                 | متزوجون ولهم اطفال 4 ح 8                 | P:-   B:-   L:-   M:-  
2026-08-28 16:43:13 | FOUND      | TMDB       | Sallah                                   | sallah                                   | P:yes B:-   L:-   M:yes
2026-08-28 16:43:19 | FOUND      | TMDB       | The Choice - Ep. 44                      | the choice                               | P:yes B:-   L:-   M:yes
2026-08-28 16:43:19 | NOT_FOUND  | TMDB/ELCIN | Blooming Lady 3 - Ep. 179                | blooming lady 3                          | P:-   B:-   L:-   M:-  
2026-08-28 16:43:22 | FOUND      | TMDB       | 6 Of Us - Season 2 - Ep. 172             | 6 of us 2                                | P:yes B:-   L:-   M:yes
2026-08-28 16:43:23 | FOUND      | TMDB       | The Fall Of The King Season 2 - Ep. 76   | the fall of the king 2                   | P:yes B:-   L:yes M:yes
2026-08-28 16:43:28 | FOUND      | TMDB       | Stranger In The Mirror - Ep. 1           | stranger in the mirror                   | P:yes B:-   L:-   M:yes
2026-08-28 16:43:29 | NOT_FOUND  | TMDB/ELCIN | Don't Leave Me 4 - Ep. 783               | don't leave me 4                         | P:-   B:-   L:-   M:-  
2026-08-28 16:43:34 | FOUND      | TMDB       | Winds Of Love - Ep. 20                   | winds of love                            | P:yes B:-   L:-   M:yes
2026-08-28 16:43:34 | NOT_FOUND  | TMDB/ELCIN | Flame Of Fate - Ep. 40                   | flame of fate                            | P:-   B:-   L:-   M:-  
2026-08-28 16:43:35 | NOT_FOUND  | TMDB/ELCIN | Don't Leave Me 4 - Ep. 783               | don't leave me 4                         | P:-   B:-   L:-   M:-  
2026-08-28 16:43:35 | NOT_FOUND  | TMDB/ELCIN | Don't Leave Me 4 - Ep. 784               | don't leave me 4                         | P:-   B:-   L:-   M:-  
2026-08-28 16:43:35 | NOT_FOUND  | TMDB/ELCIN | Don't Leave Me 4 - Ep. 785               | don't leave me 4                         | P:-   B:-   L:-   M:-  
2026-08-28 16:43:35 | NOT_FOUND  | TMDB/ELCIN | Don't Leave Me 4 - Ep. 783               | don't leave me 4                         | P:-   B:-   L:-   M:-  
2026-08-28 16:43:37 | FOUND      | TMDB       | Winds Of Love - Ep. 20                   | winds of love                            | P:yes B:-   L:-   M:yes
2026-08-28 16:43:37 | NOT_FOUND  | TMDB/ELCIN | Flame Of Fate - Ep. 40                   | flame of fate                            | P:-   B:-   L:-   M:-  
2026-08-28 16:43:37 | FOUND      | TMDB       | Winds Of Love - Ep. 20                   | winds of love                            | P:yes B:-   L:-   M:yes
2026-08-28 16:43:40 | FOUND      | TMDB       | A Mother's Love - Ep. 119                | a mother's love                          | P:yes B:-   L:-   M:yes
2026-08-28 16:43:41 | NOT_FOUND  | TMDB/ELCIN | Lifeline 3 - Ep. 190                     | lifeline 3                               | P:-   B:-   L:-   M:-  
2026-08-28 16:43:44 | NOT_FOUND  | TMDB/ELCIN | اسبانجليش                                | اسبانجليش                                | P:-   B:-   L:-   M:-  
2026-08-28 16:43:44 | FOUND      | elcinema   | صالون الحلاقة                            | صالون الحلاقة                            | P:yes B:-   L:-   M:yes
2026-08-28 16:43:44 | FOUND      | elcinema   | صالون الحلاقة                            | صالون الحلاقة                            | P:yes B:-   L:-   M:yes
2026-08-28 16:43:46 | NOT_FOUND  | TMDB/ELCIN | The Ark 3 - 1                            | the ark 3 - 1                            | P:-   B:-   L:-   M:-  
2026-08-28 16:43:46 | NOT_FOUND  | TMDB/ELCIN | Murder in a Small Town 2 - 1             | murder in a small town 2 - 1             | P:-   B:-   L:-   M:-  
2026-08-28 16:43:47 | NOT_FOUND  | TMDB/ELCIN | The Summit Austraila - Ep. 8             | the summit austraila                     | P:-   B:-   L:-   M:-  
2026-08-28 16:43:47 | NOT_FOUND  | TMDB/ELCIN | Sullivan's Crossing 4 - 4                | sullivan's crossing 4 - 4                | P:-   B:-   L:-   M:-  
2026-08-28 16:43:47 | NOT_FOUND  | TMDB/ELCIN | Elsbeth 3 - 4                            | elsbeth 3 - 4                            | P:-   B:-   L:-   M:-  
2026-08-28 16:43:47 | NOT_FOUND  | TMDB/ELCIN | The Summit Austraila - Ep. 8             | the summit austraila                     | P:-   B:-   L:-   M:-  
2026-08-28 16:43:48 | NOT_FOUND  | TMDB/ELCIN | Periferya Imperya - 13                   | periferya imperya - 13                   | P:-   B:-   L:-   M:-  
2026-08-28 16:43:48 | NOT_FOUND  | TMDB/ELCIN | Periferya Imperya 2 - 1                  | periferya imperya 2 - 1                  | P:-   B:-   L:-   M:-  
2026-08-28 16:43:48 | NOT_FOUND  | TMDB/ELCIN | Brooklyn Nine-Nine 2 - 23                | brooklyn nine-nine 2 - 23                | P:-   B:-   L:-   M:-  
2026-08-28 16:43:48 | NOT_FOUND  | TMDB/ELCIN | Brooklyn Nine-Nine 3 - 1                 | brooklyn nine-nine 3 - 1                 | P:-   B:-   L:-   M:-  
2026-08-28 16:43:48 | NOT_FOUND  | TMDB/ELCIN | متزوجون ولهم اطفال 4 ح 8                 | متزوجون ولهم اطفال 4 ح 8                 | P:-   B:-   L:-   M:-  
2026-08-28 16:43:48 | NOT_FOUND  | TMDB/ELCIN | Periferya Imperya - 13                   | periferya imperya - 13                   | P:-   B:-   L:-   M:-  
2026-08-28 16:43:49 | FOUND      | TMDB       | Sallah                                   | sallah                                   | P:yes B:-   L:-   M:yes
2026-08-28 16:43:49 | FOUND      | TMDB       | Sallah                                   | sallah                                   | P:yes B:-   L:-   M:yes
2026-08-28 16:43:51 | NOT_FOUND  | TMDB/ELCIN | Blooming Lady 3 - Ep. 179                | blooming lady 3                          | P:-   B:-   L:-   M:-  
2026-08-28 16:43:51 | NOT_FOUND  | TMDB/ELCIN | Blooming Lady 3 - Ep. 179                | blooming lady 3                          | P:-   B:-   L:-   M:-  
2026-08-28 16:43:51 | NOT_FOUND  | TMDB/ELCIN | Blooming Lady 3 - Ep. 180                | blooming lady 3                          | P:-   B:-   L:-   M:-  
2026-08-28 16:43:51 | NOT_FOUND  | TMDB/ELCIN | Blooming Lady 3 - Ep. 179                | blooming lady 3                          | P:-   B:-   L:-   M:-  
2026-08-28 16:44:03 | NOT_FOUND  | TMDB/ELCIN | The Pitt 2: odc.6                        | the pitt 2                               | P:-   B:-   L:-   M:-  
2026-08-28 16:44:04 | FOUND      | TMDB       | Ludzkie dzieci                           | ludzkie dzieci                           | P:yes B:-   L:yes M:yes
2026-08-28 16:44:06 | NOT_FOUND  | TMDB/ELCIN | Dalekie od polityki                      | dalekie od polityki                      | P:-   B:-   L:-   M:-  
2026-08-28 16:44:09 | FOUND      | TMDB       | Nim nadejdzie czwartek                   | nim nadejdzie czwartek                   | P:yes B:-   L:-   M:yes
2026-08-28 16:44:09 | NOT_FOUND  | TMDB/ELCIN | Avenue 5 2: odc.8                        | avenue 5 2                               | P:-   B:-   L:-   M:-  
2026-08-28 16:44:09 | NOT_FOUND  | TMDB/ELCIN | Stamtąd 3: odc.7                         | stamtąd 3                                | P:-   B:-   L:-   M:-  
2026-08-28 16:44:11 | FOUND      | TMDB       | Życie i miłość                           | życie i miłość                           | P:yes B:-   L:-   M:yes
2026-08-28 16:44:15 | NOT_FOUND  | TMDB/ELCIN | Siedem zasłon                            | siedem zasłon                            | P:-   B:-   L:-   M:-  
2026-08-28 16:44:18 | NOT_FOUND  | TMDB/ELCIN | Piłka nożna: PKO BP Ekstraklasa: Górnik  | piłka nożna: pko bp ekstraklasa: górnik  | P:-   B:-   L:-   M:-  
2026-08-28 16:44:18 | NOT_FOUND  | TMDB/ELCIN | Niewypowiedziana wojna 2 (odc. 3)        | niewypowiedziana wojna 2                 | P:-   B:-   L:-   M:-  
2026-08-28 16:44:21 | FOUND      | TMDB       | Lioness: odc.1                           | lioness                                  | P:yes B:-   L:yes M:yes
2026-08-28 16:44:24 | FOUND      | TMDB       | Szybcy i wściekli 9                      | szybcy i wściekli 9                      | P:yes B:-   L:yes M:yes
2026-08-28 16:44:25 | NOT_FOUND  | TMDB/ELCIN | Karen Pirie 2 (odc. 2)                   | karen pirie 2                            | P:-   B:-   L:-   M:-  
2026-08-28 16:44:28 | NOT_FOUND  | TMDB/ELCIN | Anakondy: Krwawe ślady                   | anakondy: krwawe ślady                   | P:-   B:-   L:-   M:-  
2026-08-28 16:44:34 | FOUND      | TMDB       | Amsterdam                                | amsterdam                                | P:yes B:-   L:yes M:yes
2026-08-28 16:44:36 | NOT_FOUND  | TMDB/ELCIN | Anakondy: Krwawe ślady                   | anakondy: krwawe ślady                   | P:-   B:-   L:-   M:-  
2026-08-28 16:44:38 | FOUND      | TMDB       | I uderzył grom                           | i uderzył grom                           | P:yes B:yes L:yes M:yes
2026-08-28 16:45:01 | NOT_FOUND  | TMDB/ELCIN | The Pitt 2: odc.6                        | the pitt 2                               | P:-   B:-   L:-   M:-  
2026-08-28 16:45:01 | NOT_FOUND  | TMDB/ELCIN | The Pitt 2: odc.6                        | the pitt 2                               | P:-   B:-   L:-   M:-  
2026-08-28 16:45:02 | NOT_FOUND  | TMDB/ELCIN | Dalekie od polityki                      | dalekie od polityki                      | P:-   B:-   L:-   M:-  
2026-08-28 16:45:04 | NOT_FOUND  | TMDB/ELCIN | Anakondy: Krwawe ślady                   | anakondy: krwawe ślady                   | P:-   B:-   L:-   M:-  
2026-08-28 16:45:07 | NOT_FOUND  | TMDB/ELCIN | Pełniejsza chata 4: odc.13               | pełniejsza chata 4                       | P:-   B:-   L:-   M:-  
2026-08-28 16:45:07 | NOT_FOUND  | TMDB/ELCIN | Bajer z Bel-Air 2: odc.7                 | bajer z bel-air 2                        | P:-   B:-   L:-   M:-  
2026-08-28 16:45:09 | NOT_FOUND  | TMDB/ELCIN | Anica - Appuntamento al Cinema           | anica - appuntamento al cinema           | P:-   B:-   L:-   M:-  
2026-08-28 16:45:09 | NOT_FOUND  | TMDB/ELCIN | Heartland 3 - In soccorso ep.10          | heartland 3 - in soccorso                | P:-   B:-   L:-   M:-  
2026-08-28 16:45:09 | NOT_FOUND  | TMDB/ELCIN | Heartland 3 - Il lupo ep.11              | heartland 3 - il lupo                    | P:-   B:-   L:-   M:-  
2026-08-28 16:45:09 | NOT_FOUND  | TMDB/ELCIN | Doc Martin 5 - ep.5                      | doc martin 5                             | P:-   B:-   L:-   M:-  
2026-08-28 16:45:10 | NOT_FOUND  | TMDB/ELCIN | Donna Detective 2 - Festa di laurea ep.1 | donna detective 2 - festa di laurea      | P:-   B:-   L:-   M:-  
2026-08-28 16:45:12 | NOT_FOUND  | TMDB/ELCIN | Pani Mayflower                           | pani mayflower                           | P:-   B:-   L:-   M:-  
2026-08-28 16:45:12 | NOT_FOUND  | TMDB/ELCIN | Ikona 1 (odc. 1)                         | ikona 1                                  | P:-   B:-   L:-   M:-  
2026-08-28 16:45:14 | NOT_FOUND  | TMDB/ELCIN | SurrealEstate 2: odc.9                   | surrealestate 2                          | P:-   B:-   L:-   M:-  
2026-08-28 16:45:14 | FOUND      | TMDB       | Medium 4: odc.9                          | medium 4                                 | P:yes B:-   L:-   M:yes
2026-08-28 16:45:15 | NOT_FOUND  | TMDB/ELCIN | Przygody Merlina 3: odc.13               | przygody merlina 3                       | P:-   B:-   L:-   M:-  
2026-08-28 16:45:16 | FOUND      | TMDB       | Ukryta prawda: odc.1595                  | ukryta prawda                            | P:yes B:-   L:-   M:yes
2026-08-28 16:45:17 | FOUND      | TMDB       | Sport                                    | sport                                    | P:yes B:-   L:yes M:yes
2026-08-28 16:45:18 | FOUND      | TMDB       | Szpital: odc.852                         | szpital                                  | P:yes B:-   L:-   M:yes
2026-08-28 16:45:20 | NOT_FOUND  | TMDB/ELCIN | Jeśli ucieknę                            | jeśli ucieknę                            | P:-   B:-   L:-   M:-  
2026-08-28 16:45:20 | NOT_FOUND  | TMDB/ELCIN | Morderstwo w Prowansji                   | morderstwo w prowansji                   | P:-   B:-   L:-   M:-  
2026-08-28 16:45:22 | NOT_FOUND  | TMDB/ELCIN | Morderstwa w Midsomer 16: odc.5          | morderstwa w midsomer 16                 | P:-   B:-   L:-   M:-  
2026-08-28 16:45:22 | NOT_FOUND  | TMDB/ELCIN | Ojciec Brown 11: odc.4                   | ojciec brown 11                          | P:-   B:-   L:-   M:-  
2026-08-28 16:45:23 | NOT_FOUND  | TMDB/ELCIN | Śmierć pod palmami 7: odc.7              | śmierć pod palmami 7                     | P:-   B:-   L:-   M:-  
2026-08-28 16:45:26 | NOT_FOUND  | TMDB/ELCIN | Brytyjskie fabryki 8: odc.6              | brytyjskie fabryki 8                     | P:-   B:-   L:-   M:-  
2026-08-28 16:45:26 | NOT_FOUND  | TMDB/ELCIN | Top Gear 14: odc.1                       | top gear 14                              | P:-   B:-   L:-   M:-  
2026-08-28 16:45:26 | NOT_FOUND  | TMDB/ELCIN | Cuda inżynierii 5: odc.2                 | cuda inżynierii 5                        | P:-   B:-   L:-   M:-  
2026-08-28 16:45:31 | FOUND      | TMDB       | Poirot: odc.1                            | poirot                                   | P:yes B:-   L:-   M:yes
2026-08-28 16:45:31 | NOT_FOUND  | TMDB/ELCIN | Strażnik Teksasu 4: odc.7                | strażnik teksasu 4                       | P:-   B:-   L:-   M:-  
2026-08-28 16:45:33 | NOT_FOUND  | TMDB/ELCIN | Miłość x 3                               | miłość x 3                               | P:-   B:-   L:-   M:-  
2026-08-28 16:45:36 | NOT_FOUND  | TMDB/ELCIN | Drużyna modelek                          | drużyna modelek                          | P:-   B:-   L:-   M:-  
2026-08-28 16:45:38 | NOT_FOUND  | TMDB/ELCIN | Goldbergowie 6 (odc. 7)                  | goldbergowie 6                           | P:-   B:-   L:-   M:-  
2026-08-28 16:45:39 | FOUND      | TMDB       | Głupi i głupszy bardziej                 | głupi i głupszy bardziej                 | P:yes B:-   L:yes M:yes
2026-08-28 16:45:40 | NOT_FOUND  | TMDB/ELCIN | Zabójczy pacjent                         | zabójczy pacjent                         | P:-   B:-   L:-   M:-  
2026-08-28 16:45:40 | FOUND      | TMDB       | Trudny pacjent                           | trudny pacjent                           | P:yes B:-   L:-   M:yes
2026-08-28 16:45:40 | FOUND      | TMDB       | Pechowa siódemka                         | pechowa siódemka                         | P:yes B:-   L:-   M:yes
2026-08-28 16:45:43 | NOT_FOUND  | TMDB/ELCIN | Tajemniczy pan Wong                      | tajemniczy pan wong                      | P:-   B:-   L:-   M:-  
2026-08-28 16:45:43 | NOT_FOUND  | TMDB/ELCIN | Człowiek, który się oszukiwał            | człowiek, który się oszukiwał            | P:-   B:-   L:-   M:-  
2026-08-28 16:45:43 | NOT_FOUND  | TMDB/ELCIN | To tylko żart, synu!                     | to tylko żart, synu!                     | P:-   B:-   L:-   M:-  
2026-08-28 16:45:43 | NOT_FOUND  | TMDB/ELCIN | Ludzie są zabawni                        | ludzie są zabawni                        | P:-   B:-   L:-   M:-  
2026-08-28 16:45:44 | FOUND      | TMDB       | Ruchome piaski                           | ruchome piaski                           | P:yes B:-   L:-   M:yes
2026-08-28 16:45:47 | NOT_FOUND  | TMDB/ELCIN | Z archiwum X: odc.8                      | z archiwum x                             | P:-   B:-   L:-   M:-  
2026-08-28 16:45:48 | FOUND      | TMDB       | Agenci NCIS: Sydney: odc.4               | agenci ncis: sydney                      | P:yes B:-   L:yes M:yes
2026-08-28 16:45:51 | NOT_FOUND  | TMDB/ELCIN | Simpsonowie 34: odc.5                    | simpsonowie 34                           | P:-   B:-   L:-   M:-  
2026-08-28 16:45:52 | NOT_FOUND  | TMDB/ELCIN | Jak poznałem waszą matkę 7: odc.12       | jak poznałem waszą matkę 7               | P:-   B:-   L:-   M:-  
2026-08-28 16:45:55 | NOT_FOUND  | TMDB/ELCIN | Przyjaciele 6: odc.24                    | przyjaciele 6                            | P:-   B:-   L:-   M:-  
2026-08-28 16:45:55 | NOT_FOUND  | TMDB/ELCIN | Dwóch i pół 12: odc.11                   | dwóch i pół 12                           | P:-   B:-   L:-   M:-  
2026-08-28 16:45:55 | NOT_FOUND  | TMDB/ELCIN | Przyjaciele 7: odc.1                     | przyjaciele 7                            | P:-   B:-   L:-   M:-  
2026-08-28 16:45:57 | NOT_FOUND  | TMDB/ELCIN | Czarna Żmija 2: odc.3                    | czarna żmija 2                           | P:-   B:-   L:-   M:-  
2026-08-28 16:45:57 | NOT_FOUND  | TMDB/ELCIN | Młody Sheldon 3: odc.11                  | młody sheldon 3                          | P:-   B:-   L:-   M:-  
2026-08-28 16:45:57 | NOT_FOUND  | TMDB/ELCIN | Jedną nogą w grobie 3: odc.3             | jedną nogą w grobie 3                    | P:-   B:-   L:-   M:-  
2026-08-28 16:45:57 | NOT_FOUND  | TMDB/ELCIN | Co ludzie powiedzą? 4: odc.7             | co ludzie powiedzą? 4                    | P:-   B:-   L:-   M:-  
2026-08-28 16:46:01 | NOT_FOUND  | TMDB/ELCIN | FBI 4: odc.3                             | fbi 4                                    | P:-   B:-   L:-   M:-  
2026-08-28 16:46:01 | NOT_FOUND  | TMDB/ELCIN | CSI: Kryminalne zagadki Las Vegas 7: odc | csi: kryminalne zagadki las vegas 7      | P:-   B:-   L:-   M:-  
2026-08-28 16:46:01 | NOT_FOUND  | TMDB/ELCIN | CSI: Kryminalne zagadki Las Vegas 6: odc | csi: kryminalne zagadki las vegas 6      | P:-   B:-   L:-   M:-  
2026-08-28 16:46:03 | NOT_FOUND  | TMDB/ELCIN | Dowody zbrodni 5: odc.11                 | dowody zbrodni 5                         | P:-   B:-   L:-   M:-  
2026-08-28 16:46:03 | NOT_FOUND  | TMDB/ELCIN | Rekrut 2: odc.20                         | rekrut 2                                 | P:-   B:-   L:-   M:-  
2026-08-28 16:46:04 | NOT_FOUND  | TMDB/ELCIN | Nieustraszony 3: odc.6                   | nieustraszony 3                          | P:-   B:-   L:-   M:-  
2026-08-28 16:46:04 | NOT_FOUND  | TMDB/ELCIN | Zagadki z przeszłości 3: odc.19          | zagadki z przeszłości 3                  | P:-   B:-   L:-   M:-  
2026-08-28 16:46:07 | NOT_FOUND  | TMDB/ELCIN | Nowe życie w blasku słońca: odc.19       | nowe życie w blasku słońca               | P:-   B:-   L:-   M:-  
2026-08-28 16:46:07 | NOT_FOUND  | TMDB/ELCIN | Sposób na zamek 8: odc.27                | sposób na zamek 8                        | P:-   B:-   L:-   M:-  
2026-08-28 16:46:08 | NOT_FOUND  | TMDB/ELCIN | Nasz idealny dom na wsi - Australia 6: o | nasz idealny dom na wsi - australia 6    | P:-   B:-   L:-   M:-  
2026-08-28 16:46:08 | NOT_FOUND  | TMDB/ELCIN | Twarzą w twarz z mordercą 2: odc.7       | twarzą w twarz z mordercą 2              | P:-   B:-   L:-   M:-  
2026-08-28 16:46:10 | NOT_FOUND  | TMDB/ELCIN | Panna Marple: Zatrute pióro              | panna marple: zatrute pióro              | P:-   B:-   L:-   M:-  
2026-08-28 16:46:10 | NOT_FOUND  | TMDB/ELCIN | Poirot 5: odc.4                          | poirot 5                                 | P:-   B:-   L:-   M:-  
2026-08-28 16:46:10 | NOT_FOUND  | TMDB/ELCIN | Poirot 9: odc.1                          | poirot 9                                 | P:-   B:-   L:-   M:-  
2026-08-28 16:46:10 | NOT_FOUND  | TMDB/ELCIN | Agenci NCIS 16: odc.10                   | agenci ncis 16                           | P:-   B:-   L:-   M:-  
2026-08-28 16:46:10 | NOT_FOUND  | TMDB/ELCIN | Marlow: klub zbrodni 2: odc.3            | marlow: klub zbrodni 2                   | P:-   B:-   L:-   M:-  
2026-08-28 16:46:12 | NOT_FOUND  | TMDB/ELCIN | Świat według Bundych 4: odc.58           | świat według bundych 4                   | P:-   B:-   L:-   M:-  
2026-08-28 16:46:13 | NOT_FOUND  | TMDB/ELCIN | Panna Marple: Zatrute pióro              | panna marple: zatrute pióro              | P:-   B:-   L:-   M:-  
2026-08-28 16:46:13 | NOT_FOUND  | TMDB/ELCIN | Panna Marple: Zatrute pióro              | panna marple: zatrute pióro              | P:-   B:-   L:-   M:-  
2026-08-28 16:46:13 | NOT_FOUND  | TMDB/ELCIN | Poirot 9: odc.1                          | poirot 9                                 | P:-   B:-   L:-   M:-  
2026-08-28 16:46:13 | NOT_FOUND  | TMDB/ELCIN | Agenci NCIS 16: odc.10                   | agenci ncis 16                           | P:-   B:-   L:-   M:-  
2026-08-28 16:46:13 | NOT_FOUND  | TMDB/ELCIN | Poirot 5: odc.4                          | poirot 5                                 | P:-   B:-   L:-   M:-  
2026-08-28 16:46:13 | NOT_FOUND  | TMDB/ELCIN | Marlow: klub zbrodni 2: odc.3            | marlow: klub zbrodni 2                   | P:-   B:-   L:-   M:-  
2026-08-28 16:46:13 | NOT_FOUND  | TMDB/ELCIN | Panna Marple: Zatrute pióro              | panna marple: zatrute pióro              | P:-   B:-   L:-   M:-  
2026-08-28 16:46:21 | FOUND      | TMDB       | I nuovi mostri                           | i nuovi mostri                           | P:yes B:-   L:yes M:yes
2026-08-28 16:46:25 | FOUND      | TMDB       | THE BIG BANG THEORY                      | the big bang theory                      | P:yes B:-   L:yes M:yes
2026-08-28 16:46:25 | FOUND      | TMDB       | Voyagers                                 | voyagers                                 | P:yes B:-   L:yes M:yes
2026-08-28 16:46:25 | FOUND      | TMDB       | I Cesaroni                               | i cesaroni                               | P:yes B:-   L:-   M:yes
2026-08-28 16:46:25 | FOUND      | TMDB       | Tilt - Tieni il tempo                    | tilt - tieni il tempo                    | P:yes B:-   L:-   M:yes
2026-08-28 16:46:30 | FOUND      | TMDB       | I Cesaroni                               | i cesaroni                               | P:yes B:-   L:-   M:yes
2026-08-28 16:46:32 | FOUND      | TMDB       | I Cesaroni                               | i cesaroni                               | P:yes B:-   L:-   M:yes
2026-08-28 16:46:35 | FOUND      | TMDB       | I Cesaroni                               | i cesaroni                               | P:yes B:-   L:-   M:yes
2026-08-28 16:46:40 | FOUND      | TMDB       | I Cesaroni                               | i cesaroni                               | P:yes B:-   L:-   M:yes
2026-08-28 16:46:48 | FOUND      | TMDB       | Cucine da incubo                         | cucine da incubo                         | P:yes B:-   L:-   M:yes
2026-08-28 16:46:48 | FOUND      | TMDB       | MasterChef Italia                        | masterchef italia                        | P:yes B:-   L:-   M:yes
2026-08-28 16:46:50 | FOUND      | TMDB       | MasterChef Italia                        | masterchef italia                        | P:yes B:-   L:-   M:yes
2026-08-28 16:46:57 | FOUND      | TMDB       | I Cesaroni                               | i cesaroni                               | P:yes B:-   L:-   M:yes
2026-08-28 16:46:57 | FOUND      | TMDB       | I Cesaroni                               | i cesaroni                               | P:yes B:-   L:-   M:yes
2026-08-28 16:47:03 | FOUND      | TMDB       | MasterChef Italia                        | masterchef italia                        | P:yes B:-   L:-   M:yes
2026-08-28 16:47:06 | FOUND      | TMDB       | Verso l'Eden                             | verso l'eden                             | P:yes B:-   L:-   M:yes
2026-08-28 16:47:06 | FOUND      | TMDB       | Club Life                                | club life                                | P:yes B:-   L:-   M:yes
2026-08-28 16:47:06 | FOUND      | TMDB       | Elizabeth                                | elizabeth                                | P:yes B:-   L:yes M:yes
2026-08-28 16:47:10 | FOUND      | TMDB       | Potop: odc.2                             | potop                                    | P:yes B:-   L:-   M:yes
2026-08-28 16:47:13 | NOT_FOUND  | TMDB/ELCIN | Za głosem serca: odc.12                  | za głosem serca                          | P:-   B:-   L:-   M:-  
2026-08-28 16:47:13 | NOT_FOUND  | TMDB/ELCIN | Idź na całość 2: odc.7                   | idź na całość 2                          | P:-   B:-   L:-   M:-  
2026-08-28 16:47:13 | NOT_FOUND  | TMDB/ELCIN | Magda M. 2: odc.13                       | magda m. 2                               | P:-   B:-   L:-   M:-  
2026-08-28 16:47:13 | NOT_FOUND  | TMDB/ELCIN | Złomowisko PL 3: odc.4                   | złomowisko pl 3                          | P:-   B:-   L:-   M:-  
2026-08-28 16:47:13 | NOT_FOUND  | TMDB/ELCIN | Kartoteka 6: odc.6                       | kartoteka 6                              | P:-   B:-   L:-   M:-  
2026-08-28 16:47:16 | NOT_FOUND  | TMDB/ELCIN | Zajazd. Będzie się działo: odc.30        | zajazd. będzie się działo                | P:-   B:-   L:-   M:-  
2026-08-28 16:47:16 | NOT_FOUND  | TMDB/ELCIN | Katastrofy w przestworzach: odc.3        | katastrofy w przestworzach               | P:-   B:-   L:-   M:-  
2026-08-28 16:47:18 | NOT_FOUND  | TMDB/ELCIN | Inga Lindström: Róże na piasku           | inga lindström: róże na piasku           | P:-   B:-   L:-   M:-  
2026-08-28 16:47:18 | NOT_FOUND  | TMDB/ELCIN | Bachmannowie. Jak zawsze za późno?       | bachmannowie. jak zawsze za późno?       | P:-   B:-   L:-   M:-  
2026-08-28 16:47:18 | NOT_FOUND  | TMDB/ELCIN | Rejs ku szczęściu - Podróż poślubna do Z | rejs ku szczęściu - podróż poślubna do z | P:-   B:-   L:-   M:-  
2026-08-28 16:47:18 | NOT_FOUND  | TMDB/ELCIN | Dzikie fale - nic się nie ukryje: odc.4  | dzikie fale - nic się nie ukryje         | P:-   B:-   L:-   M:-  
2026-08-28 16:47:26 | NOT_FOUND  | TMDB/ELCIN | Róże i grzechy 1 (odc. 52)               | róże i grzechy 1                         | P:-   B:-   L:-   M:-  
2026-08-28 16:47:26 | NOT_FOUND  | TMDB/ELCIN | Otchłań namiętności 1 (odc. 153)         | otchłań namiętności 1                    | P:-   B:-   L:-   M:-  
2026-08-28 16:47:26 | NOT_FOUND  | TMDB/ELCIN | Świat według Bundych 4: odc.58           | świat według bundych 4                   | P:-   B:-   L:-   M:-  
2026-08-28 16:47:26 | NOT_FOUND  | TMDB/ELCIN | Świat według Bundych 4: odc.58           | świat według bundych 4                   | P:-   B:-   L:-   M:-  
2026-08-28 16:47:26 | NOT_FOUND  | TMDB/ELCIN | Świat według Bundych 4: odc.59           | świat według bundych 4                   | P:-   B:-   L:-   M:-  
2026-08-28 16:47:26 | NOT_FOUND  | TMDB/ELCIN | Świat według Bundych 4: odc.61           | świat według bundych 4                   | P:-   B:-   L:-   M:-  
2026-08-28 16:47:26 | NOT_FOUND  | TMDB/ELCIN | Świat według Bundych 4: odc.58           | świat według bundych 4                   | P:-   B:-   L:-   M:-  
2026-08-28 16:47:28 | NOT_FOUND  | TMDB/ELCIN | Serce do naprawy                         | serce do naprawy                         | P:-   B:-   L:-   M:-  
2026-08-28 16:47:28 | NOT_FOUND  | TMDB/ELCIN | Pokochaj lub sprzedaj Vancouver 4: odc.1 | pokochaj lub sprzedaj vancouver 4        | P:-   B:-   L:-   M:-  
2026-08-28 16:47:28 | NOT_FOUND  | TMDB/ELCIN | Pokochaj lub sprzedaj Quebec 3: odc.9    | pokochaj lub sprzedaj quebec 3           | P:-   B:-   L:-   M:-  
2026-08-28 16:47:28 | NOT_FOUND  | TMDB/ELCIN | Strażacy z sąsiedztwa 2: odc.6           | strażacy z sąsiedztwa 2                  | P:-   B:-   L:-   M:-  
2026-08-28 16:47:29 | NOT_FOUND  | TMDB/ELCIN | FBI 4: odc.20                            | fbi 4                                    | P:-   B:-   L:-   M:-  
2026-08-28 16:47:29 | FOUND      | TMDB       | Wojciech Cejrowski - boso przez świat: S | wojciech cejrowski - boso przez świat: s | P:yes B:-   L:-   M:yes
2026-08-28 16:47:30 | FOUND      | TMDB       | Wojciech Cejrowski - boso przez świat: A | wojciech cejrowski - boso przez świat: a | P:yes B:-   L:-   M:yes
2026-08-28 16:47:30 | FOUND      | TMDB       | Wojciech Cejrowski - boso przez świat: R | wojciech cejrowski - boso przez świat: r | P:yes B:-   L:-   M:yes
2026-08-28 16:47:30 | FOUND      | TMDB       | Wojciech Cejrowski - boso przez świat: P | wojciech cejrowski - boso przez świat: p | P:yes B:-   L:-   M:yes
2026-08-28 16:47:31 | FOUND      | TMDB       | Opancerzony                              | opancerzony                              | P:yes B:-   L:yes M:yes
2026-08-28 16:47:31 | FOUND      | TMDB       | Dziedzictwo Bourne'a                     | dziedzictwo bourne'a                     | P:yes B:-   L:yes M:yes
2026-08-28 16:47:31 | FOUND      | TMDB       | Aniołki Charliego: Zawrotna szybkość     | aniołki charliego: zawrotna szybkość     | P:yes B:-   L:yes M:yes
2026-08-28 16:47:32 | FOUND      | TMDB       | Ostatni Mohikanin                        | ostatni mohikanin                        | P:yes B:-   L:yes M:yes
2026-08-28 16:47:32 | FOUND      | TMDB       | Miłość na nowo                           | miłość na nowo                           | P:yes B:-   L:yes M:yes
2026-08-28 16:47:33 | FOUND      | TMDB       | Rodzina zastępcza: odc.310               | rodzina zastępcza                        | P:yes B:-   L:-   M:yes
2026-08-28 16:47:39 | FOUND      | TMDB       | Rodzina zastępcza: odc.310               | rodzina zastępcza                        | P:yes B:-   L:-   M:yes
2026-08-28 16:47:39 | FOUND      | TMDB       | Rodzina zastępcza: odc.310               | rodzina zastępcza                        | P:yes B:-   L:-   M:yes
2026-08-28 16:47:44 | NOT_FOUND  | TMDB/ELCIN | Ranczo 1 (odc. 9)                        | ranczo 1                                 | P:-   B:-   L:-   M:-  
2026-08-28 16:47:44 | NOT_FOUND  | TMDB/ELCIN | Komisarz Alex 25 (odc. 12)               | komisarz alex 25                         | P:-   B:-   L:-   M:-  
2026-08-28 16:47:44 | NOT_FOUND  | TMDB/ELCIN | The Pitt 2: odc.6                        | the pitt 2                               | P:-   B:-   L:-   M:-  
2026-08-28 16:47:44 | NOT_FOUND  | TMDB/ELCIN | The Pitt 2: odc.6                        | the pitt 2                               | P:-   B:-   L:-   M:-  
2026-08-28 16:47:44 | NOT_FOUND  | TMDB/ELCIN | The Pitt 2: odc.6                        | the pitt 2                               | P:-   B:-   L:-   M:-  
2026-08-28 16:47:44 | FOUND      | TMDB       | Czterej pancerni i pies 2 (odc. 4)       | czterej pancerni i pies 2                | P:yes B:-   L:-   M:yes
2026-08-28 16:47:46 | NOT_FOUND  | TMDB/ELCIN | Dalekie od polityki                      | dalekie od polityki                      | P:-   B:-   L:-   M:-  
2026-08-28 16:47:48 | FOUND      | TMDB       | Nim nadejdzie czwartek                   | nim nadejdzie czwartek                   | P:yes B:-   L:-   M:yes
2026-08-28 16:47:48 | NOT_FOUND  | TMDB/ELCIN | Avenue 5 2: odc.8                        | avenue 5 2                               | P:-   B:-   L:-   M:-  
2026-08-28 16:47:48 | NOT_FOUND  | TMDB/ELCIN | Stamtąd 3: odc.7                         | stamtąd 3                                | P:-   B:-   L:-   M:-  
2026-08-28 16:47:48 | FOUND      | TMDB       | Nim nadejdzie czwartek                   | nim nadejdzie czwartek                   | P:yes B:-   L:-   M:yes
2026-08-28 16:47:54 | FOUND      | TMDB       | TRA LE NUVOLE                            | tra le nuvole                            | P:yes B:-   L:-   M:yes
2026-08-28 16:47:55 | FOUND      | TMDB       | Il MATRIMONIO CHE VORREI                 | il matrimonio che vorrei                 | P:yes B:-   L:yes M:yes
2026-08-28 16:47:56 | NOT_FOUND  | TMDB/ELCIN | Raport Turbo                             | raport turbo                             | P:-   B:-   L:-   M:-  
2026-08-28 16:47:56 | FOUND      | TMDB       | Wojny samochodowe: odc.11                | wojny samochodowe                        | P:yes B:-   L:-   M:yes
2026-08-28 16:47:56 | FOUND      | TMDB       | Z drugiej ręki: odc.8                    | z drugiej ręki                           | P:yes B:-   L:-   M:yes
2026-08-28 16:47:56 | FOUND      | TMDB       | Zawodowi handlarze: odc.10               | zawodowi handlarze                       | P:yes B:-   L:-   M:yes
2026-08-28 16:47:56 | NOT_FOUND  | TMDB/ELCIN | Ekstremalne opady: niszczycielski żywioł | ekstremalne opady: niszczycielski żywioł | P:-   B:-   L:-   M:-  
2026-08-28 16:47:57 | FOUND      | TMDB       | Battleship: Bitwa o Ziemię               | battleship: bitwa o ziemię               | P:yes B:-   L:yes M:yes
2026-08-28 16:47:57 | FOUND      | TMDB       | Brat                                     | brat                                     | P:yes B:-   L:-   M:yes
2026-08-28 16:47:57 | FOUND      | TMDB       | Niania w Nowym Jorku                     | niania w nowym jorku                     | P:yes B:-   L:yes M:yes
2026-08-28 16:48:02 | NOT_FOUND  | TMDB/ELCIN | Wydarzenia 24: odc.828                   | wydarzenia 24                            | P:-   B:-   L:-   M:-  
2026-08-28 16:48:02 | FOUND      | TMDB       | Milionerzy: odc.18                       | milionerzy                               | P:yes B:-   L:-   M:yes
2026-08-28 16:48:02 | NOT_FOUND  | TMDB/ELCIN | Siatkówka kobiet: Turcja - Polska        | siatkówka kobiet: turcja - polska        | P:-   B:-   L:-   M:-  
2026-08-28 16:48:07 | FOUND      | TMDB       | Ninja Warrior Polska: odc.16             | ninja warrior polska                     | P:yes B:-   L:-   M:yes
2026-08-28 16:48:07 | FOUND      | TMDB       | Hell's Kitchen - Piekielna Kuchnia: odc. | hell's kitchen - piekielna kuchnia       | P:yes B:-   L:-   M:yes
2026-08-28 16:48:07 | FOUND      | TMDB       | Rolniczki: odc.20                        | rolniczki                                | P:yes B:-   L:yes M:yes
2026-08-28 16:48:09 | NOT_FOUND  | TMDB/ELCIN | Pociągi, które zmieniły świat: odc.2     | pociągi, które zmieniły świat            | P:-   B:-   L:-   M:-  
2026-08-28 16:48:09 | NOT_FOUND  | TMDB/ELCIN | Pingwiny z Madagaskaru 3: odc.6          | pingwiny z madagaskaru 3                 | P:-   B:-   L:-   M:-  
2026-08-28 16:48:11 | FOUND      | TMDB       | Bogaty dom - biedny dom: odc.119         | bogaty dom - biedny dom                  | P:yes B:-   L:-   M:yes
2026-08-28 16:48:11 | FOUND      | TMDB       | Nasz nowy dom: odc.322                   | nasz nowy dom                            | P:yes B:-   L:-   M:yes
2026-08-28 16:48:11 | FOUND      | TMDB       | Kolacja w ciemno: odc.66                 | kolacja w ciemno                         | P:yes B:-   L:-   M:yes
2026-08-28 16:48:12 | FOUND      | TMDB       | Polacy za granicą: odc.112               | polacy za granicą                        | P:yes B:-   L:-   M:yes
2026-08-28 16:48:12 | FOUND      | TMDB       | Poszukiwacze historii: odc.250           | poszukiwacze historii                    | P:yes B:-   L:-   M:yes
2026-08-28 16:48:13 | FOUND      | TMDB       | Złomiarze: odc.11                        | złomiarze                                | P:yes B:-   L:-   M:yes
2026-08-28 16:48:15 | FOUND      | TMDB       | Trudne sprawy: odc.864                   | trudne sprawy                            | P:yes B:-   L:-   M:yes
2026-08-28 16:48:15 | FOUND      | TMDB       | Łowcy skarbów. Kto da więcej?: odc.552   | łowcy skarbów. kto da więcej?            | P:yes B:-   L:-   M:yes
2026-08-28 16:48:17 | FOUND      | TMDB       | Uroczysko: odc.116                       | uroczysko                                | P:yes B:-   L:-   M:yes
2026-08-28 16:48:19 | NOT_FOUND  | TMDB/ELCIN | Lombard. Życie pod zastaw 12: odc.613    | lombard. życie pod zastaw 12             | P:-   B:-   L:-   M:-  
2026-08-28 16:48:19 | NOT_FOUND  | TMDB/ELCIN | Kurierzy 2: odc.69                       | kurierzy 2                               | P:-   B:-   L:-   M:-  
2026-08-28 16:48:19 | NOT_FOUND  | TMDB/ELCIN | Lombard. Życie pod zastaw 18: odc.1008   | lombard. życie pod zastaw 18             | P:-   B:-   L:-   M:-  
2026-08-28 16:48:21 | NOT_FOUND  | TMDB/ELCIN | Fineasz i Ferb 2: odc.33                 | fineasz i ferb 2                         | P:-   B:-   L:-   M:-  
2026-08-28 16:48:21 | NOT_FOUND  | TMDB/ELCIN | Miraculous: Biedronka i Czarny Kot 3: od | miraculous: biedronka i czarny kot 3     | P:-   B:-   L:-   M:-  
2026-08-28 16:48:21 | FOUND      | TMDB       | Smerfy: odc.42                           | smerfy                                   | P:yes B:-   L:yes M:yes
2026-08-28 16:48:25 | NOT_FOUND  | TMDB/ELCIN | Okrasa łamie przepisy: Gotowanie "na dzi | okrasa łamie przepisy: gotowanie "na dzi | P:-   B:-   L:-   M:-  
2026-08-28 16:48:25 | FOUND      | TMDB       | Postaw na milion                         | postaw na milion                         | P:yes B:-   L:-   M:yes
2026-08-28 16:48:25 | NOT_FOUND  | TMDB/ELCIN | Ranczo 7 (odc. 3)                        | ranczo 7                                 | P:-   B:-   L:-   M:-  
2026-08-28 16:48:25 | NOT_FOUND  | TMDB/ELCIN | Przepis dnia 7 (odc. 58)                 | przepis dnia 7                           | P:-   B:-   L:-   M:-  
2026-08-28 16:48:25 | FOUND      | TMDB       | Jaka to melodia?                         | jaka to melodia?                         | P:yes B:-   L:-   M:yes
2026-08-28 16:48:25 | FOUND      | TMDB       | Teleexpress                              | teleexpress                              | P:yes B:-   L:-   M:yes
2026-08-28 16:48:25 | FOUND      | TMDB       | Dziedzictwo: odc.1015                    | dziedzictwo                              | P:yes B:-   L:-   M:yes
2026-08-28 16:48:26 | FOUND      | TMDB       | Gra słów. Krzyżówka: odc.1094            | gra słów. krzyżówka                      | P:yes B:-   L:yes M:yes
2026-08-28 16:48:28 | FOUND      | TMDB       | Familiada                                | familiada                                | P:yes B:-   L:-   M:yes
2026-08-28 16:48:28 | FOUND      | TMDB       | Koło fortuny: odc.1941                   | koło fortuny                             | P:yes B:-   L:-   M:yes
2026-08-28 16:48:28 | FOUND      | TMDB       | Panna młoda: odc.183                     | panna młoda                              | P:yes B:-   L:-   M:yes
2026-08-28 16:48:28 | FOUND      | TMDB       | Va banque: odc.1052                      | va banque                                | P:yes B:-   L:-   M:yes
2026-08-28 16:48:28 | FOUND      | TMDB       | La Promesa - pałac tajemnic: odc.465     | la promesa - pałac tajemnic              | P:yes B:-   L:yes M:yes
2026-08-28 16:48:31 | NOT_FOUND  | TMDB/ELCIN | Bohaterki: Lidia Popiel                  | bohaterki: lidia popiel                  | P:-   B:-   L:-   M:-  
2026-08-28 16:48:31 | NOT_FOUND  | TMDB/ELCIN | Dobrego dnia                             | dobrego dnia                             | P:-   B:-   L:-   M:-  
2026-08-28 16:48:31 | NOT_FOUND  | TMDB/ELCIN | Kurier Warszawy i Mazowsza               | kurier warszawy i mazowsza               | P:-   B:-   L:-   M:-  
2026-08-28 16:48:31 | NOT_FOUND  | TMDB/ELCIN | Zawsze na temat                          | zawsze na temat                          | P:-   B:-   L:-   M:-  
2026-08-28 16:48:33 | FOUND      | TMDB       | Ukryta prawda: odc.1595                  | ukryta prawda                            | P:yes B:-   L:-   M:yes
2026-08-28 16:48:34 | FOUND      | TMDB       | Ukryta prawda: odc.1595                  | ukryta prawda                            | P:yes B:-   L:-   M:yes
2026-08-28 16:48:35 | FOUND      | TMDB       | Szpital: odc.852                         | szpital                                  | P:yes B:-   L:-   M:yes
2026-08-28 16:48:35 | FOUND      | TMDB       | Szpital: odc.852                         | szpital                                  | P:yes B:-   L:-   M:yes
2026-08-28 16:48:37 | FOUND      | TMDB       | Detektywi: odc.604                       | detektywi                                | P:yes B:-   L:-   M:yes
2026-08-28 16:48:37 | FOUND      | TMDB       | Na Wspólnej: odc.59                      | na wspólnej                              | P:yes B:-   L:-   M:yes
2026-08-28 16:48:37 | NOT_FOUND  | TMDB/ELCIN | Po pierwsze kino 3: odc.1                | po pierwsze kino 3                       | P:-   B:-   L:-   M:-  
2026-08-28 16:48:37 | NOT_FOUND  | TMDB/ELCIN | Seriaale: rozmowy: Borys Szyc: odc.2     | seriaale: rozmowy: borys szyc            | P:-   B:-   L:-   M:-  
2026-08-28 16:48:41 | FOUND      | TMDB       | Kuchenne rewolucje: odc.12               | kuchenne rewolucje                       | P:yes B:-   L:-   M:yes
2026-08-28 16:48:41 | NOT_FOUND  | TMDB/ELCIN | Zgłoś remont 11: odc.4                   | zgłoś remont 11                          | P:-   B:-   L:-   M:-  
2026-08-28 16:48:41 | NOT_FOUND  | TMDB/ELCIN | Pary młode ponad miarę 2: odc.6          | pary młode ponad miarę 2                 | P:-   B:-   L:-   M:-  
2026-08-28 16:48:42 | NOT_FOUND  | TMDB/ELCIN | Kuchenne rewolucje: Jelenia Góra: odc.10 | kuchenne rewolucje: jelenia góra         | P:-   B:-   L:-   M:-  
2026-08-28 16:48:43 | FOUND      | TMDB       | Zawodowi handlarze: odc.10               | zawodowi handlarze                       | P:yes B:-   L:-   M:yes
2026-08-28 16:48:43 | NOT_FOUND  | TMDB/ELCIN | Raport Turbo                             | raport turbo                             | P:-   B:-   L:-   M:-  
2026-08-28 16:48:43 | FOUND      | TMDB       | Zawodowi handlarze: odc.10               | zawodowi handlarze                       | P:yes B:-   L:-   M:yes
2026-08-28 16:48:46 | FOUND      | TMDB       | SRF DOK                                  | srf dok                                  | P:yes B:-   L:-   M:yes
2026-08-28 16:48:46 | NOT_FOUND  | TMDB/ELCIN | Guetnachtgschichtli                      | guetnachtgschichtli                      | P:-   B:-   L:-   M:-  
2026-08-28 16:48:46 | NOT_FOUND  | TMDB/ELCIN | Telesguard                               | telesguard                               | P:-   B:-   L:-   M:-  
2026-08-28 16:48:46 | NOT_FOUND  | TMDB/ELCIN | Tagesschau kompakt                       | tagesschau kompakt                       | P:-   B:-   L:-   M:-  
2026-08-28 16:48:47 | FOUND      | TMDB       | Das Lächeln der Sterne                   | das lächeln der sterne                   | P:yes B:-   L:yes M:yes
2026-08-28 16:48:48 | NOT_FOUND  | TMDB/ELCIN | Impact Inside                            | impact inside                            | P:-   B:-   L:-   M:-  
2026-08-28 16:48:48 | NOT_FOUND  | TMDB/ELCIN | Überschuldung: Wie komme ich aus der Fal | überschuldung: wie komme ich aus der fal | P:-   B:-   L:-   M:-  
2026-08-28 16:48:48 | NOT_FOUND  | TMDB/ELCIN | SRF Kids News                            | srf kids news                            | P:-   B:-   L:-   M:-  
2026-08-28 16:48:49 | NOT_FOUND  | TMDB/ELCIN | Rudern - Weltmeisterschaften Frauen/Männ | rudern - weltmeisterschaften frauen männ | P:-   B:-   L:-   M:-  
2026-08-28 16:48:53 | FOUND      | TMDB       | Ici tout commence                        | ici tout commence                        | P:yes B:-   L:-   M:yes
2026-08-28 16:48:54 | FOUND      | TMDB       | Magnum (2018)                            | magnum (2018)                            | P:yes B:-   L:-   M:yes
2026-08-28 16:48:55 | FOUND      | TMDB       | C'est ma question                        | c'est ma question                        | P:yes B:-   L:yes M:yes
2026-08-28 16:48:59 | NOT_FOUND  | TMDB/ELCIN | Caravane FM                              | caravane fm                              | P:-   B:-   L:-   M:-  
2026-08-28 16:48:59 | NOT_FOUND  | TMDB/ELCIN | Objectif Monde L'hebdo                   | objectif monde l'hebdo                   | P:-   B:-   L:-   M:-  
2026-08-28 16:48:59 | NOT_FOUND  | TMDB/ELCIN | Suisse en scène                          | suisse en scène                          | P:-   B:-   L:-   M:-  
2026-08-28 16:48:59 | NOT_FOUND  | TMDB/ELCIN | 19h30 - Signé                            | 19h30 - signé                            | P:-   B:-   L:-   M:-  
2026-08-28 16:48:59 | NOT_FOUND  | TMDB/ELCIN | Judo Grand Slam Lausanne 2026            | judo grand slam lausanne 2026            | P:-   B:-   L:-   M:-  
2026-08-28 16:49:01 | NOT_FOUND  | TMDB/ELCIN | Telegiornale flash                       | telegiornale flash                       | P:-   B:-   L:-   M:-  
2026-08-28 16:49:01 | NOT_FOUND  | TMDB/ELCIN | I casi della giovane Miss Fisher - Capod | i casi della giovane miss fisher - capod | P:-   B:-   L:-   M:-  
2026-08-28 16:49:01 | FOUND      | TMDB       | Omicidi a Mystery Island                 | omicidi a mystery island                 | P:yes B:-   L:yes M:yes
2026-08-28 16:49:01 | FOUND      | TMDB       | Creature grandi e piccole - Un Veterinar | creature grandi e piccole - un veterinar | P:yes B:-   L:yes M:yes
2026-08-28 16:49:03 | NOT_FOUND  | TMDB/ELCIN | Donne che hanno cambiato il mondo - Cleo | donne che hanno cambiato il mondo - cleo | P:-   B:-   L:-   M:-  
2026-08-28 16:49:03 | NOT_FOUND  | TMDB/ELCIN | Donne che hanno cambiato il mondo - Mari | donne che hanno cambiato il mondo - mari | P:-   B:-   L:-   M:-  
2026-08-28 16:49:03 | NOT_FOUND  | TMDB/ELCIN | Guardia Costiera - Mayday                | guardia costiera - mayday                | P:-   B:-   L:-   M:-  
2026-08-28 16:49:04 | NOT_FOUND  | TMDB/ELCIN | Canottaggio: Mondiali Amsterdam 2026 - F | canottaggio: mondiali amsterdam 2026 - f | P:-   B:-   L:-   M:-  
2026-08-28 16:49:04 | FOUND      | TMDB       | Walker, Texas Ranger - Finché morte non  | walker, texas ranger - finché morte non  | P:yes B:-   L:yes M:yes
2026-08-28 16:49:06 | NOT_FOUND  | TMDB/ELCIN | Un monde à part express                  | un monde à part express                  | P:-   B:-   L:-   M:-  
2026-08-28 16:49:06 | FOUND      | TMDB       | Animaux à adopter                        | animaux à adopter                        | P:yes B:-   L:-   M:yes
2026-08-28 16:49:06 | FOUND      | TMDB       | Candice Renoir                           | candice renoir                           | P:yes B:-   L:yes M:yes
2026-08-28 16:49:09 | FOUND      | TMDB       | Les Chapardeurs                          | les chapardeurs                          | P:yes B:-   L:-   M:yes
2026-08-28 16:49:09 | FOUND      | TMDB       | Dora                                     | dora                                     | P:yes B:-   L:yes M:yes
2026-08-28 16:49:09 | FOUND      | TMDB       | Pat' Patrouille                          | pat' patrouille                          | P:yes B:-   L:-   M:yes
2026-08-28 16:49:11 | FOUND      | TMDB       | N'oubliez pas les paroles                | n'oubliez pas les paroles                | P:yes B:-   L:-   M:yes
2026-08-28 16:49:11 | FOUND      | TMDB       | Clem                                     | clem                                     | P:yes B:-   L:-   M:yes
2026-08-28 16:49:12 | FOUND      | TMDB       | Cyclisme : Tour d'Espagne                | cyclisme : tour d'espagne                | P:yes B:-   L:-   M:yes
2026-08-28 16:49:14 | FOUND      | TMDB       | Un automne à Mountain View               | un automne à mountain view               | P:yes B:-   L:-   M:yes
2026-08-28 16:49:14 | FOUND      | TMDB       | Ma recette est la meilleure de France    | ma recette est la meilleure de france    | P:yes B:-   L:-   M:yes
2026-08-28 16:49:14 | FOUND      | TMDB       | La roue de la fortune                    | la roue de la fortune                    | P:yes B:-   L:-   M:yes
2026-08-28 16:49:14 | FOUND      | TMDB       | Septante et un                           | septante et un                           | P:yes B:-   L:-   M:yes
2026-08-28 16:49:16 | NOT_FOUND  | TMDB/ELCIN | Hockey sur gazon : Coupe du monde mascul | hockey sur gazon : coupe du monde mascul | P:-   B:-   L:-   M:-  
2026-08-28 16:49:16 | FOUND      | TMDB       | Les experts : Miami                      | les experts : miami                      | P:yes B:-   L:yes M:yes
2026-08-28 16:49:16 | FOUND      | TMDB       | Les experts                              | les experts                              | P:yes B:-   L:yes M:yes
2026-08-28 16:49:16 | NOT_FOUND  | TMDB/ELCIN | Hockey sur gazon : Coupe du monde 2026   | hockey sur gazon : coupe du monde 2026   | P:-   B:-   L:-   M:-  
2026-08-28 16:49:22 | NOT_FOUND  | TMDB/ELCIN | Hockey sur gazon : Coupe du monde mascul | hockey sur gazon : coupe du monde mascul | P:-   B:-   L:-   M:-  
2026-08-28 16:49:22 | NOT_FOUND  | TMDB/ELCIN | Le phare du secret                       | le phare du secret                       | P:-   B:-   L:-   M:-  
2026-08-28 16:49:22 | NOT_FOUND  | TMDB/ELCIN | Qu'est-il arrivé à ma soeur ?            | qu'est-il arrivé à ma soeur ?            | P:-   B:-   L:-   M:-  
2026-08-28 16:49:22 | FOUND      | TMDB       | Un dîner presque parfait                 | un dîner presque parfait                 | P:yes B:-   L:-   M:yes
2026-08-28 16:49:22 | FOUND      | TMDB       | Ghost                                    | ghost                                    | P:yes B:-   L:yes M:yes
2026-08-28 16:49:25 | NOT_FOUND  | TMDB/ELCIN | Quarto grado                             | quarto grado                             | P:-   B:-   L:-   M:-  
2026-08-28 16:49:25 | NOT_FOUND  | TMDB/ELCIN | Diario del giorno                        | diario del giorno                        | P:-   B:-   L:-   M:-  
2026-08-28 16:49:25 | NOT_FOUND  | TMDB/ELCIN | 4 di sera news                           | 4 di sera news                           | P:-   B:-   L:-   M:-  
2026-08-28 16:49:28 | NOT_FOUND  | TMDB/ELCIN | Tutto per la mia famiglia - PrimaTv      | tutto per la mia famiglia - primatv      | P:-   B:-   L:-   M:-  
2026-08-28 16:49:28 | FOUND      | TMDB       | Far Away - PrimaTv                       | far away - primatv                       | P:yes B:-   L:yes M:yes
2026-08-28 16:49:34 | FOUND      | TMDB       | Terra Amara                              | terra amara                              | P:yes B:-   L:-   M:yes
2026-08-28 16:49:34 | NOT_FOUND  | TMDB/ELCIN | IL RITROVAMENTO DEL CRISPI               | il ritrovamento del crispi               | P:-   B:-   L:-   M:-  
2026-08-28 16:49:35 | FOUND      | TMDB       | Funny Money - Come fare i soldi senza la | funny money - come fare i soldi senza la | P:yes B:-   L:yes M:yes
2026-08-28 16:49:35 | FOUND      | TMDB       | EDEN - Un pianeta da salvare ST.5        | eden - un pianeta da salvare st.5        | P:yes B:-   L:yes M:yes
2026-08-28 16:49:43 | NOT_FOUND  | TMDB/ELCIN | Principessa cercasi                      | principessa cercasi                      | P:-   B:-   L:-   M:-  
2026-08-28 16:49:45 | FOUND      | TMDB       | Amore alle Maldive                       | amore alle maldive                       | P:yes B:-   L:yes M:yes
2026-08-28 16:49:46 | NOT_FOUND  | TMDB/ELCIN | Vita in Diretta                          | vita in diretta                          | P:-   B:-   L:-   M:-  
2026-08-28 16:49:47 | FOUND      | TMDB       | TG 1                                     | tg 1                                     | P:-   B:-   L:-   M:yes
2026-08-28 16:49:47 | NOT_FOUND  | TMDB/ELCIN | Previsioni sulla viabilità CCISS Viaggia | previsioni sulla viabilità cciss viaggia | P:-   B:-   L:-   M:-  
2026-08-28 16:49:47 | FOUND      | TMDB       | Un'altra vita                            | un'altra vita                            | P:yes B:-   L:-   M:yes
2026-08-28 16:49:47 | FOUND      | TMDB       | Reazione a catena                        | reazione a catena                        | P:yes B:-   L:-   M:yes
2026-08-28 16:49:49 | NOT_FOUND  | TMDB/ELCIN | TG2 L.I.S.                               | tg2 l.i.s                                | P:-   B:-   L:-   M:-  
2026-08-28 16:49:49 | FOUND      | TMDB       | Uno contro l'altro                       | uno contro l'altro                       | P:yes B:-   L:-   M:yes
2026-08-28 16:49:49 | FOUND      | TMDB       | Genitori e figli                         | genitori e figli                         | P:yes B:-   L:-   M:yes
2026-08-28 16:49:49 | FOUND      | TMDB       | TG2                                      | tg2                                      | P:yes B:-   L:-   M:yes
2026-08-28 16:49:50 | FOUND      | TMDB       | S.W.A.T. - Via di fuga                   | s.w.a.t. - via di fuga                   | P:yes B:-   L:yes M:yes
2026-08-28 16:49:53 | NOT_FOUND  | TMDB/ELCIN | Di là dal fiume e tra gli alberi Le età  | di là dal fiume e tra gli alberi le età  | P:-   B:-   L:-   M:-  
2026-08-28 16:49:53 | NOT_FOUND  | TMDB/ELCIN | Il mondo con gli occhi di Overland 23 Ir | il mondo con gli occhi di overland 23 ir | P:-   B:-   L:-   M:-  
2026-08-28 16:49:53 | NOT_FOUND  | TMDB/ELCIN | Geo Magazine                             | geo magazine                             | P:-   B:-   L:-   M:-  
2026-08-28 16:49:53 | NOT_FOUND  | TMDB/ELCIN | TG Regione                               | tg regione                               | P:-   B:-   L:-   M:-  
2026-08-28 16:49:53 | FOUND      | TMDB       | TG3                                      | tg3                                      | P:yes B:-   L:-   M:yes
2026-08-28 16:49:56 | FOUND      | TMDB       | Fuori dall'oscurità                      | fuori dall'oscurità                      | P:yes B:-   L:yes M:yes
2026-08-28 16:49:56 | NOT_FOUND  | TMDB/ELCIN | Private Eyes II ep.1                     | private eyes ii                          | P:-   B:-   L:-   M:-  
2026-08-28 16:49:56 | FOUND      | TMDB       | Last Cop - L'ultimo sbirro IV ep.11      | last cop - l'ultimo sbirro iv            | P:yes B:-   L:-   M:yes
2026-08-28 16:49:56 | NOT_FOUND  | TMDB/ELCIN | 30x70 - Se dico donna - Delia Scala      | se dico donna - delia scala 30           | P:-   B:-   L:-   M:-  
2026-08-28 16:49:57 | FOUND      | TMDB       | 70x70 - Vol. 2 ... - Quelli della notte  | vol. 2 ... - quelli della notte 70       | P:yes B:-   L:-   M:yes
2026-08-28 16:49:58 | NOT_FOUND  | TMDB/ELCIN | Camargue, la terra dai mille contrasti   | camargue, la terra dai mille contrasti   | P:-   B:-   L:-   M:-  
2026-08-28 16:49:58 | NOT_FOUND  | TMDB/ELCIN | Doc - Lonely Prima Visione RAI           | doc - lonely prima visione rai           | P:-   B:-   L:-   M:-  
2026-08-28 16:49:58 | NOT_FOUND  | TMDB/ELCIN | Come ridevamo                            | come ridevamo                            | P:-   B:-   L:-   M:-  
2026-08-28 16:49:58 | NOT_FOUND  | TMDB/ELCIN | Generazione Bellezza                     | generazione bellezza                     | P:-   B:-   L:-   M:-  
2026-08-28 16:49:58 | NOT_FOUND  | TMDB/ELCIN | Antilopi - Le eroine silenziose della pi | antilopi - le eroine silenziose della pi | P:-   B:-   L:-   M:-  
2026-08-28 16:50:06 | FOUND      | TMDB       | D'Artagnan et les trois mousquetaires    | d'artagnan et les trois mousquetaires    | P:yes B:-   L:-   M:yes
2026-08-28 16:50:07 | FOUND      | TMDB       | Dofus : aux trésors de Kerubim           | dofus : aux trésors de kerubim           | P:yes B:-   L:yes M:yes
2026-08-28 16:50:07 | FOUND      | TMDB       | Lupin III : L'aventure italienne         | lupin iii : l'aventure italienne         | P:yes B:-   L:yes M:yes
2026-08-28 16:50:10 | FOUND      | TMDB       | Affaire conclue : la vie des objets      | affaire conclue : la vie des objets      | P:yes B:-   L:-   M:yes
2026-08-28 16:50:10 | FOUND      | TMDB       | Affaire conclue, tout le monde a quelque | affaire conclue, tout le monde a quelque | P:yes B:-   L:-   M:yes
2026-08-28 16:50:10 | FOUND      | TMDB       | Tout le monde a son mot ? dire           | tout le monde a son mot ? dire           | P:yes B:-   L:-   M:yes
2026-08-28 16:50:10 | NOT_FOUND  | TMDB/ELCIN | Ça commence aujourd'hui 9 (odc. 43)      | ça commence aujourd'hui 9                | P:-   B:-   L:-   M:-  
2026-08-28 16:50:12 | NOT_FOUND  | TMDB/ELCIN | La fête à la maison                      | la fête à la maison                      | P:-   B:-   L:-   M:-  
2026-08-28 16:50:13 | FOUND      | TMDB       | Urgences                                 | urgences                                 | P:yes B:-   L:-   M:yes
2026-08-28 16:50:15 | NOT_FOUND  | TMDB/ELCIN | Ça commence aujourd'hui 9 (odc. 43)      | ça commence aujourd'hui 9                | P:-   B:-   L:-   M:-  
2026-08-28 16:50:15 | NOT_FOUND  | TMDB/ELCIN | Ça commence aujourd'hui 9 (odc. 43)      | ça commence aujourd'hui 9                | P:-   B:-   L:-   M:-  
2026-08-28 16:50:16 | NOT_FOUND  | TMDB/ELCIN | Duels en familles                        | duels en familles                        | P:-   B:-   L:-   M:-  
2026-08-28 16:50:16 | NOT_FOUND  | TMDB/ELCIN | Journal Météo climat                     | journal météo climat                     | P:-   B:-   L:-   M:-  
2026-08-28 16:50:16 | NOT_FOUND  | TMDB/ELCIN | Stade 2 la quotidienne                   | stade 2 la quotidienne                   | P:-   B:-   L:-   M:-  
2026-08-28 16:50:17 | FOUND      | TMDB       | Slam                                     | slam                                     | P:yes B:-   L:-   M:yes
2026-08-28 16:50:17 | NOT_FOUND  | TMDB/ELCIN | ICI 19/20 édition toutes régions         | ici 19 20 édition toutes régions         | P:-   B:-   L:-   M:-  
2026-08-28 16:50:17 | NOT_FOUND  | TMDB/ELCIN | Molusco 1 (odc. 19)                      | molusco 1                                | P:-   B:-   L:-   M:-  
2026-08-28 16:50:17 | NOT_FOUND  | TMDB/ELCIN | Okoo-koo: Emission du 28 ao?t 2026       | okoo-koo: emission du 28 ao?t 2026       | P:-   B:-   L:-   M:-  
2026-08-28 16:50:17 | NOT_FOUND  | TMDB/ELCIN | Mystery Lane 1 (odc. 10)                 | mystery lane 1                           | P:-   B:-   L:-   M:-  
2026-08-28 16:50:18 | NOT_FOUND  | TMDB/ELCIN | Imprévus                                 | imprévus                                 | P:-   B:-   L:-   M:-  
2026-08-28 16:50:18 | FOUND      | TMDB       | La p'tite librairie                      | la p'tite librairie                      | P:-   B:-   L:-   M:yes
2026-08-28 16:50:18 | FOUND      | TMDB       | C dans l'air l'invité                    | c dans l'air l'invité                    | P:-   B:-   L:-   M:yes
2026-08-28 16:50:19 | NOT_FOUND  | TMDB/ELCIN | Au bout c'est la mer 9 (odc. 3)          | au bout c'est la mer 9                   | P:-   B:-   L:-   M:-  
2026-08-28 16:50:19 | NOT_FOUND  | TMDB/ELCIN | Echappées belles 16 (odc. 14)            | echappées belles 16                      | P:-   B:-   L:-   M:-  
2026-08-28 16:50:21 | NOT_FOUND  | TMDB/ELCIN | Le gouf, un trésor de biodiversité       | le gouf, un trésor de biodiversité       | P:-   B:-   L:-   M:-  
2026-08-28 16:50:21 | FOUND      | TMDB       | Quand l'homme n'est pas là... les animau | quand l'homme n'est pas là... les animau | P:yes B:-   L:-   M:yes
2026-08-28 16:50:21 | FOUND      | TMDB       | Objectif Wild                            | objectif wild                            | P:yes B:-   L:-   M:yes
2026-08-28 16:50:24 | NOT_FOUND  | TMDB/ELCIN | La Globe-Trotteuse Chasse & Pêche        | la globe-trotteuse chasse & pêche        | P:-   B:-   L:-   M:-  
2026-08-28 16:50:24 | NOT_FOUND  | TMDB/ELCIN | Trophées du monde                        | trophées du monde                        | P:-   B:-   L:-   M:-  
2026-08-28 16:50:26 | NOT_FOUND  | TMDB/ELCIN | Escalade du futur                        | escalade du futur                        | P:-   B:-   L:-   M:-  
2026-08-28 16:50:26 | NOT_FOUND  | TMDB/ELCIN | Keep on Powdering                        | keep on powdering                        | P:-   B:-   L:-   M:-  
2026-08-28 16:50:26 | FOUND      | TMDB       | Super Crack : Sur les pas de Patrick Edl | super crack : sur les pas de patrick edl | P:yes B:-   L:-   M:yes
2026-08-28 16:50:26 | FOUND      | TMDB       | Super-héros, la face cachée              | super-héros, la face cachée              | P:yes B:-   L:-   M:yes
2026-08-28 16:50:28 | FOUND      | TMDB       | Mégapolis, les plus grandes villes de l' | mégapolis, les plus grandes villes de l' | P:yes B:-   L:-   M:yes
2026-08-28 16:50:28 | FOUND      | TMDB       | Citadelles du vertige : trésors du Pays  | citadelles du vertige : trésors du pays  | P:yes B:-   L:-   M:yes
2026-08-28 16:50:28 | FOUND      | TMDB       | Hollywood Stories                        | hollywood stories                        | P:yes B:-   L:-   M:yes
2026-08-28 16:50:29 | FOUND      | TMDB       | Brigitte Bardot : Histoire d'une icône   | brigitte bardot : histoire d'une icône   | P:yes B:-   L:-   M:yes
2026-08-28 16:50:29 | FOUND      | TMDB       | Bradley Walsh : les codes cosmiques d'Eg | bradley walsh : les codes cosmiques d'eg | P:yes B:-   L:-   M:yes
2026-08-28 16:50:30 | NOT_FOUND  | TMDB/ELCIN | Derrière le masque du tueur              | derrière le masque du tueur              | P:-   B:-   L:-   M:-  
2026-08-28 16:50:30 | NOT_FOUND  | TMDB/ELCIN | Un tueur dans ma famille                 | un tueur dans ma famille                 | P:-   B:-   L:-   M:-  
2026-08-28 16:50:31 | FOUND      | TMDB       | Cold Justice                             | cold justice                             | P:yes B:-   L:yes M:yes
2026-08-28 16:50:34 | NOT_FOUND  | TMDB/ELCIN | Les nouveaux pionniers de l'espace       | les nouveaux pionniers de l'espace       | P:-   B:-   L:-   M:-  
2026-08-28 16:50:34 | NOT_FOUND  | TMDB/ELCIN | Les plus grands mystères de la science   | les plus grands mystères de la science   | P:-   B:-   L:-   M:-  
2026-08-28 16:50:40 | FOUND      | TMDB       | Flipping Bangers : voitures à tout prix  | flipping bangers : voitures à tout prix  | P:yes B:-   L:yes M:yes
2026-08-28 16:50:41 | FOUND      | TMDB       | Les mécanos de Rust Valley               | les mécanos de rust valley               | P:yes B:-   L:yes M:yes
2026-08-28 16:50:41 | FOUND      | TMDB       | High Side : Le Meilleur                  | high side : le meilleur                  | P:yes B:-   L:yes M:yes
2026-08-28 16:51:06 | FOUND      | TMDB       | I Cesaroni                               | i cesaroni                               | P:yes B:-   L:-   M:yes
2026-08-28 16:51:06 | FOUND      | TMDB       | I Cesaroni                               | i cesaroni                               | P:yes B:-   L:-   M:yes
2026-08-28 16:51:19 | FOUND      | TMDB       | MasterChef Italia                        | masterchef italia                        | P:yes B:-   L:-   M:yes
2026-08-28 16:51:19 | FOUND      | TMDB       | MasterChef Italia                        | masterchef italia                        | P:yes B:-   L:-   M:yes
2026-08-28 16:51:22 | FOUND      | TMDB       | Verso l'Eden                             | verso l'eden                             | P:yes B:-   L:-   M:yes
2026-08-28 16:51:22 | FOUND      | TMDB       | Verso l'Eden                             | verso l'eden                             | P:yes B:-   L:-   M:yes
2026-08-28 16:51:30 | FOUND      | TMDB       | Verso l'Eden                             | verso l'eden                             | P:yes B:-   L:-   M:yes
2026-08-28 16:51:35 | NOT_FOUND  | TMDB/ELCIN | Mieszkanie na miarę: odc.2               | mieszkanie na miarę                      | P:-   B:-   L:-   M:-  
2026-08-28 16:51:35 | NOT_FOUND  | TMDB/ELCIN | Polowanie na ogród 8: odc.3              | polowanie na ogród 8                     | P:-   B:-   L:-   M:-  
2026-08-28 16:51:35 | NOT_FOUND  | TMDB/ELCIN | Weekendowa metamorfoza 4: odc.2          | weekendowa metamorfoza 4                 | P:-   B:-   L:-   M:-  
2026-08-28 16:51:38 | NOT_FOUND  | TMDB/ELCIN | Diario del giorno                        | diario del giorno                        | P:-   B:-   L:-   M:-  
2026-08-28 16:51:38 | NOT_FOUND  | TMDB/ELCIN | 4 di sera news                           | 4 di sera news                           | P:-   B:-   L:-   M:-  
2026-08-28 16:51:38 | NOT_FOUND  | TMDB/ELCIN | Quarto grado                             | quarto grado                             | P:-   B:-   L:-   M:-  
2026-08-28 16:51:38 | NOT_FOUND  | TMDB/ELCIN | Diario del giorno                        | diario del giorno                        | P:-   B:-   L:-   M:-  
2026-08-28 16:51:41 | FOUND      | TMDB       | Terra Amara                              | terra amara                              | P:yes B:-   L:-   M:yes
2026-08-28 16:51:41 | FOUND      | TMDB       | Terra Amara                              | terra amara                              | P:yes B:-   L:-   M:yes
2026-08-28 16:51:42 | NOT_FOUND  | TMDB/ELCIN | IL RITROVAMENTO DEL CRISPI               | il ritrovamento del crispi               | P:-   B:-   L:-   M:-  
2026-08-28 16:51:43 | NOT_FOUND  | TMDB/ELCIN | Principessa cercasi                      | principessa cercasi                      | P:-   B:-   L:-   M:-  
2026-08-28 16:51:43 | NOT_FOUND  | TMDB/ELCIN | Principessa cercasi                      | principessa cercasi                      | P:-   B:-   L:-   M:-  
2026-08-28 16:51:45 | FOUND      | TMDB       | Un'altra vita                            | un'altra vita                            | P:yes B:-   L:-   M:yes
2026-08-28 16:51:45 | FOUND      | TMDB       | TG 1                                     | tg 1                                     | P:-   B:-   L:-   M:yes
2026-08-28 16:51:45 | NOT_FOUND  | TMDB/ELCIN | Previsioni sulla viabilità CCISS Viaggia | previsioni sulla viabilità cciss viaggia | P:-   B:-   L:-   M:-  
2026-08-28 16:51:45 | NOT_FOUND  | TMDB/ELCIN | Vita in Diretta                          | vita in diretta                          | P:-   B:-   L:-   M:-  
2026-08-28 16:51:45 | FOUND      | TMDB       | Un'altra vita                            | un'altra vita                            | P:yes B:-   L:-   M:yes
2026-08-28 16:51:47 | FOUND      | TMDB       | Uno contro l'altro                       | uno contro l'altro                       | P:yes B:-   L:-   M:yes
2026-08-28 16:51:47 | NOT_FOUND  | TMDB/ELCIN | TG2 L.I.S.                               | tg2 l.i.s                                | P:-   B:-   L:-   M:-  
2026-08-28 16:51:47 | FOUND      | TMDB       | Uno contro l'altro                       | uno contro l'altro                       | P:yes B:-   L:-   M:yes
2026-08-28 16:51:51 | NOT_FOUND  | TMDB/ELCIN | Di là dal fiume e tra gli alberi Le età  | di là dal fiume e tra gli alberi le età  | P:-   B:-   L:-   M:-  
2026-08-28 16:51:51 | NOT_FOUND  | TMDB/ELCIN | Di là dal fiume e tra gli alberi Le età  | di là dal fiume e tra gli alberi le età  | P:-   B:-   L:-   M:-  
2026-08-28 16:51:51 | NOT_FOUND  | TMDB/ELCIN | Il mondo con gli occhi di Overland 23 Ir | il mondo con gli occhi di overland 23 ir | P:-   B:-   L:-   M:-  
2026-08-28 16:51:51 | NOT_FOUND  | TMDB/ELCIN | Geo Magazine                             | geo magazine                             | P:-   B:-   L:-   M:-  
2026-08-28 16:51:51 | NOT_FOUND  | TMDB/ELCIN | TG Regione                               | tg regione                               | P:-   B:-   L:-   M:-  
2026-08-28 16:51:51 | NOT_FOUND  | TMDB/ELCIN | Di là dal fiume e tra gli alberi Le età  | di là dal fiume e tra gli alberi le età  | P:-   B:-   L:-   M:-  
2026-08-28 16:51:52 | NOT_FOUND  | TMDB/ELCIN | 30x70 - Se dico donna - Delia Scala      | se dico donna - delia scala 30           | P:-   B:-   L:-   M:-  
2026-08-28 16:51:52 | NOT_FOUND  | TMDB/ELCIN | Private Eyes II ep.1                     | private eyes ii                          | P:-   B:-   L:-   M:-  
2026-08-28 16:51:54 | NOT_FOUND  | TMDB/ELCIN | Camargue, la terra dai mille contrasti   | camargue, la terra dai mille contrasti   | P:-   B:-   L:-   M:-  
2026-08-28 16:51:54 | NOT_FOUND  | TMDB/ELCIN | Antilopi - Le eroine silenziose della pi | antilopi - le eroine silenziose della pi | P:-   B:-   L:-   M:-  
2026-08-28 16:51:54 | NOT_FOUND  | TMDB/ELCIN | Doc - Lonely Prima Visione RAI           | doc - lonely prima visione rai           | P:-   B:-   L:-   M:-  
2026-08-28 16:51:54 | NOT_FOUND  | TMDB/ELCIN | Generazione Bellezza                     | generazione bellezza                     | P:-   B:-   L:-   M:-  
2026-08-28 16:51:54 | NOT_FOUND  | TMDB/ELCIN | Come ridevamo                            | come ridevamo                            | P:-   B:-   L:-   M:-  
2026-08-28 16:51:54 | NOT_FOUND  | TMDB/ELCIN | Camargue, la terra dai mille contrasti   | camargue, la terra dai mille contrasti   | P:-   B:-   L:-   M:-  
2026-08-28 16:54:28 | FOUND      | TMDB       | Taras il magnifico                       | taras il magnifico                       | P:yes B:yes L:yes M:yes
2026-08-28 16:54:41 | NOT_FOUND  | TMDB/ELCIN | Doc Martin 5 - ep.5                      | doc martin 5                             | P:-   B:-   L:-   M:-  
2026-08-28 16:54:41 | NOT_FOUND  | TMDB/ELCIN | Anica - Appuntamento al Cinema           | anica - appuntamento al cinema           | P:-   B:-   L:-   M:-  
2026-08-28 16:54:41 | NOT_FOUND  | TMDB/ELCIN | Heartland 3 - In soccorso ep.10          | heartland 3 - in soccorso                | P:-   B:-   L:-   M:-  
2026-08-28 16:54:42 | NOT_FOUND  | TMDB/ELCIN | Donna Detective 2 - Festa di laurea ep.1 | donna detective 2 - festa di laurea      | P:-   B:-   L:-   M:-  
2026-08-28 16:54:42 | NOT_FOUND  | TMDB/ELCIN | Heartland 3 - Il lupo ep.11              | heartland 3 - il lupo                    | P:-   B:-   L:-   M:-  
2026-08-28 16:54:52 | NOT_FOUND  | TMDB/ELCIN | Doc Martin 5 - ep.5                      | doc martin 5                             | P:-   B:-   L:-   M:-  
2026-08-28 16:55:10 | NOT_FOUND  | TMDB/ELCIN | Doc Martin 5 - ep.5                      | doc martin 5                             | P:-   B:-   L:-   M:-  
2026-08-28 16:55:10 | NOT_FOUND  | TMDB/ELCIN | Anica - Appuntamento al Cinema           | anica - appuntamento al cinema           | P:-   B:-   L:-   M:-  
2026-08-28 16:55:13 | NOT_FOUND  | TMDB/ELCIN | Anica - Appuntamento al Cinema           | anica - appuntamento al cinema           | P:-   B:-   L:-   M:-  
2026-08-28 16:55:19 | NOT_FOUND  | TMDB/ELCIN | Camargue, la terra dai mille contrasti   | camargue, la terra dai mille contrasti   | P:-   B:-   L:-   M:-  
2026-08-28 16:55:22 | NOT_FOUND  | TMDB/ELCIN | Di là dal fiume e tra gli alberi Le età  | di là dal fiume e tra gli alberi le età  | P:-   B:-   L:-   M:-  
2026-08-28 16:55:45 | FOUND      | TMDB       | TG 1                                     | tg 1                                     | P:-   B:yes L:-   M:yes
2026-08-28 16:55:49 | NOT_FOUND  | TMDB/ELCIN | Previsioni sulla viabilità CCISS Viaggia | previsioni sulla viabilità cciss viaggia | P:-   B:-   L:-   M:-  
2026-08-28 16:55:59 | NOT_FOUND  | TMDB/ELCIN | Vita in Diretta                          | vita in diretta                          | P:-   B:-   L:-   M:-  
2026-08-28 16:56:16 | NOT_FOUND  | TMDB/ELCIN | Anica - Appuntamento al Cinema           | anica - appuntamento al cinema           | P:-   B:-   L:-   M:-  
2026-08-28 16:56:16 | NOT_FOUND  | TMDB/ELCIN | Heartland 3 - In soccorso ep.10          | heartland 3 - in soccorso                | P:-   B:-   L:-   M:-  
2026-08-28 16:56:16 | NOT_FOUND  | TMDB/ELCIN | Donna Detective 2 - Festa di laurea ep.1 | donna detective 2 - festa di laurea      | P:-   B:-   L:-   M:-  
2026-08-28 16:56:16 | NOT_FOUND  | TMDB/ELCIN | Heartland 3 - Il lupo ep.11              | heartland 3 - il lupo                    | P:-   B:-   L:-   M:-  
2026-08-28 16:56:16 | NOT_FOUND  | TMDB/ELCIN | Doc Martin 5 - ep.5                      | doc martin 5                             | P:-   B:-   L:-   M:-  
2026-08-28 16:56:18 | FOUND      | TMDB       | Le canzoni di Masha EP.8                 | le canzoni di masha                      | P:yes B:-   L:-   M:yes
2026-08-28 16:56:18 | FOUND      | TMDB       | Masha e Orso EP.7                        | masha e orso                             | P:yes B:-   L:-   M:yes
2026-08-28 16:56:21 | NOT_FOUND  | TMDB/ELCIN | VITA DA GIUNGLA (III) - EP. 28           | vita da giungla (iii)                    | P:-   B:-   L:-   M:-  
2026-08-28 16:56:21 | FOUND      | TMDB       | ALEX AND CO. - EP. 39                    | alex and co                              | P:yes B:-   L:yes M:yes
2026-08-28 16:56:21 | FOUND      | TMDB       | PROVA A NON RIDERE - PERA TOONS - EP. 37 | prova a non ridere - pera toons          | P:yes B:-   L:-   M:yes
2026-08-28 16:56:21 | FOUND      | TMDB       | CERCAMI A PARIGI - EP. 20                | cercami a parigi                         | P:yes B:-   L:yes M:yes
2026-08-28 16:56:45 | NOT_FOUND  | TMDB/ELCIN | Rai News Giorno                          | rai news giorno                          | P:-   B:-   L:-   M:-  
2026-08-28 16:56:45 | NOT_FOUND  | TMDB/ELCIN | Maurizio Costanzo, memorie Rai           | maurizio costanzo, memorie rai           | P:-   B:-   L:-   M:-  
2026-08-28 16:56:45 | NOT_FOUND  | TMDB/ELCIN | Speciale tg1. Il colera a Napoli         | speciale tg1. il colera a napoli         | P:-   B:-   L:-   M:-  
2026-08-28 16:56:45 | NOT_FOUND  | TMDB/ELCIN | Le inchieste del telegiornale.La grande  | le inchieste del telegiornale.la grande  | P:-   B:-   L:-   M:-  
2026-08-28 16:56:45 | FOUND      | TMDB       | Polvere                                  | polvere                                  | P:yes B:-   L:-   M:yes
2026-08-28 16:56:45 | NOT_FOUND  | TMDB/ELCIN | Di là dal fiume e tra gli alberi Le età  | di là dal fiume e tra gli alberi le età  | P:-   B:-   L:-   M:-  
2026-08-28 16:56:45 | NOT_FOUND  | TMDB/ELCIN | Di là dal fiume e tra gli alberi Le età  | di là dal fiume e tra gli alberi le età  | P:-   B:-   L:-   M:-  
2026-08-28 16:56:45 | NOT_FOUND  | TMDB/ELCIN | Il mondo con gli occhi di Overland 23 Ir | il mondo con gli occhi di overland 23 ir | P:-   B:-   L:-   M:-  
2026-08-28 16:56:45 | NOT_FOUND  | TMDB/ELCIN | Geo Magazine                             | geo magazine                             | P:-   B:-   L:-   M:-  
2026-08-28 16:56:45 | NOT_FOUND  | TMDB/ELCIN | TG Regione                               | tg regione                               | P:-   B:-   L:-   M:-  
2026-08-28 16:56:47 | NOT_FOUND  | TMDB/ELCIN | Di là dal fiume e tra gli alberi Le età  | di là dal fiume e tra gli alberi le età  | P:-   B:-   L:-   M:-  
2026-08-28 16:56:47 | NOT_FOUND  | TMDB/ELCIN | Il mondo con gli occhi di Overland 23 Ir | il mondo con gli occhi di overland 23 ir | P:-   B:-   L:-   M:-  
2026-08-28 16:56:47 | NOT_FOUND  | TMDB/ELCIN | Geo Magazine                             | geo magazine                             | P:-   B:-   L:-   M:-  
2026-08-28 16:56:47 | NOT_FOUND  | TMDB/ELCIN | Di là dal fiume e tra gli alberi Le età  | di là dal fiume e tra gli alberi le età  | P:-   B:-   L:-   M:-  
2026-08-28 16:56:47 | NOT_FOUND  | TMDB/ELCIN | Bäuerin für einen Tag                    | bäuerin für einen tag                    | P:-   B:-   L:-   M:-  
2026-08-28 16:56:48 | FOUND      | TMDB       | Privat                                   | privat                                   | P:yes B:-   L:-   M:yes
2026-08-28 16:56:48 | NOT_FOUND  | TMDB/ELCIN | Di là dal fiume e tra gli alberi Le età  | di là dal fiume e tra gli alberi le età  | P:-   B:-   L:-   M:-  
2026-08-28 16:56:48 | NOT_FOUND  | TMDB/ELCIN | Il mondo con gli occhi di Overland 23 Ir | il mondo con gli occhi di overland 23 ir | P:-   B:-   L:-   M:-  
2026-08-28 16:56:48 | NOT_FOUND  | TMDB/ELCIN | Geo Magazine                             | geo magazine                             | P:-   B:-   L:-   M:-  
2026-08-28 16:56:48 | NOT_FOUND  | TMDB/ELCIN | TG Regione                               | tg regione                               | P:-   B:-   L:-   M:-  
2026-08-28 16:56:48 | NOT_FOUND  | TMDB/ELCIN | Di là dal fiume e tra gli alberi Le età  | di là dal fiume e tra gli alberi le età  | P:-   B:-   L:-   M:-  
2026-08-28 16:56:54 | NOT_FOUND  | TMDB/ELCIN | Anica - Appuntamento al Cinema           | anica - appuntamento al cinema           | P:-   B:-   L:-   M:-  
2026-08-28 16:56:54 | NOT_FOUND  | TMDB/ELCIN | Heartland 3 - In soccorso ep.10          | heartland 3 - in soccorso                | P:-   B:-   L:-   M:-  
2026-08-28 16:56:54 | NOT_FOUND  | TMDB/ELCIN | Heartland 3 - Il lupo ep.11              | heartland 3 - il lupo                    | P:-   B:-   L:-   M:-  
2026-08-28 16:56:54 | NOT_FOUND  | TMDB/ELCIN | Donna Detective 2 - Festa di laurea ep.1 | donna detective 2 - festa di laurea      | P:-   B:-   L:-   M:-  
2026-08-28 16:56:54 | NOT_FOUND  | TMDB/ELCIN | Anica - Appuntamento al Cinema           | anica - appuntamento al cinema           | P:-   B:-   L:-   M:-  
2026-08-28 16:56:54 | NOT_FOUND  | TMDB/ELCIN | Donna Detective 2 - La bambina scomparsa | donna detective 2 - la bambina scomparsa | P:-   B:-   L:-   M:-  
2026-08-28 16:56:56 | NOT_FOUND  | TMDB/ELCIN | Anica - Appuntamento al Cinema           | anica - appuntamento al cinema           | P:-   B:-   L:-   M:-  
2026-08-28 16:56:56 | NOT_FOUND  | TMDB/ELCIN | Heartland 3 - In soccorso ep.10          | heartland 3 - in soccorso                | P:-   B:-   L:-   M:-  
2026-08-28 16:56:56 | NOT_FOUND  | TMDB/ELCIN | Heartland 3 - Il lupo ep.11              | heartland 3 - il lupo                    | P:-   B:-   L:-   M:-  
2026-08-28 16:56:56 | NOT_FOUND  | TMDB/ELCIN | Donna Detective 2 - Festa di laurea ep.1 | donna detective 2 - festa di laurea      | P:-   B:-   L:-   M:-  
2026-08-28 16:56:56 | NOT_FOUND  | TMDB/ELCIN | Donna Detective 2 - La bambina scomparsa | donna detective 2 - la bambina scomparsa | P:-   B:-   L:-   M:-  
2026-08-28 16:56:56 | NOT_FOUND  | TMDB/ELCIN | Anica - Appuntamento al Cinema           | anica - appuntamento al cinema           | P:-   B:-   L:-   M:-  
2026-08-28 16:56:57 | FOUND      | TMDB       | Le canzoni di Masha EP.8                 | le canzoni di masha                      | P:yes B:-   L:-   M:yes
2026-08-28 16:56:57 | FOUND      | TMDB       | Le canzoni di Masha EP.8                 | le canzoni di masha                      | P:yes B:-   L:-   M:yes
2026-08-28 16:57:04 | NOT_FOUND  | TMDB/ELCIN | Anica - Appuntamento al Cinema           | anica - appuntamento al cinema           | P:-   B:-   L:-   M:-  
2026-08-28 16:57:04 | NOT_FOUND  | TMDB/ELCIN | Heartland 3 - In soccorso ep.10          | heartland 3 - in soccorso                | P:-   B:-   L:-   M:-  
2026-08-28 16:57:04 | NOT_FOUND  | TMDB/ELCIN | Heartland 3 - Il lupo ep.11              | heartland 3 - il lupo                    | P:-   B:-   L:-   M:-  
2026-08-28 16:57:04 | NOT_FOUND  | TMDB/ELCIN | Donna Detective 2 - Festa di laurea ep.1 | donna detective 2 - festa di laurea      | P:-   B:-   L:-   M:-  
2026-08-28 16:57:04 | NOT_FOUND  | TMDB/ELCIN | Donna Detective 2 - La bambina scomparsa | donna detective 2 - la bambina scomparsa | P:-   B:-   L:-   M:-  
2026-08-28 16:57:04 | NOT_FOUND  | TMDB/ELCIN | Anica - Appuntamento al Cinema           | anica - appuntamento al cinema           | P:-   B:-   L:-   M:-  
2026-08-28 17:20:26 | NOT_FOUND  | TMDB/ELCIN | Donna Detective 2 - La bambina scomparsa | donna detective 2 - la bambina scomparsa | P:-   B:-   L:-   M:-  
2026-08-28 17:20:26 | NOT_FOUND  | TMDB/ELCIN | Donna Detective 2 - Festa di laurea ep.1 | donna detective 2 - festa di laurea      | P:-   B:-   L:-   M:-  
2026-08-28 17:20:26 | NOT_FOUND  | TMDB/ELCIN | Heartland 3 - In soccorso ep.10          | heartland 3 - in soccorso                | P:-   B:-   L:-   M:-  
2026-08-28 17:20:26 | NOT_FOUND  | TMDB/ELCIN | Heartland 3 - Il lupo ep.11              | heartland 3 - il lupo                    | P:-   B:-   L:-   M:-  
2026-08-28 17:20:26 | NOT_FOUND  | TMDB/ELCIN | Màkari 3 - Tutti i libri del mondo p.3   | màkari 3 - tutti i libri del mondo p.3   | P:-   B:-   L:-   M:-  
2026-08-28 17:20:27 | FOUND      | TMDB       | Masha e Orso EP.9                        | masha e orso                             | P:yes B:-   L:-   M:yes
2026-08-28 17:20:28 | FOUND      | TMDB       | I racconti di Masha EP.13                | i racconti di masha                      | P:yes B:-   L:-   M:yes
2026-08-28 17:20:30 | NOT_FOUND  | TMDB/ELCIN | VITA DA GIUNGLA (III) - EP. 28           | vita da giungla (iii)                    | P:-   B:-   L:-   M:-  
2026-08-28 17:20:32 | NOT_FOUND  | TMDB/ELCIN | VITA DA GIUNGLA (III) - EP. 28           | vita da giungla (iii)                    | P:-   B:-   L:-   M:-  
2026-08-28 17:20:34 | FOUND      | TMDB       | La grande corsa                          | la grande corsa                          | P:yes B:-   L:-   M:yes
2026-08-28 17:20:38 | NOT_FOUND  | TMDB/ELCIN | Generazione Bellezza                     | generazione bellezza                     | P:-   B:-   L:-   M:-  
2026-08-28 17:20:38 | NOT_FOUND  | TMDB/ELCIN | Come ridevamo                            | come ridevamo                            | P:-   B:-   L:-   M:-  
2026-08-28 17:20:38 | NOT_FOUND  | TMDB/ELCIN | Doc - Lonely Prima Visione RAI           | doc - lonely prima visione rai           | P:-   B:-   L:-   M:-  
2026-08-28 17:20:38 | NOT_FOUND  | TMDB/ELCIN | Rai News Giorno                          | rai news giorno                          | P:-   B:-   L:-   M:-  
2026-08-28 17:20:38 | NOT_FOUND  | TMDB/ELCIN | Antilopi - Le eroine silenziose della pi | antilopi - le eroine silenziose della pi | P:-   B:-   L:-   M:-  
2026-08-28 17:20:40 | NOT_FOUND  | TMDB/ELCIN | Private Eyes II ep.1                     | private eyes ii                          | P:-   B:-   L:-   M:-  
2026-08-28 17:20:40 | FOUND      | TMDB       | Last Cop - L'ultimo sbirro IV ep.11      | last cop - l'ultimo sbirro iv            | P:yes B:-   L:-   M:yes
2026-08-28 17:20:41 | FOUND      | TMDB       | Castle V ep.2                            | castle v                                 | P:yes B:-   L:yes M:yes
2026-08-28 17:20:54 | NOT_FOUND  | TMDB/ELCIN | Di là dal fiume e tra gli alberi Le età  | di là dal fiume e tra gli alberi le età  | P:-   B:-   L:-   M:-  
2026-08-28 17:20:54 | NOT_FOUND  | TMDB/ELCIN | Il mondo con gli occhi di Overland 23 Ir | il mondo con gli occhi di overland 23 ir | P:-   B:-   L:-   M:-  
2026-08-28 17:20:54 | NOT_FOUND  | TMDB/ELCIN | Geo Magazine                             | geo magazine                             | P:-   B:-   L:-   M:-  
2026-08-28 17:20:54 | NOT_FOUND  | TMDB/ELCIN | TG Regione                               | tg regione                               | P:-   B:-   L:-   M:-  
2026-08-28 17:20:56 | FOUND      | TMDB       | Uno contro l'altro                       | uno contro l'altro                       | P:yes B:-   L:-   M:yes
2026-08-28 17:20:56 | NOT_FOUND  | TMDB/ELCIN | TG2 L.I.S.                               | tg2 l.i.s                                | P:-   B:-   L:-   M:-  
2026-08-28 17:20:57 | NOT_FOUND  | TMDB/ELCIN | Vita in Diretta                          | vita in diretta                          | P:-   B:-   L:-   M:-  
2026-08-28 17:20:57 | NOT_FOUND  | TMDB/ELCIN | TELEGIORNALE                             | telegiornale                             | P:-   B:-   L:-   M:-  
2026-08-28 17:20:58 | NOT_FOUND  | TMDB/ELCIN | L'Eredità summer                         | l'eredità summer                         | P:-   B:-   L:-   M:-  
2026-08-28 17:20:58 | NOT_FOUND  | TMDB/ELCIN | TechetecheShow - Lucio Battisti Numero U | techetecheshow - lucio battisti numero u | P:-   B:-   L:-   M:-  
2026-08-28 17:20:59 | NOT_FOUND  | TMDB/ELCIN | Vita in Diretta                          | vita in diretta                          | P:-   B:-   L:-   M:-  
2026-08-28 17:20:59 | NOT_FOUND  | TMDB/ELCIN | TELEGIORNALE                             | telegiornale                             | P:-   B:-   L:-   M:-  
2026-08-28 17:20:59 | NOT_FOUND  | TMDB/ELCIN | L'Eredità summer                         | l'eredità summer                         | P:-   B:-   L:-   M:-  
2026-08-28 17:20:59 | NOT_FOUND  | TMDB/ELCIN | TechetecheShow - Lucio Battisti Numero U | techetecheshow - lucio battisti numero u | P:-   B:-   L:-   M:-  
2026-08-28 17:20:59 | NOT_FOUND  | TMDB/ELCIN | Vita in Diretta                          | vita in diretta                          | P:-   B:-   L:-   M:-  
2026-08-28 17:21:00 | NOT_FOUND  | TMDB/ELCIN | Principessa cercasi                      | principessa cercasi                      | P:-   B:-   L:-   M:-  
2026-08-28 17:21:01 | NOT_FOUND  | TMDB/ELCIN | IL RITROVAMENTO DEL CRISPI               | il ritrovamento del crispi               | P:-   B:-   L:-   M:-  
2026-08-28 17:21:09 | NOT_FOUND  | TMDB/ELCIN | IL RITROVAMENTO DEL CRISPI               | il ritrovamento del crispi               | P:-   B:-   L:-   M:-  
2026-08-28 17:21:13 | FOUND      | TMDB       | I Cesaroni                               | i cesaroni                               | P:yes B:-   L:-   M:yes
2026-08-28 17:21:23 | NOT_FOUND  | TMDB/ELCIN | Ip Man 4: Finalja                        | ip man 4: finalja                        | P:-   B:-   L:-   M:-  
2026-08-28 17:21:23 | NOT_FOUND  | TMDB/ELCIN | G.I. Joe Ringjallja e Kobrës             | g.i. joe ringjallja e kobrës             | P:-   B:-   L:-   M:-  
2026-08-28 17:21:23 | NOT_FOUND  | TMDB/ELCIN | Epoka e akullnajave 2                    | epoka e akullnajave 2                    | P:-   B:-   L:-   M:-  
2026-08-28 17:21:23 | NOT_FOUND  | TMDB/ELCIN | Nën fre: Qyteti i Ujqërve                | nën fre: qyteti i ujqërve                | P:-   B:-   L:-   M:-  
2026-08-28 17:21:24 | FOUND      | TMDB       | Desperado                                | desperado                                | P:yes B:-   L:yes M:yes
2026-08-28 17:21:26 | NOT_FOUND  | TMDB/ELCIN | Dora në kërkim të thesarit               | dora në kërkim të thesarit               | P:-   B:-   L:-   M:-  
2026-08-28 17:21:26 | NOT_FOUND  | TMDB/ELCIN | Një këngë për jetën                      | një këngë për jetën                      | P:-   B:-   L:-   M:-  
2026-08-28 17:21:28 | NOT_FOUND  | TMDB/ELCIN | I pasuri, i varfri dhe maxhordomi        | i pasuri, i varfri dhe maxhordomi        | P:-   B:-   L:-   M:-  
2026-08-28 17:21:28 | NOT_FOUND  | TMDB/ELCIN | Të humbur në Hong Kong                   | të humbur në hong kong                   | P:-   B:-   L:-   M:-  
2026-08-28 17:21:28 | NOT_FOUND  | TMDB/ELCIN | Mashtrimi s'ndalet                       | mashtrimi s'ndalet                       | P:-   B:-   L:-   M:-  
2026-08-28 17:21:28 | NOT_FOUND  | TMDB/ELCIN | Ditari i një adoleshenteje               | ditari i një adoleshenteje               | P:-   B:-   L:-   M:-  
2026-08-28 17:21:28 | FOUND      | TMDB       | Miss Bala                                | miss bala                                | P:yes B:-   L:yes M:yes
2026-08-28 17:21:30 | NOT_FOUND  | TMDB/ELCIN | Ftesa                                    | ftesa                                    | P:-   B:-   L:-   M:-  
2026-08-28 17:21:30 | NOT_FOUND  | TMDB/ELCIN | Boksieri                                 | boksieri                                 | P:-   B:-   L:-   M:-  
2026-08-28 17:21:30 | NOT_FOUND  | TMDB/ELCIN | Toka e Armiqve                           | toka e armiqve                           | P:-   B:-   L:-   M:-  
2026-08-28 17:21:30 | NOT_FOUND  | TMDB/ELCIN | Ambulanca                                | ambulanca                                | P:-   B:-   L:-   M:-  
2026-08-28 17:21:30 | NOT_FOUND  | TMDB/ELCIN | Vrapuesi                                 | vrapuesi                                 | P:-   B:-   L:-   M:-  
2026-08-28 17:21:32 | NOT_FOUND  | TMDB/ELCIN | Motrat vrasëse                           | motrat vrasëse                           | P:-   B:-   L:-   M:-  
2026-08-28 17:21:32 | NOT_FOUND  | TMDB/ELCIN | Gjuha e kodeve                           | gjuha e kodeve                           | P:-   B:-   L:-   M:-  
2026-08-28 17:21:32 | NOT_FOUND  | TMDB/ELCIN | Në emër të rrezikut                      | në emër të rrezikut                      | P:-   B:-   L:-   M:-  
2026-08-28 17:21:32 | NOT_FOUND  | TMDB/ELCIN | Bloodsport Sport gjaku                   | bloodsport sport gjaku                   | P:-   B:-   L:-   M:-  
2026-08-28 17:21:32 | NOT_FOUND  | TMDB/ELCIN | Mekvalter                                | mekvalter                                | P:-   B:-   L:-   M:-  
2026-08-28 17:21:34 | NOT_FOUND  | TMDB/ELCIN | E vetmja zgjidhje                        | e vetmja zgjidhje                        | P:-   B:-   L:-   M:-  
2026-08-28 17:21:34 | NOT_FOUND  | TMDB/ELCIN | Çifti Rikardo                            | çifti rikardo                            | P:-   B:-   L:-   M:-  
2026-08-28 17:21:34 | NOT_FOUND  | TMDB/ELCIN | Kujtimet e një geishe                    | kujtimet e një geishe                    | P:-   B:-   L:-   M:-  
2026-08-28 17:21:34 | NOT_FOUND  | TMDB/ELCIN | Çikago                                   | çikago                                   | P:-   B:-   L:-   M:-  
2026-08-28 17:21:34 | FOUND      | TMDB       | Basic Instinct                           | basic instinct                           | P:yes B:-   L:yes M:yes
2026-08-28 17:21:36 | NOT_FOUND  | TMDB/ELCIN | Karremi                                  | karremi                                  | P:-   B:-   L:-   M:-  
2026-08-28 17:21:36 | NOT_FOUND  | TMDB/ELCIN | Djem shembullorë                         | djem shembullorë                         | P:-   B:-   L:-   M:-  
2026-08-28 17:21:36 | NOT_FOUND  | TMDB/ELCIN | Vajza e kuizit                           | vajza e kuizit                           | P:-   B:-   L:-   M:-  
2026-08-28 17:21:36 | NOT_FOUND  | TMDB/ELCIN | Mashkulli i shumëkërkuar                 | mashkulli i shumëkërkuar                 | P:-   B:-   L:-   M:-  
2026-08-28 17:21:36 | NOT_FOUND  | TMDB/ELCIN | Nëntë muaj                               | nëntë muaj                               | P:-   B:-   L:-   M:-  
2026-08-28 17:21:38 | NOT_FOUND  | TMDB/ELCIN | Veprimtari kriminale                     | veprimtari kriminale                     | P:-   B:-   L:-   M:-  
2026-08-28 17:21:39 | NOT_FOUND  | TMDB/ELCIN | Unë isha këtu                            | unë isha këtu                            | P:-   B:-   L:-   M:-  
2026-08-28 17:21:39 | NOT_FOUND  | TMDB/ELCIN | Me çdo kusht                             | me çdo kusht                             | P:-   B:-   L:-   M:-  
2026-08-28 17:21:39 | NOT_FOUND  | TMDB/ELCIN | Fundi i ditëve                           | fundi i ditëve                           | P:-   B:-   L:-   M:-  
2026-08-28 17:21:39 | NOT_FOUND  | TMDB/ELCIN | Pesë netë tek Fredi 2                    | pesë netë tek fredi 2                    | P:-   B:-   L:-   M:-  
2026-08-28 17:21:42 | FOUND      | TMDB       | Castle                                   | castle                                   | P:yes B:-   L:yes M:yes
2026-08-28 17:21:48 | NOT_FOUND  | TMDB/ELCIN | Mitrush Kuteli e Petro Marko: Dy veprimt | mitrush kuteli e petro marko: dy veprimt | P:-   B:-   L:-   M:-  
2026-08-28 17:21:48 | FOUND      | TMDB       | Në fillim të verës                       | në fillim të verës                       | P:yes B:-   L:-   M:yes
2026-08-28 17:21:48 | FOUND      | TMDB       | Hije që mbeten pas                       | hije që mbeten pas                       | P:yes B:-   L:-   M:yes
2026-08-28 17:21:48 | FOUND      | TMDB       | O sa mirë                                | o sa mirë                                | P:yes B:-   L:-   M:yes
2026-08-28 17:21:50 | NOT_FOUND  | TMDB/ELCIN | Zjarr TV                                 | zjarr tv                                 | P:-   B:-   L:-   M:-  
2026-08-28 17:21:52 | FOUND      | TMDB       | Promlčeno                                | promlčeno                                | P:yes B:-   L:-   M:yes
2026-08-28 17:21:52 | FOUND      | TMDB       | Cizinec                                  | cizinec                                  | P:yes B:-   L:-   M:yes
2026-08-28 17:21:52 | FOUND      | TMDB       | Chappie                                  | chappie                                  | P:yes B:-   L:yes M:yes
2026-08-28 17:21:52 | FOUND      | TMDB       | Síly temna                               | síly temna                               | P:yes B:-   L:yes M:yes
2026-08-28 17:21:53 | FOUND      | TMDB       | Purpurové řeky 2: Andělé apokalypsy      | purpurové řeky 2: andělé apokalypsy      | P:yes B:-   L:yes M:yes
2026-08-28 17:21:58 | FOUND      | TMDB       | S.W.A.T. film                            | s.w.a.t                                  | P:yes B:-   L:yes M:yes
2026-08-28 17:21:58 | NOT_FOUND  | TMDB/ELCIN | Ulični borac, film                       | ulični borac                             | P:-   B:-   L:-   M:-  
2026-08-28 17:21:58 | NOT_FOUND  | TMDB/ELCIN | Dvije sestre za kralja, film             | dvije sestre za kralja                   | P:-   B:-   L:-   M:-  
2026-08-28 17:21:59 | FOUND      | TMDB       | Braven, film                             | braven                                   | P:yes B:-   L:yes M:yes
2026-08-28 17:21:59 | NOT_FOUND  | TMDB/ELCIN | Legenda o vitezu, film                   | legenda o vitezu                         | P:-   B:-   L:-   M:-  
2026-08-28 17:22:05 | NOT_FOUND  | TMDB/ELCIN | Potomci lidí                             | potomci lidí                             | P:-   B:-   L:-   M:-  
2026-08-28 17:22:05 | FOUND      | TMDB       | Město                                    | město                                    | P:yes B:-   L:-   M:yes
2026-08-28 17:22:05 | FOUND      | TMDB       | Konec                                    | konec                                    | P:yes B:-   L:-   M:yes
2026-08-28 17:22:06 | FOUND      | TMDB       | Duše v plamenech                         | duše v plamenech                         | P:yes B:-   L:yes M:yes
2026-08-28 17:22:08 | NOT_FOUND  | TMDB/ELCIN | Predbožićna pljačka                      | predbožićna pljačka                      | P:-   B:-   L:-   M:-  
2026-08-28 17:22:08 | NOT_FOUND  | TMDB/ELCIN | Šefovi država                            | šefovi država                            | P:-   B:-   L:-   M:-  
2026-08-28 17:22:08 | FOUND      | TMDB       | Klub Jane Austen                         | klub jane austen                         | P:yes B:-   L:yes M:yes
2026-08-28 17:22:09 | FOUND      | TMDB       | Spider-Man: Put bez povratka             | spider-man: put bez povratka             | P:yes B:-   L:yes M:yes
2026-08-28 17:22:09 | FOUND      | TMDB       | Karate Kid: Legende                      | karate kid: legende                      | P:yes B:-   L:yes M:yes
2026-08-28 17:22:14 | FOUND      | TMDB       | Když se zamiluje mrzout                  | když se zamiluje mrzout                  | P:yes B:-   L:-   M:yes
2026-08-28 17:22:14 | NOT_FOUND  | TMDB/ELCIN | John Oliver: Co týden dal a vzal XIII (2 | john oliver: co týden dal a vzal xiii (2 | P:-   B:-   L:-   M:-  
2026-08-28 17:22:14 | NOT_FOUND  | TMDB/ELCIN | Avenue 5 II (8)                          | avenue 5 ii (8)                          | P:-   B:-   L:-   M:-  
2026-08-28 17:22:14 | NOT_FOUND  | TMDB/ELCIN | Cesta ven III (7)                        | cesta ven iii (7)                        | P:-   B:-   L:-   M:-  
2026-08-28 17:22:17 | NOT_FOUND  | TMDB/ELCIN | Peh do daske                             | peh do daske                             | P:-   B:-   L:-   M:-  
2026-08-28 17:22:18 | NOT_FOUND  | TMDB/ELCIN | Pobješnjeli Max: Divlja cesta            | pobješnjeli max: divlja cesta            | P:-   B:-   L:-   M:-  
2026-08-28 17:22:18 | NOT_FOUND  | TMDB/ELCIN | Do kraja života                          | do kraja života                          | P:-   B:-   L:-   M:-  
2026-08-28 17:22:18 | NOT_FOUND  | TMDB/ELCIN | Rijeka sjećanja                          | rijeka sjećanja                          | P:-   B:-   L:-   M:-  
2026-08-28 17:22:22 | FOUND      | TMDB       | Soused                                   | soused                                   | P:yes B:-   L:-   M:yes
2026-08-28 17:22:23 | FOUND      | TMDB       | Šílený Max: Zběsilá cesta                | šílený max: zběsilá cesta                | P:yes B:-   L:yes M:yes
2026-08-28 17:22:23 | FOUND      | TMDB       | Přepadení 2: Temné území                 | přepadení 2: temné území                 | P:yes B:-   L:yes M:yes
2026-08-28 17:22:23 | FOUND      | TMDB       | Jen trošku štěstí                        | jen trošku štěstí                        | P:yes B:-   L:yes M:yes
2026-08-28 17:22:24 | NOT_FOUND  | TMDB/ELCIN | Obiteljska stvar                         | obiteljska stvar                         | P:-   B:-   L:-   M:-  
2026-08-28 17:22:24 | NOT_FOUND  | TMDB/ELCIN | Putovanje života                         | putovanje života                         | P:-   B:-   L:-   M:-  
2026-08-28 17:22:24 | NOT_FOUND  | TMDB/ELCIN | Souleymanova priča                       | souleymanova priča                       | P:-   B:-   L:-   M:-  
2026-08-28 17:22:24 | NOT_FOUND  | TMDB/ELCIN | U bratskoj zemlji                        | u bratskoj zemlji                        | P:-   B:-   L:-   M:-  
2026-08-28 17:22:25 | NOT_FOUND  | TMDB/ELCIN | Souleymanova priča                       | souleymanova priča                       | P:-   B:-   L:-   M:-  
2026-08-28 17:22:25 | NOT_FOUND  | TMDB/ELCIN | Obiteljska stvar                         | obiteljska stvar                         | P:-   B:-   L:-   M:-  
2026-08-28 17:22:25 | NOT_FOUND  | TMDB/ELCIN | Putovanje života                         | putovanje života                         | P:-   B:-   L:-   M:-  
2026-08-28 17:22:25 | NOT_FOUND  | TMDB/ELCIN | U bratskoj zemlji                        | u bratskoj zemlji                        | P:-   B:-   L:-   M:-  
2026-08-28 17:22:25 | NOT_FOUND  | TMDB/ELCIN | Souleymanova priča                       | souleymanova priča                       | P:-   B:-   L:-   M:-  
2026-08-28 17:22:27 | NOT_FOUND  | TMDB/ELCIN | Podivljalo more                          | podivljalo more                          | P:-   B:-   L:-   M:-  
2026-08-28 17:22:27 | NOT_FOUND  | TMDB/ELCIN | Knjiga ljubavi                           | knjiga ljubavi                           | P:-   B:-   L:-   M:-  
2026-08-28 17:22:27 | NOT_FOUND  | TMDB/ELCIN | Kako uloviti neženju?                    | kako uloviti neženju?                    | P:-   B:-   L:-   M:-  
2026-08-28 17:22:27 | FOUND      | TMDB       | Poker Face                               | poker face                               | P:yes B:-   L:yes M:yes
2026-08-28 17:22:27 | FOUND      | TMDB       | Asterix i Obelix: Srednje kraljevstvo    | asterix i obelix: srednje kraljevstvo    | P:yes B:-   L:yes M:yes
2026-08-28 17:22:28 | NOT_FOUND  | TMDB/ELCIN | Souleymanova priča                       | souleymanova priča                       | P:-   B:-   L:-   M:-  
2026-08-28 17:22:28 | NOT_FOUND  | TMDB/ELCIN | Obiteljska stvar                         | obiteljska stvar                         | P:-   B:-   L:-   M:-  
2026-08-28 17:22:28 | NOT_FOUND  | TMDB/ELCIN | Putovanje života                         | putovanje života                         | P:-   B:-   L:-   M:-  
2026-08-28 17:22:28 | NOT_FOUND  | TMDB/ELCIN | U bratskoj zemlji                        | u bratskoj zemlji                        | P:-   B:-   L:-   M:-  
2026-08-28 17:22:28 | NOT_FOUND  | TMDB/ELCIN | Souleymanova priča                       | souleymanova priča                       | P:-   B:-   L:-   M:-  
2026-08-28 17:22:31 | NOT_FOUND  | TMDB/ELCIN | Podivljalo more                          | podivljalo more                          | P:-   B:-   L:-   M:-  
2026-08-28 17:22:31 | NOT_FOUND  | TMDB/ELCIN | Podivljalo more                          | podivljalo more                          | P:-   B:-   L:-   M:-  
2026-08-28 17:22:31 | NOT_FOUND  | TMDB/ELCIN | Knjiga ljubavi                           | knjiga ljubavi                           | P:-   B:-   L:-   M:-  
2026-08-28 17:22:31 | NOT_FOUND  | TMDB/ELCIN | Kako uloviti neženju?                    | kako uloviti neženju?                    | P:-   B:-   L:-   M:-  
2026-08-28 17:22:31 | NOT_FOUND  | TMDB/ELCIN | Podivljalo more                          | podivljalo more                          | P:-   B:-   L:-   M:-  
2026-08-28 17:22:32 | NOT_FOUND  | TMDB/ELCIN | Kuća velikog mađioničara                 | kuća velikog mađioničara                 | P:-   B:-   L:-   M:-  
2026-08-28 17:22:33 | FOUND      | TMDB       | Regan                                    | regan                                    | P:yes B:-   L:-   M:yes
2026-08-28 17:22:33 | NOT_FOUND  | TMDB/ELCIN | Mesečev pad                              | mesečev pad                              | P:-   B:-   L:-   M:-  
2026-08-28 17:22:33 | FOUND      | TMDB       | Infiltrator                              | infiltrator                              | P:yes B:-   L:-   M:yes
2026-08-28 17:22:34 | FOUND      | TMDB       | Serena                                   | serena                                   | P:yes B:-   L:yes M:yes
2026-08-28 17:22:34 | NOT_FOUND  | TMDB/ELCIN | Majstori iluzije                         | majstori iluzije                         | P:-   B:-   L:-   M:-  
2026-08-28 17:22:35 | NOT_FOUND  | TMDB/ELCIN | Majstori iluzije 2                       | majstori iluzije 2                       | P:-   B:-   L:-   M:-  
2026-08-28 17:22:35 | FOUND      | TMDB       | Cesta                                    | cesta                                    | P:yes B:-   L:-   M:yes
2026-08-28 17:22:35 | FOUND      | TMDB       | Gunman                                   | gunman                                   | P:yes B:-   L:-   M:yes
2026-08-28 17:22:35 | FOUND      | TMDB       | Jako mi je stalo                         | jako mi je stalo                         | P:yes B:-   L:yes M:yes
2026-08-28 17:22:37 | NOT_FOUND  | TMDB/ELCIN | Veliko plavetnilo, film                  | veliko plavetnilo                        | P:-   B:-   L:-   M:-  
2026-08-28 17:22:37 | NOT_FOUND  | TMDB/ELCIN | Tajna broja sedam, film                  | tajna broja sedam                        | P:-   B:-   L:-   M:-  
2026-08-28 17:22:37 | NOT_FOUND  | TMDB/ELCIN | Pakao na zemlji, film                    | pakao na zemlji                          | P:-   B:-   L:-   M:-  
2026-08-28 17:22:38 | FOUND      | TMDB       | Terminator 3: Pobuna strojeva, film      | terminator 3: pobuna strojeva            | P:yes B:-   L:yes M:yes
2026-08-28 17:22:39 | FOUND      | TMDB       | Teksaški masakr motornom pilom, film     | teksaški masakr motornom pilom           | P:yes B:-   L:yes M:yes
2026-08-28 17:22:39 | NOT_FOUND  | TMDB/ELCIN | Kuća magičnog sata                       | kuća magičnog sata                       | P:-   B:-   L:-   M:-  
2026-08-28 17:22:39 | NOT_FOUND  | TMDB/ELCIN | Dobra kuća                               | dobra kuća                               | P:-   B:-   L:-   M:-  
2026-08-28 17:22:39 | NOT_FOUND  | TMDB/ELCIN | Male nevine laži 2                       | male nevine laži 2                       | P:-   B:-   L:-   M:-  
2026-08-28 17:22:39 | FOUND      | TMDB       | Pas                                      | pas                                      | P:yes B:-   L:-   M:yes
2026-08-28 17:22:40 | FOUND      | TMDB       | Sapphires                                | sapphires                                | P:yes B:-   L:yes M:yes
2026-08-28 17:22:41 | FOUND      | TMDB       | Predurčená na tanec                      | predurčená na tanec                      | P:yes B:-   L:-   M:yes
2026-08-28 17:22:41 | NOT_FOUND  | TMDB/ELCIN | Vianoce sú zrušené                       | vianoce sú zrušené                       | P:-   B:-   L:-   M:-  
2026-08-28 17:22:41 | FOUND      | TMDB       | Národ veľrýb                             | národ veľrýb                             | P:yes B:-   L:-   M:yes
2026-08-28 17:22:41 | FOUND      | TMDB       | Trpká chuť pomsty                        | trpká chuť pomsty                        | P:yes B:-   L:-   M:yes
2026-08-28 17:22:41 | FOUND      | TMDB       | Lassie: Nové dobrodružstvo               | lassie: nové dobrodružstvo               | P:yes B:-   L:yes M:yes
2026-08-28 17:22:43 | NOT_FOUND  | TMDB/ELCIN | Lovci na glave                           | lovci na glave                           | P:-   B:-   L:-   M:-  
2026-08-28 17:22:43 | NOT_FOUND  | TMDB/ELCIN | Vikend u Gazi                            | vikend u gazi                            | P:-   B:-   L:-   M:-  
2026-08-28 17:22:43 | NOT_FOUND  | TMDB/ELCIN | Bez riječi                               | bez riječi                               | P:-   B:-   L:-   M:-  
2026-08-28 17:22:43 | NOT_FOUND  | TMDB/ELCIN | Kako spasiti planet                      | kako spasiti planet                      | P:-   B:-   L:-   M:-  
2026-08-28 17:22:43 | NOT_FOUND  | TMDB/ELCIN | Pod kontrolom                            | pod kontrolom                            | P:-   B:-   L:-   M:-  
2026-08-28 17:22:45 | NOT_FOUND  | TMDB/ELCIN | Vrhunska igra                            | vrhunska igra                            | P:-   B:-   L:-   M:-  
2026-08-28 17:22:45 | NOT_FOUND  | TMDB/ELCIN | Seksi snimak                             | seksi snimak                             | P:-   B:-   L:-   M:-  
2026-08-28 17:22:45 | NOT_FOUND  | TMDB/ELCIN | Pčelac Beri Medić                        | pčelac beri medić                        | P:-   B:-   L:-   M:-  
2026-08-28 17:22:45 | FOUND      | TMDB       | Milioni                                  | milioni                                  | P:yes B:-   L:-   M:yes
2026-08-28 17:22:45 | FOUND      | TMDB       | Zombilend                                | zombilend                                | P:yes B:-   L:yes M:yes
2026-08-28 17:22:49 | FOUND      | TMDB       | Passengers                               | passengers                               | P:yes B:-   L:yes M:yes
2026-08-28 17:22:49 | FOUND      | TMDB       | Freddy vs. Jason                         | freddy vs. jason                         | P:yes B:-   L:yes M:yes
2026-08-28 17:22:49 | FOUND      | TMDB       | School of Magical Animals 2              | school of magical animals 2              | P:yes B:-   L:yes M:yes
2026-08-28 17:22:49 | FOUND      | TMDB       | Zoey's Extraordinary Christmas           | zoey's extraordinary christmas           | P:yes B:-   L:yes M:yes
2026-08-28 17:22:49 | FOUND      | TMDB       | Final Destination 5                      | final destination 5                      | P:yes B:-   L:yes M:yes
2026-08-28 17:22:53 | NOT_FOUND  | TMDB/ELCIN | Kasl                                     | kasl                                     | P:-   B:-   L:-   M:-  
2026-08-28 17:22:53 | NOT_FOUND  | TMDB/ELCIN | FBI: Međunarodni slučajevi               | fbi: međunarodni slučajevi               | P:-   B:-   L:-   M:-  
2026-08-28 17:22:53 | NOT_FOUND  | TMDB/ELCIN | Havaji 5-0                               | havaji 5-0                               | P:-   B:-   L:-   M:-  
2026-08-28 17:22:57 | NOT_FOUND  | TMDB/ELCIN | Kasl                                     | kasl                                     | P:-   B:-   L:-   M:-  
2026-08-28 17:22:57 | NOT_FOUND  | TMDB/ELCIN | Kasl                                     | kasl                                     | P:-   B:-   L:-   M:-  
2026-08-28 17:22:57 | NOT_FOUND  | TMDB/ELCIN | FBI: Međunarodni slučajevi               | fbi: međunarodni slučajevi               | P:-   B:-   L:-   M:-  
2026-08-28 17:22:57 | NOT_FOUND  | TMDB/ELCIN | Havaji 5-0                               | havaji 5-0                               | P:-   B:-   L:-   M:-  
2026-08-28 17:22:57 | NOT_FOUND  | TMDB/ELCIN | Kasl                                     | kasl                                     | P:-   B:-   L:-   M:-  
2026-08-28 17:22:59 | NOT_FOUND  | TMDB/ELCIN | Povratak u raj                           | povratak u raj                           | P:-   B:-   L:-   M:-  
2026-08-28 17:22:59 | NOT_FOUND  | TMDB/ELCIN | Velečasni Brown                          | velečasni brown                          | P:-   B:-   L:-   M:-  
2026-08-28 17:22:59 | NOT_FOUND  | TMDB/ELCIN | Smrt u raju                              | smrt u raju                              | P:-   B:-   L:-   M:-  
2026-08-28 17:22:59 | NOT_FOUND  | TMDB/ELCIN | Mjesečev kamen                           | mjesečev kamen                           | P:-   B:-   L:-   M:-  
2026-08-28 17:23:01 | NOT_FOUND  | TMDB/ELCIN | Prihvatljiva žrtva                       | prihvatljiva žrtva                       | P:-   B:-   L:-   M:-  
2026-08-28 17:23:01 | NOT_FOUND  | TMDB/ELCIN | Mančester na moru                        | mančester na moru                        | P:-   B:-   L:-   M:-  
2026-08-28 17:23:01 | FOUND      | TMDB       | Berni                                    | berni                                    | P:yes B:-   L:-   M:yes
2026-08-28 17:23:01 | FOUND      | TMDB       | Maraton                                  | maraton                                  | P:yes B:-   L:-   M:yes
2026-08-28 17:23:01 | FOUND      | TMDB       | Gavran                                   | gavran                                   | P:yes B:-   L:-   M:yes
2026-08-28 17:23:03 | NOT_FOUND  | TMDB/ELCIN | Delikatnost                              | delikatnost                              | P:-   B:-   L:-   M:-  
2026-08-28 17:23:03 | NOT_FOUND  | TMDB/ELCIN | Dve karte za Mars                        | dve karte za mars                        | P:-   B:-   L:-   M:-  
2026-08-28 17:23:03 | NOT_FOUND  | TMDB/ELCIN | Mister Olimpija                          | mister olimpija                          | P:-   B:-   L:-   M:-  
2026-08-28 17:23:03 | NOT_FOUND  | TMDB/ELCIN | Lepak za muve                            | lepak za muve                            | P:-   B:-   L:-   M:-  
2026-08-28 17:23:03 | NOT_FOUND  | TMDB/ELCIN | Sanjari: Priča o "Mankiz"                | sanjari: priča o "mankiz"                | P:-   B:-   L:-   M:-  
2026-08-28 17:23:05 | NOT_FOUND  | TMDB/ELCIN | Raskinuli smo                            | raskinuli smo                            | P:-   B:-   L:-   M:-  
2026-08-28 17:23:05 | NOT_FOUND  | TMDB/ELCIN | Slepilo                                  | slepilo                                  | P:-   B:-   L:-   M:-  
2026-08-28 17:23:05 | NOT_FOUND  | TMDB/ELCIN | Smrtonosni medeni mesec                  | smrtonosni medeni mesec                  | P:-   B:-   L:-   M:-  
2026-08-28 17:23:05 | NOT_FOUND  | TMDB/ELCIN | Čekanje na sreću                         | čekanje na sreću                         | P:-   B:-   L:-   M:-  
2026-08-28 17:23:05 | NOT_FOUND  | TMDB/ELCIN | Loša genetika                            | loša genetika                            | P:-   B:-   L:-   M:-  
2026-08-28 17:23:10 | FOUND      | TMDB       | It's a Joke, Son!                        | it's a joke, son!                        | P:yes B:-   L:-   M:yes
2026-08-28 17:23:10 | FOUND      | TMDB       | People Are Funny                         | people are funny                         | P:yes B:-   L:-   M:yes
2026-08-28 17:23:11 | FOUND      | TMDB       | King of the Zombies                      | king of the zombies                      | P:yes B:-   L:-   M:yes
2026-08-28 17:23:11 | FOUND      | TMDB       | Quicksand                                | quicksand                                | P:yes B:-   L:yes M:yes
2026-08-28 17:23:11 | FOUND      | TMDB       | The Man Who Cheated Himself              | the man who cheated himself              | P:yes B:-   L:yes M:yes
2026-08-28 17:23:25 | NOT_FOUND  | TMDB/ELCIN | Castle 3, ep. 19. serija                 | castle 3, . serija                       | P:-   B:-   L:-   M:-  
2026-08-28 17:23:25 | NOT_FOUND  | TMDB/ELCIN | FBI: International 2, ep. 18. serija     | fbi: international 2, . serija           | P:-   B:-   L:-   M:-  
2026-08-28 17:23:25 | NOT_FOUND  | TMDB/ELCIN | Hawaii Five-0 6, ep. 3. serija           | hawaii five-0 6, . serija                | P:-   B:-   L:-   M:-  
2026-08-28 17:23:31 | NOT_FOUND  | TMDB/ELCIN | Destinacioni i fundit 5                  | destinacioni i fundit 5                  | P:-   B:-   L:-   M:-  
2026-08-28 17:23:31 | NOT_FOUND  | TMDB/ELCIN | Fredi kundër Xhezonit                    | fredi kundër xhezonit                    | P:-   B:-   L:-   M:-  
2026-08-28 17:23:31 | FOUND      | TMDB       | Pasagjerët                               | pasagjerët                               | P:yes B:-   L:yes M:yes
2026-08-28 17:23:32 | FOUND      | TMDB       | Die Schule Der Magischen Tiere           | die schule der magischen tiere           | P:yes B:-   L:yes M:yes
2026-08-28 17:23:46 | NOT_FOUND  | TMDB/ELCIN | Škola čarobnih životinja 2               | škola čarobnih životinja 2               | P:-   B:-   L:-   M:-  
2026-08-28 17:23:47 | FOUND      | TMDB       | Putnici, film                            | putnici                                  | P:yes B:-   L:-   M:yes
2026-08-28 17:23:47 | NOT_FOUND  | TMDB/ELCIN | Put bez povratka 5, film                 | put bez povratka 5                       | P:-   B:-   L:-   M:-  
2026-08-28 17:23:47 | FOUND      | TMDB       | Freddy protiv Jasona, film               | freddy protiv jasona                     | P:yes B:-   L:yes M:yes
2026-08-28 17:23:47 | NOT_FOUND  | TMDB/ELCIN | Zoeyin čarobni Božić, film               | zoeyin čarobni božić                     | P:-   B:-   L:-   M:-  
2026-08-28 17:23:49 | NOT_FOUND  | TMDB/ELCIN | Tajna cvjećarnice: Nikomu ni riječi, fil | tajna cvjećarnice: nikomu ni riječi      | P:-   B:-   L:-   M:-  
2026-08-28 17:23:49 | NOT_FOUND  | TMDB/ELCIN | Zločinački umovi 12, ep. 16. serija      | zločinački umovi 12, . serija            | P:-   B:-   L:-   M:-  
2026-08-28 17:23:49 | NOT_FOUND  | TMDB/ELCIN | Profesor T 4, ep. 2. serija              | profesor t 4, . serija                   | P:-   B:-   L:-   M:-  
2026-08-28 17:23:49 | NOT_FOUND  | TMDB/ELCIN | Smrt u raju 5, ep. 7. serija             | smrt u raju 5, . serija                  | P:-   B:-   L:-   M:-  
2026-08-28 17:23:50 | NOT_FOUND  | TMDB/ELCIN | Kako sam upoznao vašu majku 8, ep. 3. se | kako sam upoznao vašu majku 8, . serija  | P:-   B:-   L:-   M:-  
2026-08-28 17:23:50 | NOT_FOUND  | TMDB/ELCIN | Kućanice 3, ep. 18. serija               | kućanice 3, . serija                     | P:-   B:-   L:-   M:-  
2026-08-28 17:23:50 | NOT_FOUND  | TMDB/ELCIN | Dr. House 6, ep. 3. serija               | dr. house 6, . serija                    | P:-   B:-   L:-   M:-  
2026-08-28 17:23:56 | NOT_FOUND  | TMDB/ELCIN | Tajanstveni otok, film                   | tajanstveni otok                         | P:-   B:-   L:-   M:-  
2026-08-28 17:23:56 | NOT_FOUND  | TMDB/ELCIN | Lova do krova, film                      | lova do krova                            | P:-   B:-   L:-   M:-  
2026-08-28 17:23:56 | NOT_FOUND  | TMDB/ELCIN | Crveni kralj, ep. 6. serija              | crveni kralj, . serija                   | P:-   B:-   L:-   M:-  
2026-08-28 17:23:56 | NOT_FOUND  | TMDB/ELCIN | Bogati i besramni 2, ep. 4.              | bogati i besramni 2                      | P:-   B:-   L:-   M:-  
2026-08-28 17:23:57 | NOT_FOUND  | TMDB/ELCIN | Mladost u Oregonu, film                  | mladost u oregonu                        | P:-   B:-   L:-   M:-  
2026-08-28 17:23:58 | NOT_FOUND  | TMDB/ELCIN | Savršena večera                          | savršena večera                          | P:-   B:-   L:-   M:-  
2026-08-28 17:23:58 | NOT_FOUND  | TMDB/ELCIN | Keš ili treš                             | keš ili treš                             | P:-   B:-   L:-   M:-  
2026-08-28 17:23:59 | FOUND      | TMDB       | Kud puklo da puklo                       | kud puklo da puklo                       | P:yes B:-   L:-   M:yes
2026-08-28 17:24:00 | FOUND      | TMDB       | Larin izbor                              | larin izbor                              | P:yes B:-   L:-   M:yes
2026-08-28 17:24:57 | NOT_FOUND  | TMDB/ELCIN | In Magazin                               | in magazin                               | P:-   B:-   L:-   M:-  
2026-08-28 17:24:57 | NOT_FOUND  | TMDB/ELCIN | Vijesti u 17:00                          | vijesti u 17:00                          | P:-   B:-   L:-   M:-  
2026-08-28 17:24:57 | NOT_FOUND  | TMDB/ELCIN | Čista ljubav, serija                     | čista ljubav, serija                     | P:-   B:-   L:-   M:-  
2026-08-28 17:24:57 | NOT_FOUND  | TMDB/ELCIN | Dnevnik Nove TV                          | dnevnik nove tv                          | P:-   B:-   L:-   M:-  
2026-08-28 17:24:58 | NOT_FOUND  | TMDB/ELCIN | Daleki grad 2, ep. 84. serija            | daleki grad 2, . serija                  | P:-   B:-   L:-   M:-  
2026-08-28 17:25:00 | FOUND      | TMDB       | Jízda do pekel                           | jízda do pekel                           | P:yes B:-   L:yes M:yes
2026-08-28 17:25:00 | FOUND      | TMDB       | Total Recall                             | total recall                             | P:yes B:-   L:yes M:yes
2026-08-28 17:25:00 | FOUND      | TMDB       | Černá kočka, bílý kocour                 | černá kočka, bílý kocour                 | P:yes B:-   L:yes M:yes
2026-08-28 17:25:00 | FOUND      | TMDB       | Podfukáři                                | podfukáři                                | P:yes B:-   L:yes M:yes
2026-08-28 17:25:00 | FOUND      | TMDB       | Pěst plná hněvu                          | pěst plná hněvu                          | P:yes B:-   L:yes M:yes
2026-08-28 17:25:02 | NOT_FOUND  | TMDB/ELCIN | Lucifer I (8)                            | lucifer i (8)                            | P:-   B:-   L:-   M:-  
2026-08-28 17:25:02 | NOT_FOUND  | TMDB/ELCIN | JAG IV (1)                               | jag iv (1)                               | P:-   B:-   L:-   M:-  
2026-08-28 17:25:02 | NOT_FOUND  | TMDB/ELCIN | Lucifer I (7)                            | lucifer i (7)                            | P:-   B:-   L:-   M:-  
2026-08-28 17:25:02 | NOT_FOUND  | TMDB/ELCIN | FBI: International II (22)               | fbi: international ii (22)               | P:-   B:-   L:-   M:-  
2026-08-28 17:25:02 | NOT_FOUND  | TMDB/ELCIN | Námořní vyšetřovací služba XX (6)        | námořní vyšetřovací služba xx (6)        | P:-   B:-   L:-   M:-  
2026-08-28 17:25:04 | NOT_FOUND  | TMDB/ELCIN | Izdajnik                                 | izdajnik                                 | P:-   B:-   L:-   M:-  
2026-08-28 17:25:05 | NOT_FOUND  | TMDB/ELCIN | Domino efekat                            | domino efekat                            | P:-   B:-   L:-   M:-  
2026-08-28 17:25:05 | NOT_FOUND  | TMDB/ELCIN | Nevidljivi cirkus                        | nevidljivi cirkus                        | P:-   B:-   L:-   M:-  
2026-08-28 17:25:05 | NOT_FOUND  | TMDB/ELCIN | Nebeski atentator                        | nebeski atentator                        | P:-   B:-   L:-   M:-  
2026-08-28 17:25:05 | FOUND      | TMDB       | 300: Bitka kod Termopila                 | 300: bitka kod termopila                 | P:yes B:-   L:yes M:yes
2026-08-28 17:25:07 | NOT_FOUND  | TMDB/ELCIN | Dečko koji obećava                       | dečko koji obećava                       | P:-   B:-   L:-   M:-  
2026-08-28 17:25:07 | NOT_FOUND  | TMDB/ELCIN | Već viđeno                               | već viđeno                               | P:-   B:-   L:-   M:-  
2026-08-28 17:25:07 | FOUND      | TMDB       | Četvrti čovek                            | četvrti čovek                            | P:yes B:-   L:-   M:yes
2026-08-28 17:25:07 | FOUND      | TMDB       | Šmeker                                   | šmeker                                   | P:yes B:-   L:-   M:yes
2026-08-28 17:25:07 | FOUND      | TMDB       | Sarajevski atentat                       | sarajevski atentat                       | P:yes B:-   L:-   M:yes
2026-08-28 17:25:09 | NOT_FOUND  | TMDB/ELCIN | Crna misa                                | crna misa                                | P:-   B:-   L:-   M:-  
2026-08-28 17:25:09 | NOT_FOUND  | TMDB/ELCIN | Šta je najgore što se može desiti        | šta je najgore što se može desiti        | P:-   B:-   L:-   M:-  
2026-08-28 17:25:09 | NOT_FOUND  | TMDB/ELCIN | Propadanje                               | propadanje                               | P:-   B:-   L:-   M:-  
2026-08-28 17:25:09 | NOT_FOUND  | TMDB/ELCIN | Sve što ona može                         | sve što ona može                         | P:-   B:-   L:-   M:-  
2026-08-28 17:25:09 | NOT_FOUND  | TMDB/ELCIN | Čudovište iz Martfija                    | čudovište iz martfija                    | P:-   B:-   L:-   M:-  
2026-08-28 17:25:11 | NOT_FOUND  | TMDB/ELCIN | Vojska tame                              | vojska tame                              | P:-   B:-   L:-   M:-  
2026-08-28 17:25:11 | NOT_FOUND  | TMDB/ELCIN | Potpaljivačica                           | potpaljivačica                           | P:-   B:-   L:-   M:-  
2026-08-28 17:25:11 | NOT_FOUND  | TMDB/ELCIN | Deca kukuruza                            | deca kukuruza                            | P:-   B:-   L:-   M:-  
2026-08-28 17:25:11 | NOT_FOUND  | TMDB/ELCIN | Ostrvo duhova                            | ostrvo duhova                            | P:-   B:-   L:-   M:-  
2026-08-28 17:25:11 | NOT_FOUND  | TMDB/ELCIN | Napad ajkule                             | napad ajkule                             | P:-   B:-   L:-   M:-  
2026-08-28 17:25:13 | NOT_FOUND  | TMDB/ELCIN | Tiho mesto 2                             | tiho mesto 2                             | P:-   B:-   L:-   M:-  
2026-08-28 17:25:13 | NOT_FOUND  | TMDB/ELCIN | Sumrak saga: Praskozorje 1. deo          | sumrak saga: praskozorje 1. deo          | P:-   B:-   L:-   M:-  
2026-08-28 17:25:13 | NOT_FOUND  | TMDB/ELCIN | Brajtbern                                | brajtbern                                | P:-   B:-   L:-   M:-  
2026-08-28 17:25:13 | NOT_FOUND  | TMDB/ELCIN | Sumrak saga: Praskozorje 2.deo           | sumrak saga: praskozorje 2.deo           | P:-   B:-   L:-   M:-  
2026-08-28 17:25:13 | NOT_FOUND  | TMDB/ELCIN | Neprobojni monah                         | neprobojni monah                         | P:-   B:-   L:-   M:-  
2026-08-28 17:25:13 | NOT_FOUND  | TMDB/ELCIN | Bitka za Pacifik                         | bitka za pacifik                         | P:-   B:-   L:-   M:-  
2026-08-28 17:25:14 | NOT_FOUND  | TMDB/ELCIN | Krvavi posao                             | krvavi posao                             | P:-   B:-   L:-   M:-  
2026-08-28 17:25:14 | NOT_FOUND  | TMDB/ELCIN | Šifra sabljarka                          | šifra sabljarka                          | P:-   B:-   L:-   M:-  
2026-08-28 17:25:14 | NOT_FOUND  | TMDB/ELCIN | Vremenski tesnac                         | vremenski tesnac                         | P:-   B:-   L:-   M:-  
2026-08-28 17:25:17 | NOT_FOUND  | TMDB/ELCIN | Pomilovani                               | pomilovani                               | P:-   B:-   L:-   M:-  
2026-08-28 17:25:17 | NOT_FOUND  | TMDB/ELCIN | Budan                                    | budan                                    | P:-   B:-   L:-   M:-  
2026-08-28 17:25:17 | NOT_FOUND  | TMDB/ELCIN | Dijabolično                              | dijabolično                              | P:-   B:-   L:-   M:-  
2026-08-28 17:25:17 | NOT_FOUND  | TMDB/ELCIN | Brzi Čarli                               | brzi čarli                               | P:-   B:-   L:-   M:-  
2026-08-28 17:25:17 | FOUND      | TMDB       | Ubica                                    | ubica                                    | P:yes B:-   L:-   M:yes
2026-08-28 17:25:19 | NOT_FOUND  | TMDB/ELCIN | Izvan smrti                              | izvan smrti                              | P:-   B:-   L:-   M:-  
2026-08-28 17:25:19 | NOT_FOUND  | TMDB/ELCIN | Mesto zločina                            | mesto zločina                            | P:-   B:-   L:-   M:-  
2026-08-28 17:25:19 | NOT_FOUND  | TMDB/ELCIN | Izvlačenje                               | izvlačenje                               | P:-   B:-   L:-   M:-  
2026-08-28 17:25:19 | NOT_FOUND  | TMDB/ELCIN | Petparačke priče                         | petparačke priče                         | P:-   B:-   L:-   M:-  
2026-08-28 17:25:19 | NOT_FOUND  | TMDB/ELCIN | Felicijino putovanje                     | felicijino putovanje                     | P:-   B:-   L:-   M:-  
2026-08-28 17:25:20 | NOT_FOUND  | TMDB/ELCIN | Visoka temperatura                       | visoka temperatura                       | P:-   B:-   L:-   M:-  
2026-08-28 17:25:20 | NOT_FOUND  | TMDB/ELCIN | Miris love                               | miris love                               | P:-   B:-   L:-   M:-  
2026-08-28 17:25:20 | NOT_FOUND  | TMDB/ELCIN | Čari košarke                             | čari košarke                             | P:-   B:-   L:-   M:-  
2026-08-28 17:25:20 | NOT_FOUND  | TMDB/ELCIN | Čovek u moru                             | čovek u moru                             | P:-   B:-   L:-   M:-  
2026-08-28 17:25:20 | NOT_FOUND  | TMDB/ELCIN | Dve nedelje za zaljubljivanje            | dve nedelje za zaljubljivanje            | P:-   B:-   L:-   M:-  
2026-08-28 17:25:23 | NOT_FOUND  | TMDB/ELCIN | Zauvek tvoj                              | zauvek tvoj                              | P:-   B:-   L:-   M:-  
2026-08-28 17:25:23 | NOT_FOUND  | TMDB/ELCIN | Ostati živ                               | ostati živ                               | P:-   B:-   L:-   M:-  
2026-08-28 17:25:23 | NOT_FOUND  | TMDB/ELCIN | Njemu baš i nije stalo                   | njemu baš i nije stalo                   | P:-   B:-   L:-   M:-  
2026-08-28 17:25:23 | FOUND      | TMDB       | U tranzitu                               | u tranzitu                               | P:yes B:-   L:-   M:yes
2026-08-28 17:25:23 | FOUND      | TMDB       | Američki žigolo                          | američki žigolo                          | P:yes B:-   L:yes M:yes
2026-08-28 17:25:26 | NOT_FOUND  | TMDB/ELCIN | Ne ostavljaj me                          | ne ostavljaj me                          | P:-   B:-   L:-   M:-  
2026-08-28 17:25:26 | FOUND      | TMDB       | Grim                                     | grim                                     | P:yes B:-   L:-   M:yes
2026-08-28 17:25:27 | FOUND      | TMDB       | Kobra                                    | kobra                                    | P:yes B:-   L:-   M:yes
2026-08-28 17:25:27 | NOT_FOUND  | TMDB/ELCIN | Grad svjetla, film                       | grad svjetla                             | P:-   B:-   L:-   M:-  
2026-08-28 17:25:27 | NOT_FOUND  | TMDB/ELCIN | Neminovni poraz Mistera i Petea, film    | neminovni poraz mistera i petea          | P:-   B:-   L:-   M:-  
2026-08-28 17:25:27 | NOT_FOUND  | TMDB/ELCIN | Zemlja stranaca, film                    | zemlja stranaca                          | P:-   B:-   L:-   M:-  
2026-08-28 17:25:28 | FOUND      | TMDB       | Profesor i luđak, film                   | profesor i luđak                         | P:yes B:-   L:yes M:yes
2026-08-28 17:25:28 | FOUND      | TMDB       | Django, film                             | django                                   | P:yes B:-   L:yes M:yes
2026-08-28 17:25:31 | FOUND      | TMDB       | Miss Scarlet                             | miss scarlet                             | P:yes B:-   L:yes M:yes
2026-08-28 17:25:31 | FOUND      | TMDB       | The Marlow Murder Club                   | the marlow murder club                   | P:yes B:-   L:yes M:yes
2026-08-28 17:25:31 | FOUND      | TMDB       | Agatha Christie's Marple                 | agatha christie's marple                 | P:yes B:-   L:yes M:yes
2026-08-28 17:25:34 | FOUND      | TMDB       | Dnevnik mašinovođe, film                 | dnevnik mašinovođe                       | P:yes B:-   L:-   M:yes
2026-08-28 17:25:34 | FOUND      | TMDB       | Obračun u kazino kabareu, film           | obračun u kazino kabareu                 | P:yes B:-   L:-   M:yes
2026-08-28 17:25:34 | FOUND      | TMDB       | Silverado, film                          | silverado                                | P:yes B:-   L:yes M:yes
2026-08-28 17:25:34 | NOT_FOUND  | TMDB/ELCIN | Sokolov plijen, film                     | sokolov plijen                           | P:-   B:-   L:-   M:-  
2026-08-28 17:25:48 | NOT_FOUND  | TMDB/ELCIN | Keeping Up With The Kardashians 10, ep.  | keeping up with the kardashians 10, . sp | P:-   B:-   L:-   M:-  
2026-08-28 17:25:48 | NOT_FOUND  | TMDB/ELCIN | Keeping Up With The Kardashians 10, ep.  | keeping up with the kardashians 10, . bu | P:-   B:-   L:-   M:-  
2026-08-28 17:25:48 | NOT_FOUND  | TMDB/ELCIN | WAGs LA 2, ep. 3. DM Drama               | wags la 2, . dm drama                    | P:-   B:-   L:-   M:-  
2026-08-28 17:25:48 | NOT_FOUND  | TMDB/ELCIN | The Real Housewives Of London, ep. 5. Al | the real housewives of london, . alcohol | P:-   B:-   L:-   M:-  
2026-08-28 17:25:48 | NOT_FOUND  | TMDB/ELCIN | WAGs LA 2, ep. 4. Secrets In Sin City    | wags la 2, . secrets in sin city         | P:-   B:-   L:-   M:-  
2026-08-28 17:25:49 | NOT_FOUND  | TMDB/ELCIN | Premium Channel                          | premium channel                          | P:-   B:-   L:-   M:-  
2026-08-28 17:25:51 | NOT_FOUND  | TMDB/ELCIN | Rrahje zemre                             | rrahje zemre                             | P:-   B:-   L:-   M:-  
2026-08-28 17:25:51 | NOT_FOUND  | TMDB/ELCIN | Trashëgimtari                            | trashëgimtari                            | P:-   B:-   L:-   M:-  
2026-08-28 17:25:51 | NOT_FOUND  | TMDB/ELCIN | Rënia e mbretit 31                       | rënia e mbretit 31                       | P:-   B:-   L:-   M:-  
2026-08-28 17:25:51 | NOT_FOUND  | TMDB/ELCIN | Lajme Klan Plus                          | lajme klan plus                          | P:-   B:-   L:-   M:-  
2026-08-28 17:25:51 | NOT_FOUND  | TMDB/ELCIN | KUZGUN 43,44,45                          | kuzgun 43,44,45                          | P:-   B:-   L:-   M:-  
2026-08-28 17:25:55 | NOT_FOUND  | TMDB/ELCIN | Riskuj                                   | riskuj                                   | P:-   B:-   L:-   M:-  
2026-08-28 17:25:55 | NOT_FOUND  | TMDB/ELCIN | Bez servítky                             | bez servítky                             | P:-   B:-   L:-   M:-  
2026-08-28 17:25:55 | NOT_FOUND  | TMDB/ELCIN | Noviny TV JOJ                            | noviny tv joj                            | P:-   B:-   L:-   M:-  
2026-08-28 17:25:55 | FOUND      | TMDB       | Inkognito                                | inkognito                                | P:yes B:-   L:-   M:yes
2026-08-28 17:25:55 | FOUND      | TMDB       | Krimi                                    | krimi                                    | P:yes B:-   L:-   M:yes
2026-08-28 17:25:58 | NOT_FOUND  | TMDB/ELCIN | Moja mama varí lepšie ako tvoja          | moja mama varí lepšie ako tvoja          | P:-   B:-   L:-   M:-  
2026-08-28 17:25:58 | NOT_FOUND  | TMDB/ELCIN | Hawaii 5.0 IV (9)                        | hawaii 5.0 iv (9)                        | P:-   B:-   L:-   M:-  
2026-08-28 17:25:58 | NOT_FOUND  | TMDB/ELCIN | 9-1-1 II (10)                            | 9-1-1 ii (10)                            | P:-   B:-   L:-   M:-  
2026-08-28 17:25:58 | NOT_FOUND  | TMDB/ELCIN | Profesionáli (13)                        | profesionáli (13)                        | P:-   B:-   L:-   M:-  
2026-08-28 17:25:59 | FOUND      | TMDB       | Dni hromu                                | dni hromu                                | P:yes B:-   L:yes M:yes
2026-08-28 17:26:01 | NOT_FOUND  | TMDB/ELCIN | CSI: Kriminálka New York VIII (17)       | csi: kriminálka new york viii (17)       | P:-   B:-   L:-   M:-  
2026-08-28 17:26:01 | NOT_FOUND  | TMDB/ELCIN | Vtierka Castle III (21)                  | vtierka castle iii (21)                  | P:-   B:-   L:-   M:-  
2026-08-28 17:26:01 | NOT_FOUND  | TMDB/ELCIN | Vtierka Castle III (22)                  | vtierka castle iii (22)                  | P:-   B:-   L:-   M:-  
2026-08-28 17:26:01 | NOT_FOUND  | TMDB/ELCIN | CSI: Kriminálka New York VIII (16)       | csi: kriminálka new york viii (16)       | P:-   B:-   L:-   M:-  
2026-08-28 17:26:01 | NOT_FOUND  | TMDB/ELCIN | Rapl II (4)                              | rapl ii (4)                              | P:-   B:-   L:-   M:-  
2026-08-28 17:26:06 | NOT_FOUND  | TMDB/ELCIN | Anjeli v pekle                           | anjeli v pekle                           | P:-   B:-   L:-   M:-  
2026-08-28 17:26:06 | NOT_FOUND  | TMDB/ELCIN | Moderná vojna 2.0 I (1)                  | moderná vojna 2.0 i (1)                  | P:-   B:-   L:-   M:-  
2026-08-28 17:26:06 | NOT_FOUND  | TMDB/ELCIN | Hviezdy strieborného plátna I (2)        | hviezdy strieborného plátna i (2)        | P:-   B:-   L:-   M:-  
2026-08-28 17:26:06 | NOT_FOUND  | TMDB/ELCIN | Nebezpečenstvo odhalené                  | nebezpečenstvo odhalené                  | P:-   B:-   L:-   M:-  
2026-08-28 17:26:07 | NOT_FOUND  | TMDB/ELCIN | Rockové legendy II (13)                  | rockové legendy ii (13)                  | P:-   B:-   L:-   M:-  
2026-08-28 17:26:20 | NOT_FOUND  | TMDB/ELCIN | Daleki grad 2, ep. 84. serija            | daleki grad 2, . serija                  | P:-   B:-   L:-   M:-  
2026-08-28 17:26:20 | NOT_FOUND  | TMDB/ELCIN | Daleki grad 2, ep. 84. serija            | daleki grad 2, . serija                  | P:-   B:-   L:-   M:-  
2026-08-28 17:26:20 | NOT_FOUND  | TMDB/ELCIN | Vijesti u 17:00                          | vijesti u 17:00                          | P:-   B:-   L:-   M:-  
2026-08-28 17:26:20 | NOT_FOUND  | TMDB/ELCIN | In Magazin                               | in magazin                               | P:-   B:-   L:-   M:-  
2026-08-28 17:26:20 | NOT_FOUND  | TMDB/ELCIN | Čista ljubav, serija                     | čista ljubav, serija                     | P:-   B:-   L:-   M:-  
2026-08-28 17:26:20 | NOT_FOUND  | TMDB/ELCIN | Dnevnik Nove TV                          | dnevnik nove tv                          | P:-   B:-   L:-   M:-  
2026-08-28 17:26:20 | NOT_FOUND  | TMDB/ELCIN | Daleki grad 2, ep. 84. serija            | daleki grad 2, . serija                  | P:-   B:-   L:-   M:-  
2026-08-28 17:26:23 | NOT_FOUND  | TMDB/ELCIN | Ordinace v růžové zahradě II (447)       | ordinace v růžové zahradě ii (447)       | P:-   B:-   L:-   M:-  
2026-08-28 17:26:23 | NOT_FOUND  | TMDB/ELCIN | Odpolední Počasí                         | odpolední počasí                         | P:-   B:-   L:-   M:-  
2026-08-28 17:26:23 | NOT_FOUND  | TMDB/ELCIN | Odpolední Televizní noviny               | odpolední televizní noviny               | P:-   B:-   L:-   M:-  
2026-08-28 17:26:23 | NOT_FOUND  | TMDB/ELCIN | Odpolední Sportovní noviny               | odpolední sportovní noviny               | P:-   B:-   L:-   M:-  
2026-08-28 17:26:23 | NOT_FOUND  | TMDB/ELCIN | Na lovu VI (63)                          | na lovu vi (63)                          | P:-   B:-   L:-   M:-  
2026-08-28 17:26:24 | NOT_FOUND  | TMDB/ELCIN | Rodinné prípady (63)                     | rodinné prípady (63)                     | P:-   B:-   L:-   M:-  
2026-08-28 17:26:24 | NOT_FOUND  | TMDB/ELCIN | Prvé televízne noviny                    | prvé televízne noviny                    | P:-   B:-   L:-   M:-  
2026-08-28 17:26:24 | NOT_FOUND  | TMDB/ELCIN | Prvé športové noviny                     | prvé športové noviny                     | P:-   B:-   L:-   M:-  
2026-08-28 17:26:24 | NOT_FOUND  | TMDB/ELCIN | Rodinné prípady (45)                     | rodinné prípady (45)                     | P:-   B:-   L:-   M:-  
2026-08-28 17:26:24 | FOUND      | TMDB       | Reflex                                   | reflex                                   | P:yes B:-   L:-   M:yes
2026-08-28 17:26:26 | NOT_FOUND  | TMDB/ELCIN | Komisár Rex I (11)                       | komisár rex i (11)                       | P:-   B:-   L:-   M:-  
2026-08-28 17:26:26 | NOT_FOUND  | TMDB/ELCIN | Kobra 11 XIX (1)                         | kobra 11 xix (1)                         | P:-   B:-   L:-   M:-  
2026-08-28 17:26:26 | NOT_FOUND  | TMDB/ELCIN | Komisár Rex I (12)                       | komisár rex i (12)                       | P:-   B:-   L:-   M:-  
2026-08-28 17:26:26 | NOT_FOUND  | TMDB/ELCIN | M.A.S.H VII (20)                         | m.a.s.h vii (20)                         | P:-   B:-   L:-   M:-  
2026-08-28 17:26:26 | NOT_FOUND  | TMDB/ELCIN | Pobrežná hliadka III (17)                | pobrežná hliadka iii (17)                | P:-   B:-   L:-   M:-  
2026-08-28 17:26:28 | NOT_FOUND  | TMDB/ELCIN | Kosti I (4)                              | kosti i (4)                              | P:-   B:-   L:-   M:-  
2026-08-28 17:26:28 | NOT_FOUND  | TMDB/ELCIN | Odložený prípad III (19)                 | odložený prípad iii (19)                 | P:-   B:-   L:-   M:-  
2026-08-28 17:26:28 | NOT_FOUND  | TMDB/ELCIN | Odložený prípad III (20)                 | odložený prípad iii (20)                 | P:-   B:-   L:-   M:-  
2026-08-28 17:26:29 | FOUND      | TMDB       | NCIS - Námorný vyšetrovací úrad XVIII (1 | ncis - námorný vyšetrovací úrad xviii (1 | P:yes B:-   L:yes M:yes
2026-08-28 17:26:29 | FOUND      | TMDB       | NCIS - Námorný vyšetrovací úrad XVIII (1 | ncis - námorný vyšetrovací úrad xviii (1 | P:yes B:-   L:yes M:yes
2026-08-28 17:26:31 | NOT_FOUND  | TMDB/ELCIN | Dva a pol chlapa I (3)                   | dva a pol chlapa i (3)                   | P:-   B:-   L:-   M:-  
2026-08-28 17:26:31 | NOT_FOUND  | TMDB/ELCIN | Priatelia VIII (19)                      | priatelia viii (19)                      | P:-   B:-   L:-   M:-  
2026-08-28 17:26:31 | NOT_FOUND  | TMDB/ELCIN | Mladý Sheldon V (20)                     | mladý sheldon v (20)                     | P:-   B:-   L:-   M:-  
2026-08-28 17:26:31 | NOT_FOUND  | TMDB/ELCIN | Mladý Sheldon V (21)                     | mladý sheldon v (21)                     | P:-   B:-   L:-   M:-  
2026-08-28 17:26:32 | FOUND      | TMDB       | Dva a pol chlapa I (2)                   | dva a pol chlapa i (2)                   | P:yes B:-   L:yes M:yes
2026-08-28 17:26:35 | NOT_FOUND  | TMDB/ELCIN | Vôňa vášne (76)                          | vôňa vášne (76)                          | P:-   B:-   L:-   M:-  
2026-08-28 17:26:35 | NOT_FOUND  | TMDB/ELCIN | Zakázané ovocie II (99)                  | zakázané ovocie ii (99)                  | P:-   B:-   L:-   M:-  
2026-08-28 17:26:35 | NOT_FOUND  | TMDB/ELCIN | Vôňa vášne (75)                          | vôňa vášne (75)                          | P:-   B:-   L:-   M:-  
2026-08-28 17:26:35 | NOT_FOUND  | TMDB/ELCIN | Chicago Med VIII (4)                     | chicago med viii (4)                     | P:-   B:-   L:-   M:-  
2026-08-28 17:26:35 | NOT_FOUND  | TMDB/ELCIN | Zakázané ovocie II (98)                  | zakázané ovocie ii (98)                  | P:-   B:-   L:-   M:-  
2026-08-28 17:26:35 | NOT_FOUND  | TMDB/ELCIN | Priatelia VIII (19)                      | priatelia viii (19)                      | P:-   B:-   L:-   M:-  
2026-08-28 17:26:35 | NOT_FOUND  | TMDB/ELCIN | Dva a pol chlapa I (3)                   | dva a pol chlapa i (3)                   | P:-   B:-   L:-   M:-  
2026-08-28 17:26:35 | NOT_FOUND  | TMDB/ELCIN | Mladý Sheldon V (20)                     | mladý sheldon v (20)                     | P:-   B:-   L:-   M:-  
2026-08-28 17:26:35 | NOT_FOUND  | TMDB/ELCIN | Mladý Sheldon V (21)                     | mladý sheldon v (21)                     | P:-   B:-   L:-   M:-  
2026-08-28 17:26:35 | NOT_FOUND  | TMDB/ELCIN | Priatelia VIII (19)                      | priatelia viii (19)                      | P:-   B:-   L:-   M:-  
2026-08-28 17:26:37 | NOT_FOUND  | TMDB/ELCIN | Vôňa vášne (75)                          | vôňa vášne (75)                          | P:-   B:-   L:-   M:-  
2026-08-28 17:26:37 | NOT_FOUND  | TMDB/ELCIN | Vôňa vášne (76)                          | vôňa vášne (76)                          | P:-   B:-   L:-   M:-  
2026-08-28 17:26:37 | NOT_FOUND  | TMDB/ELCIN | Chicago Med VIII (4)                     | chicago med viii (4)                     | P:-   B:-   L:-   M:-  
2026-08-28 17:26:37 | NOT_FOUND  | TMDB/ELCIN | Zakázané ovocie II (98)                  | zakázané ovocie ii (98)                  | P:-   B:-   L:-   M:-  
2026-08-28 17:26:37 | NOT_FOUND  | TMDB/ELCIN | Zakázané ovocie II (99)                  | zakázané ovocie ii (99)                  | P:-   B:-   L:-   M:-  
2026-08-28 17:26:37 | NOT_FOUND  | TMDB/ELCIN | Vôňa vášne (75)                          | vôňa vášne (75)                          | P:-   B:-   L:-   M:-  
2026-08-28 17:26:39 | NOT_FOUND  | TMDB/ELCIN | Cobra 11, ep. 17. serija                 | cobra 11, . serija                       | P:-   B:-   L:-   M:-  
2026-08-28 17:26:39 | NOT_FOUND  | TMDB/ELCIN | S.W.A.T., ep. 1. serija                  | s.w.a.t., . serija                       | P:-   B:-   L:-   M:-  
2026-08-28 17:26:39 | NOT_FOUND  | TMDB/ELCIN | Oceanovih dvanaest, film                 | oceanovih dvanaest                       | P:-   B:-   L:-   M:-  
2026-08-28 17:26:40 | NOT_FOUND  | TMDB/ELCIN | Správy                                   | správy                                   | P:-   B:-   L:-   M:-  
2026-08-28 17:26:40 | NOT_FOUND  | TMDB/ELCIN | Detektívi zo severu IX                   | detektívi zo severu ix                   | P:-   B:-   L:-   M:-  
2026-08-28 17:26:40 | NOT_FOUND  | TMDB/ELCIN | Krátke správy                            | krátke správy                            | P:-   B:-   L:-   M:-  
2026-08-28 17:26:40 | FOUND      | TMDB       | Duel                                     | duel                                     | P:yes B:-   L:-   M:yes
2026-08-28 17:26:40 | NOT_FOUND  | TMDB/ELCIN | Úžasné záhrady                           | úžasné záhrady                           | P:-   B:-   L:-   M:-  
2026-08-28 17:26:43 | NOT_FOUND  | TMDB/ELCIN | Večerníček                               | večerníček                               | P:-   B:-   L:-   M:-  
2026-08-28 17:26:43 | NOT_FOUND  | TMDB/ELCIN | Retro noviny                             | retro noviny                             | P:-   B:-   L:-   M:-  
2026-08-28 17:26:43 | FOUND      | TMDB       | Noc v archíve                            | noc v archíve                            | P:yes B:-   L:-   M:yes
2026-08-28 17:26:43 | FOUND      | TMDB       | Zberateľ zvukov                          | zberateľ zvukov                          | P:yes B:-   L:-   M:yes
2026-08-28 17:26:43 | NOT_FOUND  | TMDB/ELCIN | Tam je hviezda Sírius (1/2)              | tam je hviezda sírius (1 2)              | P:-   B:-   L:-   M:-  
2026-08-28 17:26:46 | NOT_FOUND  | TMDB/ELCIN | Šťastná 7                                | šťastná 7                                | P:-   B:-   L:-   M:-  
2026-08-28 17:26:47 | NOT_FOUND  | TMDB/ELCIN | Policie Delta                            | policie delta                            | P:-   B:-   L:-   M:-  
2026-08-28 17:26:47 | NOT_FOUND  | TMDB/ELCIN | Naše zprávy                              | naše zprávy                              | P:-   B:-   L:-   M:-  
2026-08-28 17:26:47 | FOUND      | TMDB       | Záchranáři                               | záchranáři                               | P:yes B:-   L:-   M:yes
2026-08-28 17:26:47 | FOUND      | TMDB       | Popelka                                  | popelka                                  | P:yes B:-   L:-   M:yes
2026-08-28 17:26:49 | NOT_FOUND  | TMDB/ELCIN | Rozlúčkový zápas Zdena Cháru             | rozlúčkový zápas zdena cháru             | P:-   B:-   L:-   M:-  
2026-08-28 17:26:49 | NOT_FOUND  | TMDB/ELCIN | Bedminton                                | bedminton                                | P:-   B:-   L:-   M:-  
2026-08-28 17:26:50 | NOT_FOUND  | TMDB/ELCIN | Volejbal - ME 2026 ženy                  | volejbal - me 2026 ženy                  | P:-   B:-   L:-   M:-  
2026-08-28 17:27:09 | NOT_FOUND  | TMDB/ELCIN | Hercule Poirot V (8)                     | hercule poirot v (8)                     | P:-   B:-   L:-   M:-  
2026-08-28 17:27:09 | NOT_FOUND  | TMDB/ELCIN | Big Ben VIII (3)                         | big ben viii (3)                         | P:-   B:-   L:-   M:-  
2026-08-28 17:27:09 | NOT_FOUND  | TMDB/ELCIN | Vraždy v Kitzbühelu IX (2)               | vraždy v kitzbühelu ix (2)               | P:-   B:-   L:-   M:-  
2026-08-28 17:27:09 | NOT_FOUND  | TMDB/ELCIN | Vraždy v Kitzbühelu IX (3)               | vraždy v kitzbühelu ix (3)               | P:-   B:-   L:-   M:-  
2026-08-28 17:27:09 | NOT_FOUND  | TMDB/ELCIN | Hercule Poirot IV (1)                    | hercule poirot iv (1)                    | P:-   B:-   L:-   M:-  
2026-08-28 17:27:11 | NOT_FOUND  | TMDB/ELCIN | Polabí (81)                              | polabí (81)                              | P:-   B:-   L:-   M:-  
2026-08-28 17:27:11 | FOUND      | TMDB       | Máme rádi Česko                          | máme rádi česko                          | P:yes B:-   L:-   M:yes
2026-08-28 17:27:11 | FOUND      | TMDB       | Prostřeno!                               | prostřeno!                               | P:yes B:-   L:-   M:yes
2026-08-28 17:27:14 | NOT_FOUND  | TMDB/ELCIN | Sladká pomsta (16)                       | sladká pomsta (16)                       | P:-   B:-   L:-   M:-  
2026-08-28 17:27:14 | NOT_FOUND  | TMDB/ELCIN | Doktor z hor: Nové příběhy IV (1)        | doktor z hor: nové příběhy iv (1)        | P:-   B:-   L:-   M:-  
2026-08-28 17:27:14 | NOT_FOUND  | TMDB/ELCIN | Doktor z hor: Nové příběhy III (18)      | doktor z hor: nové příběhy iii (18)      | P:-   B:-   L:-   M:-  
2026-08-28 17:27:14 | FOUND      | TMDB       | Ano, šéfe!                               | ano, šéfe!                               | P:yes B:-   L:-   M:yes
2026-08-28 17:27:14 | FOUND      | TMDB       | Rosamunde Pilcher                        | rosamunde pilcher                        | P:yes B:-   L:-   M:yes
2026-08-28 17:27:17 | NOT_FOUND  | TMDB/ELCIN | Sladká pomsta (16)                       | sladká pomsta (16)                       | P:-   B:-   L:-   M:-  
2026-08-28 17:27:17 | NOT_FOUND  | TMDB/ELCIN | Doktor z hor: Nové příběhy III (18)      | doktor z hor: nové příběhy iii (18)      | P:-   B:-   L:-   M:-  
2026-08-28 17:27:17 | NOT_FOUND  | TMDB/ELCIN | Doktor z hor: Nové příběhy IV (1)        | doktor z hor: nové příběhy iv (1)        | P:-   B:-   L:-   M:-  
2026-08-28 17:27:17 | NOT_FOUND  | TMDB/ELCIN | Sladká pomsta (16)                       | sladká pomsta (16)                       | P:-   B:-   L:-   M:-  
2026-08-28 17:27:19 | NOT_FOUND  | TMDB/ELCIN | Autosalon                                | autosalon                                | P:-   B:-   L:-   M:-  
2026-08-28 17:27:19 | NOT_FOUND  | TMDB/ELCIN | Top Gear XXII (6)                        | top gear xxii (6)                        | P:-   B:-   L:-   M:-  
2026-08-28 17:27:19 | NOT_FOUND  | TMDB/ELCIN | Top Gear XXII (7)                        | top gear xxii (7)                        | P:-   B:-   L:-   M:-  
2026-08-28 17:27:19 | FOUND      | TMDB       | Policie v akci                           | policie v akci                           | P:yes B:-   L:-   M:yes
2026-08-28 17:27:19 | FOUND      | TMDB       | Prima Partička                           | prima partička                           | P:yes B:-   L:-   M:yes
2026-08-28 17:27:21 | NOT_FOUND  | TMDB/ELCIN | Autosalon                                | autosalon                                | P:-   B:-   L:-   M:-  
2026-08-28 17:27:21 | FOUND      | TMDB       | Policie v akci                           | policie v akci                           | P:yes B:-   L:-   M:yes
2026-08-28 17:27:21 | NOT_FOUND  | TMDB/ELCIN | Top Gear XXII (6)                        | top gear xxii (6)                        | P:-   B:-   L:-   M:-  
2026-08-28 17:27:21 | NOT_FOUND  | TMDB/ELCIN | Top Gear XXII (7)                        | top gear xxii (7)                        | P:-   B:-   L:-   M:-  
2026-08-28 17:27:21 | FOUND      | TMDB       | Policie v akci                           | policie v akci                           | P:yes B:-   L:-   M:yes
2026-08-28 17:27:22 | NOT_FOUND  | TMDB/ELCIN | Rockové legendy II (13)                  | rockové legendy ii (13)                  | P:-   B:-   L:-   M:-  
2026-08-28 17:27:22 | NOT_FOUND  | TMDB/ELCIN | Rockové legendy II (13)                  | rockové legendy ii (13)                  | P:-   B:-   L:-   M:-  
2026-08-28 17:27:22 | NOT_FOUND  | TMDB/ELCIN | Anjeli v pekle                           | anjeli v pekle                           | P:-   B:-   L:-   M:-  
2026-08-28 17:27:22 | NOT_FOUND  | TMDB/ELCIN | Hviezdy strieborného plátna I (2)        | hviezdy strieborného plátna i (2)        | P:-   B:-   L:-   M:-  
2026-08-28 17:27:22 | NOT_FOUND  | TMDB/ELCIN | Moderná vojna 2.0 I (1)                  | moderná vojna 2.0 i (1)                  | P:-   B:-   L:-   M:-  
2026-08-28 17:27:22 | NOT_FOUND  | TMDB/ELCIN | Nebezpečenstvo odhalené                  | nebezpečenstvo odhalené                  | P:-   B:-   L:-   M:-  
2026-08-28 17:27:22 | NOT_FOUND  | TMDB/ELCIN | Rockové legendy II (13)                  | rockové legendy ii (13)                  | P:-   B:-   L:-   M:-  
2026-08-28 17:27:25 | NOT_FOUND  | TMDB/ELCIN | RTL Danas                                | rtl danas                                | P:-   B:-   L:-   M:-  
2026-08-28 17:27:26 | NOT_FOUND  | TMDB/ELCIN | Večera za 5, ep. 19. kulinarski show     | večera za 5, . kulinarski show           | P:-   B:-   L:-   M:-  
2026-08-28 17:27:26 | NOT_FOUND  | TMDB/ELCIN | Dođi, pogodi, osvoji! 3, ep. 77. game sh | dođi, pogodi, osvoji! 3, . game show     | P:-   B:-   L:-   M:-  
2026-08-28 17:27:27 | NOT_FOUND  | TMDB/ELCIN | Djevojke na zadatku 2, ep. 6. serija     | djevojke na zadatku 2, . serija          | P:-   B:-   L:-   M:-  
2026-08-28 17:27:27 | NOT_FOUND  | TMDB/ELCIN | Dr. House 3, ep. 18. serija              | dr. house 3, . serija                    | P:-   B:-   L:-   M:-  
2026-08-28 17:27:27 | NOT_FOUND  | TMDB/ELCIN | Hitna: Chicago 7, ep. 19. serija         | hitna: chicago 7, . serija               | P:-   B:-   L:-   M:-  
2026-08-28 17:27:27 | NOT_FOUND  | TMDB/ELCIN | Chicago u plamenu 7, ep. 2. serija       | chicago u plamenu 7, . serija            | P:-   B:-   L:-   M:-  
2026-08-28 17:27:30 | NOT_FOUND  | TMDB/ELCIN | Djevojke na zadatku 5, ep. 18. serija    | djevojke na zadatku 5, . serija          | P:-   B:-   L:-   M:-  
2026-08-28 17:27:30 | NOT_FOUND  | TMDB/ELCIN | Poirot 2, ep. 1. serija                  | poirot 2, . serija                       | P:-   B:-   L:-   M:-  
2026-08-28 17:27:30 | NOT_FOUND  | TMDB/ELCIN | Inspektor Rex 3, ep. 1. serija           | inspektor rex 3, . serija                | P:-   B:-   L:-   M:-  
2026-08-28 17:27:31 | NOT_FOUND  | TMDB/ELCIN | Zaboravljeni slučaj 7, ep. 12. serija    | zaboravljeni slučaj 7, . serija          | P:-   B:-   L:-   M:-  
2026-08-28 17:27:31 | NOT_FOUND  | TMDB/ELCIN | Slatka osveta, ep. 8. serija             | slatka osveta, . serija                  | P:-   B:-   L:-   M:-  
2026-08-28 17:27:31 | NOT_FOUND  | TMDB/ELCIN | Gospodar neba 5, ep. 41. serija          | gospodar neba 5, . serija                | P:-   B:-   L:-   M:-  
2026-08-28 17:27:31 | NOT_FOUND  | TMDB/ELCIN | Anđeo osvete, ep. 92. serija             | anđeo osvete, . serija                   | P:-   B:-   L:-   M:-  
2026-08-28 17:27:33 | NOT_FOUND  | TMDB/ELCIN | Bibin čarobni svijet, ep. 34.            | bibin čarobni svijet                     | P:-   B:-   L:-   M:-  
2026-08-28 17:27:33 | NOT_FOUND  | TMDB/ELCIN | Crtež dana, ep. 240.                     | crtež dana                               | P:-   B:-   L:-   M:-  
2026-08-28 17:27:33 | FOUND      | TMDB       | Oggy i žohari, ep. 22.                   | oggy i žohari                            | P:yes B:-   L:yes M:yes
2026-08-28 17:27:34 | FOUND      | TMDB       | Yu-Gi-Oh! Sevens, ep. 11.                | yu-gi-oh! sevens                         | P:yes B:-   L:yes M:yes
2026-08-28 17:27:34 | NOT_FOUND  | TMDB/ELCIN | Oggy i žohari 5, ep. 20.                 | oggy i žohari 5                          | P:-   B:-   L:-   M:-  
2026-08-28 17:27:35 | FOUND      | TMDB       | Farma, ep. 60. reality show              | farma                                    | P:yes B:-   L:-   M:yes
2026-08-28 17:27:35 | FOUND      | TMDB       | Hell's Kitchen Hrvatska, ep. 16.         | hell's kitchen hrvatska                  | P:yes B:-   L:-   M:yes
2026-08-28 17:27:35 | NOT_FOUND  | TMDB/ELCIN | Bijeg u dvorac: Sam svoj majstor 3, ep.  | bijeg u dvorac: sam svoj majstor 3       | P:-   B:-   L:-   M:-  
2026-08-28 17:27:35 | NOT_FOUND  | TMDB/ELCIN | Brak na prvu: Australija 9, ep. 28. real | brak na prvu: australija 9               | P:-   B:-   L:-   M:-  
2026-08-28 17:27:35 | FOUND      | TMDB       | Love Island: All Stars, ep. 20.          | love island: all stars                   | P:yes B:-   L:yes M:yes
2026-08-28 17:27:38 | NOT_FOUND  | TMDB/ELCIN | Data Stories                             | data stories                             | P:-   B:-   L:-   M:-  
2026-08-28 17:27:38 | NOT_FOUND  | TMDB/ELCIN | Fast Check                               | fast check                               | P:-   B:-   L:-   M:-  
2026-08-28 17:27:38 | NOT_FOUND  | TMDB/ELCIN | Edicion informativ                       | edicion informativ                       | P:-   B:-   L:-   M:-  
2026-08-28 17:27:38 | FOUND      | TMDB       | Fol                                      | fol                                      | P:yes B:-   L:-   M:yes
2026-08-28 17:27:39 | FOUND      | TMDB       | Serial                                   | serial                                   | P:yes B:-   L:yes M:yes
2026-08-28 17:27:40 | NOT_FOUND  | TMDB/ELCIN | Lajme Klan Plus                          | lajme klan plus                          | P:-   B:-   L:-   M:-  
2026-08-28 17:27:40 | NOT_FOUND  | TMDB/ELCIN | Lajme Klan Plus                          | lajme klan plus                          | P:-   B:-   L:-   M:-  
2026-08-28 17:27:40 | NOT_FOUND  | TMDB/ELCIN | Lajme Klan Plus                          | lajme klan plus                          | P:-   B:-   L:-   M:-  
2026-08-28 17:27:40 | NOT_FOUND  | TMDB/ELCIN | Lajme Klan Plus                          | lajme klan plus                          | P:-   B:-   L:-   M:-  
2026-08-28 17:27:40 | NOT_FOUND  | TMDB/ELCIN | Shpirt i egër                            | shpirt i egër                            | P:-   B:-   L:-   M:-  
2026-08-28 17:27:40 | NOT_FOUND  | TMDB/ELCIN | Çapkëni i pasur                          | çapkëni i pasur                          | P:-   B:-   L:-   M:-  
2026-08-28 17:27:40 | FOUND      | TMDB       | OMER                                     | omer                                     | P:yes B:-   L:-   M:yes
2026-08-28 17:27:43 | NOT_FOUND  | TMDB/ELCIN | RTSH 1                                   | rtsh 1                                   | P:-   B:-   L:-   M:-  
2026-08-28 17:27:43 | NOT_FOUND  | TMDB/ELCIN | Programet e RTSH                         | programet e rtsh                         | P:-   B:-   L:-   M:-  
2026-08-28 17:27:44 | NOT_FOUND  | TMDB/ELCIN | RTSH 2                                   | rtsh 2                                   | P:-   B:-   L:-   M:-  
2026-08-28 17:27:45 | NOT_FOUND  | TMDB/ELCIN | Programet e RTSH2                        | programet e rtsh2                        | P:-   B:-   L:-   M:-  
2026-08-28 17:27:49 | NOT_FOUND  | TMDB/ELCIN | Izvan formata                            | izvan formata                            | P:-   B:-   L:-   M:-  
2026-08-28 17:27:49 | NOT_FOUND  | TMDB/ELCIN | Svijet jazza                             | svijet jazza                             | P:-   B:-   L:-   M:-  
2026-08-28 17:27:49 | NOT_FOUND  | TMDB/ELCIN | Svijet klasike                           | svijet klasike                           | P:-   B:-   L:-   M:-  
2026-08-28 17:27:49 | NOT_FOUND  | TMDB/ELCIN | Klasika mundi                            | klasika mundi                            | P:-   B:-   L:-   M:-  
2026-08-28 17:27:49 | FOUND      | TMDB       | Mamody - Posljednji dubilac baobaba      | mamody - posljednji dubilac baobaba      | P:yes B:-   L:-   M:yes
2026-08-28 17:27:50 | NOT_FOUND  | TMDB/ELCIN | Ora de Stiri                             | ora de stiri                             | P:-   B:-   L:-   M:-  
2026-08-28 17:27:50 | NOT_FOUND  | TMDB/ELCIN | Istorii de bun gust                      | istorii de bun gust                      | P:-   B:-   L:-   M:-  
2026-08-28 17:27:50 | NOT_FOUND  | TMDB/ELCIN | România... în bucate                     | românia... în bucate                     | P:-   B:-   L:-   M:-  
2026-08-28 17:27:50 | NOT_FOUND  | TMDB/ELCIN | E vremea ta!                             | e vremea ta!                             | P:-   B:-   L:-   M:-  
2026-08-28 17:27:50 | NOT_FOUND  | TMDB/ELCIN | Comisarul Rex: aventuri la Viena         | comisarul rex: aventuri la viena         | P:-   B:-   L:-   M:-  
2026-08-28 17:27:52 | NOT_FOUND  | TMDB/ELCIN | Zgodbe iz školjke                        | zgodbe iz školjke                        | P:-   B:-   L:-   M:-  
2026-08-28 17:27:52 | FOUND      | TMDB       | Šport                                    | šport                                    | P:yes B:-   L:-   M:yes
2026-08-28 17:27:52 | FOUND      | TMDB       | Odmevi                                   | odmevi                                   | P:yes B:-   L:-   M:yes
2026-08-28 17:27:53 | NOT_FOUND  | TMDB/ELCIN | Napoved parlamentarnih aktivnosti        | napoved parlamentarnih aktivnosti        | P:-   B:-   L:-   M:-  
2026-08-28 17:27:53 | NOT_FOUND  | TMDB/ELCIN | Slovenija danes, regionalne novice       | slovenija danes, regionalne novice       | P:-   B:-   L:-   M:-  
2026-08-28 17:27:53 | FOUND      | TMDB       | Vreme                                    | vreme                                    | P:yes B:-   L:-   M:yes
2026-08-28 17:27:53 | NOT_FOUND  | TMDB/ELCIN | Poročila ob petih                        | poročila ob petih                        | P:-   B:-   L:-   M:-  
2026-08-28 17:27:53 | FOUND      | TMDB       | Kultura                                  | kultura                                  | P:yes B:-   L:-   M:yes
2026-08-28 17:27:53 | FOUND      | TMDB       | Timi gre                                 | timi gre                                 | P:yes B:-   L:yes M:yes
2026-08-28 17:27:55 | NOT_FOUND  | TMDB/ELCIN | Videotrak                                | videotrak                                | P:-   B:-   L:-   M:-  
2026-08-28 17:27:55 | NOT_FOUND  | TMDB/ELCIN | Poslednji dnevi druge svetovne vojne     | poslednji dnevi druge svetovne vojne     | P:-   B:-   L:-   M:-  
2026-08-28 17:27:56 | FOUND      | TMDB       | Temni pokrov sveta                       | temni pokrov sveta                       | P:yes B:-   L:-   M:yes
2026-08-28 17:27:56 | FOUND      | TMDB       | Slovenija - Madžarska                    | slovenija - madžarska                    | P:yes B:-   L:-   M:yes
2026-08-28 17:27:56 | NOT_FOUND  | TMDB/ELCIN | Napoved parlamentarnih aktivnosti        | napoved parlamentarnih aktivnosti        | P:-   B:-   L:-   M:-  
2026-08-28 17:27:56 | NOT_FOUND  | TMDB/ELCIN | Slovenija danes, regionalne novice       | slovenija danes, regionalne novice       | P:-   B:-   L:-   M:-  
2026-08-28 17:27:56 | NOT_FOUND  | TMDB/ELCIN | Poročila ob petih                        | poročila ob petih                        | P:-   B:-   L:-   M:-  
2026-08-28 17:27:56 | NOT_FOUND  | TMDB/ELCIN | Napoved parlamentarnih aktivnosti        | napoved parlamentarnih aktivnosti        | P:-   B:-   L:-   M:-  
2026-08-28 17:27:58 | NOT_FOUND  | TMDB/ELCIN | Keeping Up With The Kardashians 10, ep.  | keeping up with the kardashians 10, . sp | P:-   B:-   L:-   M:-  
2026-08-28 17:27:58 | NOT_FOUND  | TMDB/ELCIN | Keeping Up With The Kardashians 10, ep.  | keeping up with the kardashians 10, . bu | P:-   B:-   L:-   M:-  
2026-08-28 17:27:58 | NOT_FOUND  | TMDB/ELCIN | The Real Housewives Of London, ep. 5. Al | the real housewives of london, . alcohol | P:-   B:-   L:-   M:-  
2026-08-28 17:27:58 | NOT_FOUND  | TMDB/ELCIN | WAGs LA 2, ep. 3. DM Drama               | wags la 2, . dm drama                    | P:-   B:-   L:-   M:-  
2026-08-28 17:27:58 | NOT_FOUND  | TMDB/ELCIN | Keeping Up With The Kardashians 10, ep.  | keeping up with the kardashians 10, . sp | P:-   B:-   L:-   M:-  
2026-08-28 17:27:58 | NOT_FOUND  | TMDB/ELCIN | WAGs LA 2, ep. 4. Secrets In Sin City    | wags la 2, . secrets in sin city         | P:-   B:-   L:-   M:-  
2026-08-28 17:28:00 | NOT_FOUND  | TMDB/ELCIN | Premium Channel                          | premium channel                          | P:-   B:-   L:-   M:-  
2026-08-28 17:28:00 | NOT_FOUND  | TMDB/ELCIN | Premium Channel                          | premium channel                          | P:-   B:-   L:-   M:-  
2026-08-28 17:28:00 | NOT_FOUND  | TMDB/ELCIN | Premium Channel                          | premium channel                          | P:-   B:-   L:-   M:-  
2026-08-28 17:28:00 | NOT_FOUND  | TMDB/ELCIN | Premium Channel                          | premium channel                          | P:-   B:-   L:-   M:-  
2026-08-28 17:28:00 | NOT_FOUND  | TMDB/ELCIN | Trashëgimtari                            | trashëgimtari                            | P:-   B:-   L:-   M:-  
2026-08-28 17:28:00 | NOT_FOUND  | TMDB/ELCIN | Rrahje zemre                             | rrahje zemre                             | P:-   B:-   L:-   M:-  
2026-08-28 17:28:00 | NOT_FOUND  | TMDB/ELCIN | Rënia e mbretit 31                       | rënia e mbretit 31                       | P:-   B:-   L:-   M:-  
2026-08-28 17:28:00 | NOT_FOUND  | TMDB/ELCIN | Lajme Klan Plus                          | lajme klan plus                          | P:-   B:-   L:-   M:-  
2026-08-28 17:28:00 | NOT_FOUND  | TMDB/ELCIN | KUZGUN 43,44,45                          | kuzgun 43,44,45                          | P:-   B:-   L:-   M:-  
2026-08-28 17:28:00 | NOT_FOUND  | TMDB/ELCIN | Trashëgimtari                            | trashëgimtari                            | P:-   B:-   L:-   M:-  
2026-08-28 19:32:12 | NOT_FOUND  | TMDB/ELCIN | Seed Elnass                              | seed elnass                              | P:-   B:-   L:-   M:-  
2026-08-28 19:32:12 | NOT_FOUND  | TMDB/ELCIN | Shaqet Faisal                            | shaqet faisal                            | P:-   B:-   L:-   M:-  
2026-08-28 19:32:20 | FOUND      | elcinema   | مورفل كلاسيكس                            | مورفل كلاسيكس                            | P:yes B:-   L:-   M:yes
2026-08-28 19:32:20 | FOUND      | elcinema   | اربو                                     | اربو                                     | P:-   B:-   L:-   M:yes
2026-08-28 19:32:20 | FOUND      | elcinema   | اودبودز                                  | اودبودز                                  | P:yes B:-   L:-   M:yes
2026-08-28 19:32:26 | FOUND      | TMDB       | كامل العدد ج3 حلقة مجمعة                 | كامل العدد ج3                            | P:yes B:-   L:yes M:yes
2026-08-28 19:32:29 | NOT_FOUND  | TMDB/ELCIN | مصر تستطيع                               | مصر تستطيع                               | P:-   B:-   L:-   M:-  
2026-08-28 19:32:29 | FOUND      | TMDB       | سبع البرمبة                              | سبع البرمبة                              | P:yes B:-   L:yes M:yes
2026-08-28 19:32:29 | FOUND      | TMDB       | ميد تيرم حلقة مجمعة                      | ميد تيرم                                 | P:yes B:-   L:yes M:yes
2026-08-28 19:32:29 | FOUND      | elcinema   | وثائقى                                   | وثائقى                                   | P:yes B:-   L:-   M:yes
2026-08-28 19:32:34 | NOT_FOUND  | TMDB/ELCIN | مصر تستطيع                               | مصر تستطيع                               | P:-   B:-   L:-   M:-  
2026-08-28 19:32:36 | NOT_FOUND  | TMDB/ELCIN | مصر تستطيع                               | مصر تستطيع                               | P:-   B:-   L:-   M:-  
2026-08-28 19:32:40 | FOUND      | elcinema   | اودبودز                                  | اودبودز                                  | P:yes B:-   L:-   M:yes
2026-08-28 19:32:40 | FOUND      | elcinema   | اودبودز                                  | اودبودز                                  | P:yes B:-   L:-   M:yes
2026-08-28 19:32:41 | FOUND      | elcinema   | اربو                                     | اربو                                     | P:-   B:-   L:-   M:yes
2026-08-28 19:32:43 | NOT_FOUND  | TMDB/ELCIN | GMA Pinoy                                | gma pinoy                                | P:-   B:-   L:-   M:-  
2026-08-28 19:32:46 | FOUND      | elcinema   | اودبودز                                  | اودبودز                                  | P:yes B:-   L:-   M:yes
2026-08-28 19:32:46 | FOUND      | elcinema   | اودبودز                                  | اودبودز                                  | P:yes B:-   L:-   M:yes
2026-08-28 19:32:46 | FOUND      | elcinema   | اربو                                     | اربو                                     | P:-   B:-   L:-   M:yes
2026-08-28 19:32:47 | NOT_FOUND  | TMDB/ELCIN | مصر تستطيع                               | مصر تستطيع                               | P:-   B:-   L:-   M:-  
2026-08-28 19:32:48 | NOT_FOUND  | TMDB/ELCIN | مصر تستطيع                               | مصر تستطيع                               | P:-   B:-   L:-   M:-  
2026-08-28 19:33:02 | NOT_FOUND  | TMDB/ELCIN | May Show                                 | may show                                 | P:-   B:-   L:-   M:-  
2026-08-28 19:33:02 | NOT_FOUND  | TMDB/ELCIN | Zawag Belakrah                           | zawag belakrah                           | P:-   B:-   L:-   M:-  
2026-08-28 19:33:02 | NOT_FOUND  | TMDB/ELCIN | El Zwga 18                               | el zwga 18                               | P:-   B:-   L:-   M:-  
2026-08-28 19:33:08 | NOT_FOUND  | TMDB/ELCIN | Zawag Belakrah                           | zawag belakrah                           | P:-   B:-   L:-   M:-  
2026-08-28 19:33:08 | NOT_FOUND  | TMDB/ELCIN | May Show                                 | may show                                 | P:-   B:-   L:-   M:-  
2026-08-28 19:33:08 | NOT_FOUND  | TMDB/ELCIN | El Zwga 18                               | el zwga 18                               | P:-   B:-   L:-   M:-  
2026-08-28 19:35:51 | NOT_FOUND  | TMDB/ELCIN | The Patrick Star Show 3 - Ep. 3          | the patrick star show 3                  | P:-   B:-   L:-   M:-  
2026-08-28 19:35:51 | NOT_FOUND  | TMDB/ELCIN | The Loud House 7 - Ep. 166               | the loud house 7                         | P:-   B:-   L:-   M:-  
2026-08-28 19:35:51 | NOT_FOUND  | TMDB/ELCIN | The Patrick Star Show 5 - Ep. 5          | the patrick star show 5                  | P:-   B:-   L:-   M:-  
2026-08-28 19:35:52 | FOUND      | TMDB       | The Marsupilamis - Ep. 21                | the marsupilamis                         | P:yes B:-   L:yes M:yes
2026-08-28 20:19:23 | NOT_FOUND  | TMDB/ELCIN | The Patrick Star Show 5 - Ep. 5          | the patrick star show 5                  | P:-   B:-   L:-   M:-  
2026-08-28 20:19:23 | NOT_FOUND  | TMDB/ELCIN | The Loud House 7 - Ep. 166               | the loud house 7                         | P:-   B:-   L:-   M:-  
2026-08-28 20:19:23 | NOT_FOUND  | TMDB/ELCIN | The Patrick Star Show 3 - Ep. 3          | the patrick star show 3                  | P:-   B:-   L:-   M:-  
2026-08-28 20:19:24 | FOUND      | TMDB       | Ping & Pinga - Ep. 16                    | ping & pinga                             | P:yes B:-   L:-   M:yes
2026-08-28 20:19:24 | NOT_FOUND  | TMDB/ELCIN | Snuggle Puppets - Ep. 1                  | snuggle puppets                          | P:-   B:-   L:-   M:-  
2026-08-28 20:19:24 | NOT_FOUND  | TMDB/ELCIN | Paint Me A Story - Ep. 2                 | paint me a story                         | P:-   B:-   L:-   M:-  
2026-08-28 20:19:24 | NOT_FOUND  | TMDB/ELCIN | Musical Melody - Ep. 6                   | musical melody                           | P:-   B:-   L:-   M:-  
2026-08-28 20:19:24 | NOT_FOUND  | TMDB/ELCIN | First Baby Songs - Ep. 100               | first baby songs                         | P:-   B:-   L:-   M:-  
2026-08-28 20:19:25 | NOT_FOUND  | TMDB/ELCIN | Musical Melody - Ep. 6                   | musical melody                           | P:-   B:-   L:-   M:-  
2026-08-28 20:19:25 | NOT_FOUND  | TMDB/ELCIN | Musical Melody - Ep. 6                   | musical melody                           | P:-   B:-   L:-   M:-  
2026-08-28 20:19:25 | NOT_FOUND  | TMDB/ELCIN | Musical Melody - Ep. 6                   | musical melody                           | P:-   B:-   L:-   M:-  
2026-08-28 20:23:01 | NOT_FOUND  | TMDB/ELCIN | Musical Melody - Ep. 6                   | musical melody                           | P:-   B:-   L:-   M:-  
2026-08-28 20:25:01 | NOT_FOUND  | TMDB/ELCIN | Musical Melody - Ep. 6                   | musical melody                           | P:-   B:-   L:-   M:-  
2026-08-28 20:29:01 | NOT_FOUND  | TMDB/ELCIN | Musical Melody - Ep. 6                   | musical melody                           | P:-   B:-   L:-   M:-  
2026-08-28 20:34:01 | NOT_FOUND  | TMDB/ELCIN | Musical Melody - Ep. 6                   | musical melody                           | P:-   B:-   L:-   M:-  
2026-08-28 20:39:01 | NOT_FOUND  | TMDB/ELCIN | Musical Melody - Ep. 6                   | musical melody                           | P:-   B:-   L:-   M:-  
2026-08-28 20:45:01 | NOT_FOUND  | TMDB/ELCIN | Musical Melody - Ep. 6                   | musical melody                           | P:-   B:-   L:-   M:-  
2026-08-28 20:50:02 | NOT_FOUND  | TMDB/ELCIN | Musical Melody - Ep. 6                   | musical melody                           | P:-   B:-   L:-   M:-  
2026-08-28 20:51:01 | NOT_FOUND  | TMDB/ELCIN | Musical Melody - Ep. 6                   | musical melody                           | P:-   B:-   L:-   M:-  
2026-08-28 20:51:08 | NOT_FOUND  | TMDB/ELCIN | Musical Melody - Ep. 6                   | musical melody                           | P:-   B:-   L:-   M:-  
2026-08-28 20:51:08 | NOT_FOUND  | TMDB/ELCIN | Musical Melody - Ep. 6                   | musical melody                           | P:-   B:-   L:-   M:-  
2026-08-28 20:51:08 | NOT_FOUND  | TMDB/ELCIN | Snuggle Puppets - Ep. 1                  | snuggle puppets                          | P:-   B:-   L:-   M:-  
2026-08-28 20:51:09 | NOT_FOUND  | TMDB/ELCIN | First Baby Songs - Ep. 100               | first baby songs                         | P:-   B:-   L:-   M:-  
2026-08-28 20:51:09 | NOT_FOUND  | TMDB/ELCIN | Paint Me A Story - Ep. 2                 | paint me a story                         | P:-   B:-   L:-   M:-  
2026-08-28 20:51:10 | NOT_FOUND  | TMDB/ELCIN | Ma Habaaya 4 - Ep. 9                     | ma habaaya 4                             | P:-   B:-   L:-   M:-  
2026-08-28 20:51:10 | FOUND      | TMDB       | Les Parents - Ep. 5                      | les parents                              | P:yes B:-   L:-   M:yes
2026-08-28 20:51:13 | NOT_FOUND  | TMDB/ELCIN | 123 NUMBER SQUAD                         | 123 number squad                         | P:-   B:-   L:-   M:-  
2026-08-28 20:51:13 | FOUND      | TMDB       | CAILLOU (NEW) - Ep. 23                   | caillou (new)                            | P:yes B:-   L:-   M:yes
2026-08-28 20:51:13 | FOUND      | TMDB       | Creature Cases - Ep. 21                  | creature cases                           | P:yes B:-   L:yes M:yes
2026-08-28 20:51:14 | FOUND      | TMDB       | STAN & GRAN - Ep. 18                     | stan & gran                              | P:yes B:-   L:yes M:yes
2026-08-28 20:51:14 | FOUND      | TMDB       | MOJO SWOPTOPS - Ep. 1                    | mojo swoptops                            | P:yes B:-   L:yes M:yes
2026-08-28 20:51:24 | NOT_FOUND  | TMDB/ELCIN | 123 NUMBER SQUAD                         | 123 number squad                         | P:-   B:-   L:-   M:-  
2026-08-28 20:51:26 | FOUND      | TMDB       | Paw Patrol 9 - Ep. 210                   | paw patrol 9                             | P:yes B:-   L:-   M:yes
2026-08-28 20:51:26 | NOT_FOUND  | TMDB/ELCIN | Paw Patrol 8 - Ep. 196                   | paw patrol 8                             | P:-   B:-   L:-   M:-  
2026-08-28 20:51:26 | NOT_FOUND  | TMDB/ELCIN | Paw Patrol 8 - Ep. 196                   | paw patrol 8                             | P:-   B:-   L:-   M:-  
2026-08-28 20:51:26 | NOT_FOUND  | TMDB/ELCIN | Peppa Pig 7 - Ep. 260                    | peppa pig 7                              | P:-   B:-   L:-   M:-  
2026-08-28 20:51:26 | FOUND      | TMDB       | Paw Patrol 11 - Ep. 23                   | paw patrol 11                            | P:yes B:-   L:-   M:yes
2026-08-28 20:51:26 | NOT_FOUND  | TMDB/ELCIN | Paw Patrol 8 - Ep. 196                   | paw patrol 8                             | P:-   B:-   L:-   M:-  
2026-08-28 20:51:26 | NOT_FOUND  | TMDB/ELCIN | Paw Patrol 8 - Ep. 196                   | paw patrol 8                             | P:-   B:-   L:-   M:-  
2026-08-28 20:51:33 | NOT_FOUND  | TMDB/ELCIN | The Loud House 7 - Ep. 167               | the loud house 7                         | P:-   B:-   L:-   M:-  
2026-08-28 20:51:33 | NOT_FOUND  | TMDB/ELCIN | The Loud House 7 - Ep. 167               | the loud house 7                         | P:-   B:-   L:-   M:-  
2026-08-28 20:51:41 | NOT_FOUND  | TMDB/ELCIN | Nico & Bianca - Ep. 8                    | nico & bianca                            | P:-   B:-   L:-   M:-  
2026-08-28 20:51:41 | NOT_FOUND  | TMDB/ELCIN | Nico & Bianca - Ep. 8                    | nico & bianca                            | P:-   B:-   L:-   M:-  
2026-08-28 20:56:01 | NOT_FOUND  | TMDB/ELCIN | Nico & Bianca - Ep. 8                    | nico & bianca                            | P:-   B:-   L:-   M:-  
2026-08-28 20:57:55 | NOT_FOUND  | TMDB/ELCIN | Nico & Bianca - Ep. 8                    | nico & bianca                            | P:-   B:-   L:-   M:-  
2026-08-28 20:57:55 | NOT_FOUND  | TMDB/ELCIN | First Baby Songs - Ep. 23                | first baby songs                         | P:-   B:-   L:-   M:-  
2026-08-28 20:57:55 | NOT_FOUND  | TMDB/ELCIN | First Baby Songs - Ep. 14                | first baby songs                         | P:-   B:-   L:-   M:-  
2026-08-28 20:57:55 | NOT_FOUND  | TMDB/ELCIN | Nico & Bianca - Ep. 8                    | nico & bianca                            | P:-   B:-   L:-   M:-  
2026-08-28 20:57:55 | NOT_FOUND  | TMDB/ELCIN | Snowies - Ep. 36                         | snowies                                  | P:-   B:-   L:-   M:-  
2026-08-28 20:57:55 | NOT_FOUND  | TMDB/ELCIN | Good Night Teddy Bear - Ep. 9            | good night teddy bear                    | P:-   B:-   L:-   M:-  
2026-08-28 20:58:01 | NOT_FOUND  | TMDB/ELCIN | Një këngë për jetën                      | një këngë për jetën                      | P:-   B:-   L:-   M:-  
2026-08-28 20:58:01 | NOT_FOUND  | TMDB/ELCIN | Krijesa veçanërisht të zgjuara           | krijesa veçanërisht të zgjuara           | P:-   B:-   L:-   M:-  
2026-08-28 20:58:01 | NOT_FOUND  | TMDB/ELCIN | Filmi i Frikshëm                         | filmi i frikshëm                         | P:-   B:-   L:-   M:-  
2026-08-28 20:58:04 | NOT_FOUND  | TMDB/ELCIN | Megi                                     | megi                                     | P:-   B:-   L:-   M:-  
2026-08-28 20:58:04 | NOT_FOUND  | TMDB/ELCIN | Mashtrimi s'ndalet                       | mashtrimi s'ndalet                       | P:-   B:-   L:-   M:-  
2026-08-28 20:58:04 | NOT_FOUND  | TMDB/ELCIN | Ditari i një adoleshenteje               | ditari i një adoleshenteje               | P:-   B:-   L:-   M:-  
2026-08-28 20:58:04 | NOT_FOUND  | TMDB/ELCIN | Më vrit tri herë                         | më vrit tri herë                         | P:-   B:-   L:-   M:-  
2026-08-28 20:58:06 | NOT_FOUND  | TMDB/ELCIN | Boksieri                                 | boksieri                                 | P:-   B:-   L:-   M:-  
2026-08-28 20:58:06 | NOT_FOUND  | TMDB/ELCIN | Makineria e luftës                       | makineria e luftës                       | P:-   B:-   L:-   M:-  
2026-08-28 20:58:06 | NOT_FOUND  | TMDB/ELCIN | Mrekullia                                | mrekullia                                | P:-   B:-   L:-   M:-  
2026-08-28 20:58:06 | NOT_FOUND  | TMDB/ELCIN | Ambulanca                                | ambulanca                                | P:-   B:-   L:-   M:-  
2026-08-28 20:58:06 | NOT_FOUND  | TMDB/ELCIN | Vrapuesi                                 | vrapuesi                                 | P:-   B:-   L:-   M:-  
2026-08-28 20:58:08 | NOT_FOUND  | TMDB/ELCIN | Mekvalter                                | mekvalter                                | P:-   B:-   L:-   M:-  
2026-08-28 20:58:08 | NOT_FOUND  | TMDB/ELCIN | Në emër të rrezikut                      | në emër të rrezikut                      | P:-   B:-   L:-   M:-  
2026-08-28 20:58:08 | NOT_FOUND  | TMDB/ELCIN | Gjuha e kodeve                           | gjuha e kodeve                           | P:-   B:-   L:-   M:-  
2026-08-28 20:58:08 | NOT_FOUND  | TMDB/ELCIN | Jashtë ligjit                            | jashtë ligjit                            | P:-   B:-   L:-   M:-  
2026-08-28 20:58:09 | FOUND      | TMDB       | Kickboxer                                | kickboxer                                | P:yes B:-   L:yes M:yes
2026-08-28 20:58:11 | NOT_FOUND  | TMDB/ELCIN | Epoka e akullnajave 2                    | epoka e akullnajave 2                    | P:-   B:-   L:-   M:-  
2026-08-28 20:58:11 | NOT_FOUND  | TMDB/ELCIN | Nën fre: Qyteti i Ujqërve                | nën fre: qyteti i ujqërve                | P:-   B:-   L:-   M:-  
2026-08-28 20:58:11 | NOT_FOUND  | TMDB/ELCIN | Indiana Xhons dhe ora e fatit            | indiana xhons dhe ora e fatit            | P:-   B:-   L:-   M:-  
2026-08-28 20:58:11 | NOT_FOUND  | TMDB/ELCIN | Djali me zemrën mekanike                 | djali me zemrën mekanike                 | P:-   B:-   L:-   M:-  
2026-08-28 20:58:12 | NOT_FOUND  | TMDB/ELCIN | Kujtimet e një geishe                    | kujtimet e një geishe                    | P:-   B:-   L:-   M:-  
2026-08-28 20:58:12 | NOT_FOUND  | TMDB/ELCIN | E vetmja zgjidhje                        | e vetmja zgjidhje                        | P:-   B:-   L:-   M:-  
2026-08-28 20:58:14 | NOT_FOUND  | TMDB/ELCIN | Pesë netë tek Fredi 2                    | pesë netë tek fredi 2                    | P:-   B:-   L:-   M:-  
2026-08-28 20:58:14 | NOT_FOUND  | TMDB/ELCIN | Me çdo kusht                             | me çdo kusht                             | P:-   B:-   L:-   M:-  
2026-08-28 20:58:14 | NOT_FOUND  | TMDB/ELCIN | Fundi i ditëve                           | fundi i ditëve                           | P:-   B:-   L:-   M:-  
2026-08-28 20:58:14 | NOT_FOUND  | TMDB/ELCIN | Drejtësi brutale                         | drejtësi brutale                         | P:-   B:-   L:-   M:-  
2026-08-28 20:58:18 | FOUND      | TMDB       | Bull                                     | bull                                     | P:yes B:-   L:yes M:yes
2026-08-28 20:58:18 | FOUND      | TMDB       | Yellowstone                              | yellowstone                              | P:yes B:-   L:yes M:yes
2026-08-28 20:58:21 | NOT_FOUND  | TMDB/ELCIN | Mitrush Kuteli e Petro Marko: Dy veprimt | mitrush kuteli e petro marko: dy veprimt | P:-   B:-   L:-   M:-  
2026-08-28 20:58:21 | NOT_FOUND  | TMDB/ELCIN | Sytë e lumit 7: Shkumbini, lumi i legjen | sytë e lumit 7: shkumbini, lumi i legjen | P:-   B:-   L:-   M:-  
2026-08-28 20:58:21 | NOT_FOUND  | TMDB/ELCIN | Treni niset në shtatë pa pesë            | treni niset në shtatë pa pesë            | P:-   B:-   L:-   M:-  
2026-08-28 20:58:21 | NOT_FOUND  | TMDB/ELCIN | Fryma e labërisë                         | fryma e labërisë                         | P:-   B:-   L:-   M:-  
2026-08-28 20:58:21 | FOUND      | TMDB       | Furtuna                                  | furtuna                                  | P:yes B:-   L:-   M:yes
2026-08-28 20:58:24 | NOT_FOUND  | TMDB/ELCIN | Vianoce sú zrušené                       | vianoce sú zrušené                       | P:-   B:-   L:-   M:-  
2026-08-28 20:58:24 | FOUND      | TMDB       | DogMan                                   | dogman                                   | P:yes B:-   L:-   M:yes
2026-08-28 20:58:24 | FOUND      | TMDB       | Rýchlo a nemožne                         | rýchlo a nemožne                         | P:yes B:-   L:yes M:yes
2026-08-28 20:58:27 | NOT_FOUND  | TMDB/ELCIN | Lovci na glave                           | lovci na glave                           | P:-   B:-   L:-   M:-  
2026-08-28 20:58:27 | NOT_FOUND  | TMDB/ELCIN | Bez riječi                               | bez riječi                               | P:-   B:-   L:-   M:-  
2026-08-28 20:58:27 | NOT_FOUND  | TMDB/ELCIN | Kako spasiti planet                      | kako spasiti planet                      | P:-   B:-   L:-   M:-  
2026-08-28 20:58:27 | NOT_FOUND  | TMDB/ELCIN | Pod kontrolom                            | pod kontrolom                            | P:-   B:-   L:-   M:-  
2026-08-28 20:58:29 | NOT_FOUND  | TMDB/ELCIN | Crveni kralj, ep. 6. serija              | crveni kralj, . serija                   | P:-   B:-   L:-   M:-  
2026-08-28 20:58:29 | NOT_FOUND  | TMDB/ELCIN | Mladost u Oregonu, film                  | mladost u oregonu                        | P:-   B:-   L:-   M:-  
2026-08-28 20:58:29 | NOT_FOUND  | TMDB/ELCIN | Osam minuta ljenčarenja, film            | osam minuta ljenčarenja                  | P:-   B:-   L:-   M:-  
2026-08-28 20:58:29 | NOT_FOUND  | TMDB/ELCIN | Bogati i besramni 2, ep. 4.              | bogati i besramni 2                      | P:-   B:-   L:-   M:-  
2026-08-28 20:58:29 | NOT_FOUND  | TMDB/ELCIN | U njezinoj koži, film                    | u njezinoj koži                          | P:-   B:-   L:-   M:-  
2026-08-28 20:58:31 | NOT_FOUND  | TMDB/ELCIN | Atletika: Dijamantna liga - Zürich       | atletika: dijamantna liga - zürich       | P:-   B:-   L:-   M:-  
2026-08-28 20:58:31 | NOT_FOUND  | TMDB/ELCIN | Sporting Cristal - Palmeiras, Nogomet, C | sporting cristal - palmeiras, nogomet, c | P:-   B:-   L:-   M:-  
2026-08-28 20:58:31 | FOUND      | TMDB       | Hrvatska - Latvija, Košarka, Kvalifikaci | hrvatska - latvija, košarka, kvalifikaci | P:yes B:-   L:-   M:yes
2026-08-28 20:58:31 | FOUND      | TMDB       | Lima - Koopman, Boks: IBO Super Welterwe | lima - koopman, boks: ibo super welterwe | P:yes B:-   L:-   M:yes
2026-08-28 20:58:31 | NOT_FOUND  | TMDB/ELCIN | World Series G6, Baseball - MLB          | world series g6, baseball - mlb          | P:-   B:-   L:-   M:-  
2026-08-28 20:58:33 | NOT_FOUND  | TMDB/ELCIN | Sporting Cristal - Palmeiras, Nogomet, C | sporting cristal - palmeiras, nogomet, c | P:-   B:-   L:-   M:-  
2026-08-28 20:58:33 | NOT_FOUND  | TMDB/ELCIN | Atletika: Dijamantna liga - Zürich       | atletika: dijamantna liga - zürich       | P:-   B:-   L:-   M:-  
2026-08-28 20:58:33 | NOT_FOUND  | TMDB/ELCIN | World Series G6, Baseball - MLB          | world series g6, baseball - mlb          | P:-   B:-   L:-   M:-  
2026-08-28 20:58:33 | FOUND      | TMDB       | Hrvatska - Latvija, Košarka, Kvalifikaci | hrvatska - latvija, košarka, kvalifikaci | P:yes B:-   L:-   M:yes
2026-08-28 20:58:36 | FOUND      | TMDB       | Promlčeno                                | promlčeno                                | P:yes B:-   L:-   M:yes
2026-08-28 20:58:36 | FOUND      | TMDB       | Kickboxer: Odplata                       | kickboxer: odplata                       | P:yes B:-   L:yes M:yes
2026-08-28 20:58:37 | NOT_FOUND  | TMDB/ELCIN | Legenda o vitezu, film                   | legenda o vitezu                         | P:-   B:-   L:-   M:-  
2026-08-28 20:58:37 | NOT_FOUND  | TMDB/ELCIN | Ulični borac, film                       | ulični borac                             | P:-   B:-   L:-   M:-  
2026-08-28 20:58:38 | NOT_FOUND  | TMDB/ELCIN | Atlas oblaka, film                       | atlas oblaka                             | P:-   B:-   L:-   M:-  
2026-08-28 20:58:39 | FOUND      | TMDB       | Resident Evil: Zadnje poglavlje, film    | resident evil: zadnje poglavlje          | P:yes B:-   L:yes M:yes
2026-08-28 20:58:40 | NOT_FOUND  | TMDB/ELCIN | Potomci lidí                             | potomci lidí                             | P:-   B:-   L:-   M:-  
2026-08-28 20:58:40 | FOUND      | TMDB       | Město                                    | město                                    | P:yes B:-   L:-   M:yes
2026-08-28 20:58:40 | FOUND      | TMDB       | Není jiná možnost                        | není jiná možnost                        | P:yes B:-   L:yes M:yes
2026-08-28 20:58:41 | NOT_FOUND  | TMDB/ELCIN | Djeca čovječanstva                       | djeca čovječanstva                       | P:-   B:-   L:-   M:-  
2026-08-28 20:58:41 | NOT_FOUND  | TMDB/ELCIN | Zla smrt: Buđenje                        | zla smrt: buđenje                        | P:-   B:-   L:-   M:-  
2026-08-28 20:58:42 | NOT_FOUND  | TMDB/ELCIN | Staza soli                               | staza soli                               | P:-   B:-   L:-   M:-  
2026-08-28 20:58:42 | NOT_FOUND  | TMDB/ELCIN | Rođenje / Ponovno rođenje                | rođenje ponovno rođenje                  | P:-   B:-   L:-   M:-  
2026-08-28 20:58:42 | NOT_FOUND  | TMDB/ELCIN | Hollywood: Na snimanju                   | hollywood: na snimanju                   | P:-   B:-   L:-   M:-  
2026-08-28 20:58:44 | NOT_FOUND  | TMDB/ELCIN | Tvorac                                   | tvorac                                   | P:-   B:-   L:-   M:-  
2026-08-28 20:58:44 | NOT_FOUND  | TMDB/ELCIN | Kraljevstvo nebesko                      | kraljevstvo nebesko                      | P:-   B:-   L:-   M:-  
2026-08-28 20:58:44 | NOT_FOUND  | TMDB/ELCIN | Šefovi država                            | šefovi država                            | P:-   B:-   L:-   M:-  
2026-08-28 20:58:44 | NOT_FOUND  | TMDB/ELCIN | Conan O'Brien mora ići                   | conan o'brien mora ići                   | P:-   B:-   L:-   M:-  
2026-08-28 20:58:45 | NOT_FOUND  | TMDB/ELCIN | Staza soli                               | staza soli                               | P:-   B:-   L:-   M:-  
2026-08-28 20:58:45 | NOT_FOUND  | TMDB/ELCIN | Rođenje / Ponovno rođenje                | rođenje ponovno rođenje                  | P:-   B:-   L:-   M:-  
2026-08-28 20:58:45 | NOT_FOUND  | TMDB/ELCIN | Djeca čovječanstva                       | djeca čovječanstva                       | P:-   B:-   L:-   M:-  
2026-08-28 20:58:45 | NOT_FOUND  | TMDB/ELCIN | Zla smrt: Buđenje                        | zla smrt: buđenje                        | P:-   B:-   L:-   M:-  
2026-08-28 20:58:45 | NOT_FOUND  | TMDB/ELCIN | Hollywood: Na snimanju                   | hollywood: na snimanju                   | P:-   B:-   L:-   M:-  
2026-08-28 20:58:45 | NOT_FOUND  | TMDB/ELCIN | Staza soli                               | staza soli                               | P:-   B:-   L:-   M:-  
2026-08-28 20:58:47 | NOT_FOUND  | TMDB/ELCIN | Staza soli                               | staza soli                               | P:-   B:-   L:-   M:-  
2026-08-28 20:58:51 | NOT_FOUND  | TMDB/ELCIN | Staza soli                               | staza soli                               | P:-   B:-   L:-   M:-  
2026-08-28 20:58:51 | NOT_FOUND  | TMDB/ELCIN | Rođenje / Ponovno rođenje                | rođenje ponovno rođenje                  | P:-   B:-   L:-   M:-  
2026-08-28 20:58:51 | NOT_FOUND  | TMDB/ELCIN | Zla smrt: Buđenje                        | zla smrt: buđenje                        | P:-   B:-   L:-   M:-  
2026-08-28 20:58:51 | NOT_FOUND  | TMDB/ELCIN | Djeca čovječanstva                       | djeca čovječanstva                       | P:-   B:-   L:-   M:-  
2026-08-28 20:58:51 | NOT_FOUND  | TMDB/ELCIN | Hollywood: Na snimanju                   | hollywood: na snimanju                   | P:-   B:-   L:-   M:-  
2026-08-28 20:58:51 | NOT_FOUND  | TMDB/ELCIN | Staza soli                               | staza soli                               | P:-   B:-   L:-   M:-  
2026-08-28 20:58:52 | NOT_FOUND  | TMDB/ELCIN | Šefovi država                            | šefovi država                            | P:-   B:-   L:-   M:-  
2026-08-28 20:58:52 | NOT_FOUND  | TMDB/ELCIN | Conan O'Brien mora ići                   | conan o'brien mora ići                   | P:-   B:-   L:-   M:-  
2026-08-28 20:58:52 | NOT_FOUND  | TMDB/ELCIN | Tvorac                                   | tvorac                                   | P:-   B:-   L:-   M:-  
2026-08-28 20:58:52 | NOT_FOUND  | TMDB/ELCIN | Kraljevstvo nebesko                      | kraljevstvo nebesko                      | P:-   B:-   L:-   M:-  
2026-08-28 20:58:53 | NOT_FOUND  | TMDB/ELCIN | Šefovi država                            | šefovi država                            | P:-   B:-   L:-   M:-  
2026-08-28 20:58:53 | NOT_FOUND  | TMDB/ELCIN | Conan O'Brien mora ići                   | conan o'brien mora ići                   | P:-   B:-   L:-   M:-  
2026-08-28 20:58:53 | NOT_FOUND  | TMDB/ELCIN | Tvorac                                   | tvorac                                   | P:-   B:-   L:-   M:-  
2026-08-28 20:58:53 | NOT_FOUND  | TMDB/ELCIN | Kraljevstvo nebesko                      | kraljevstvo nebesko                      | P:-   B:-   L:-   M:-  
2026-08-28 20:58:55 | NOT_FOUND  | TMDB/ELCIN | Avenue 5 II (8)                          | avenue 5 ii (8)                          | P:-   B:-   L:-   M:-  
2026-08-28 20:58:55 | NOT_FOUND  | TMDB/ELCIN | Cesta ven III (7)                        | cesta ven iii (7)                        | P:-   B:-   L:-   M:-  
2026-08-28 20:58:55 | FOUND      | TMDB       | True Blood - Pravá krev VII (7)          | true blood - pravá krev vii (7)          | P:yes B:-   L:-   M:yes
2026-08-28 20:58:55 | FOUND      | TMDB       | True Blood - Pravá krev VII (6)          | true blood - pravá krev vii (6)          | P:yes B:-   L:-   M:yes
2026-08-28 20:58:55 | FOUND      | TMDB       | True Blood - Pravá krev VII (8)          | true blood - pravá krev vii (8)          | P:yes B:-   L:-   M:yes
2026-08-28 20:58:56 | NOT_FOUND  | TMDB/ELCIN | Okus krvi                                | okus krvi                                | P:-   B:-   L:-   M:-  
2026-08-28 20:58:56 | FOUND      | TMDB       | Iz                                       | iz                                       | P:yes B:-   L:-   M:yes
2026-08-28 20:58:57 | FOUND      | TMDB       | Avenija 5                                | avenija 5                                | P:yes B:-   L:yes M:yes
2026-08-28 20:58:57 | NOT_FOUND  | TMDB/ELCIN | Avenue 5 II (8)                          | avenue 5 ii (8)                          | P:-   B:-   L:-   M:-  
2026-08-28 20:58:57 | NOT_FOUND  | TMDB/ELCIN | Cesta ven III (7)                        | cesta ven iii (7)                        | P:-   B:-   L:-   M:-  
2026-08-28 20:58:57 | NOT_FOUND  | TMDB/ELCIN | Avenue 5 II (8)                          | avenue 5 ii (8)                          | P:-   B:-   L:-   M:-  
2026-08-28 20:59:00 | NOT_FOUND  | TMDB/ELCIN | Okus krvi                                | okus krvi                                | P:-   B:-   L:-   M:-  
2026-08-28 20:59:00 | NOT_FOUND  | TMDB/ELCIN | Okus krvi                                | okus krvi                                | P:-   B:-   L:-   M:-  
2026-08-28 20:59:00 | NOT_FOUND  | TMDB/ELCIN | Okus krvi                                | okus krvi                                | P:-   B:-   L:-   M:-  
2026-08-28 20:59:04 | NOT_FOUND  | TMDB/ELCIN | Peh do daske                             | peh do daske                             | P:-   B:-   L:-   M:-  
2026-08-28 20:59:04 | NOT_FOUND  | TMDB/ELCIN | Pobješnjeli Max: Divlja cesta            | pobješnjeli max: divlja cesta            | P:-   B:-   L:-   M:-  
2026-08-28 20:59:04 | NOT_FOUND  | TMDB/ELCIN | Do kraja života                          | do kraja života                          | P:-   B:-   L:-   M:-  
2026-08-28 20:59:04 | NOT_FOUND  | TMDB/ELCIN | Pobuna u kokošinjcu                      | pobuna u kokošinjcu                      | P:-   B:-   L:-   M:-  
2026-08-28 20:59:07 | FOUND      | TMDB       | Umírání                                  | umírání                                  | P:yes B:-   L:yes M:yes
2026-08-28 20:59:08 | NOT_FOUND  | TMDB/ELCIN | Putovanje života                         | putovanje života                         | P:-   B:-   L:-   M:-  
2026-08-28 20:59:08 | NOT_FOUND  | TMDB/ELCIN | U bratskoj zemlji                        | u bratskoj zemlji                        | P:-   B:-   L:-   M:-  
2026-08-28 20:59:09 | NOT_FOUND  | TMDB/ELCIN | Ono što ostaje                           | ono što ostaje                           | P:-   B:-   L:-   M:-  
2026-08-28 20:59:09 | FOUND      | TMDB       | Natatorij                                | natatorij                                | P:yes B:-   L:-   M:yes
2026-08-28 20:59:10 | NOT_FOUND  | TMDB/ELCIN | Putovanje života                         | putovanje života                         | P:-   B:-   L:-   M:-  
2026-08-28 20:59:10 | NOT_FOUND  | TMDB/ELCIN | U bratskoj zemlji                        | u bratskoj zemlji                        | P:-   B:-   L:-   M:-  
2026-08-28 20:59:10 | NOT_FOUND  | TMDB/ELCIN | Ono što ostaje                           | ono što ostaje                           | P:-   B:-   L:-   M:-  
2026-08-28 20:59:10 | NOT_FOUND  | TMDB/ELCIN | Putovanje života                         | putovanje života                         | P:-   B:-   L:-   M:-  
2026-08-28 20:59:12 | NOT_FOUND  | TMDB/ELCIN | Muškarci koji mrze žene                  | muškarci koji mrze žene                  | P:-   B:-   L:-   M:-  
2026-08-28 20:59:12 | NOT_FOUND  | TMDB/ELCIN | Kako uloviti neženju?                    | kako uloviti neženju?                    | P:-   B:-   L:-   M:-  
2026-08-28 20:59:12 | NOT_FOUND  | TMDB/ELCIN | Kolaž program                            | kolaž program                            | P:-   B:-   L:-   M:-  
2026-08-28 20:59:14 | NOT_FOUND  | TMDB/ELCIN | Mesečev pad                              | mesečev pad                              | P:-   B:-   L:-   M:-  
2026-08-28 20:59:14 | NOT_FOUND  | TMDB/ELCIN | Žestoki Henri                            | žestoki henri                            | P:-   B:-   L:-   M:-  
2026-08-28 20:59:14 | NOT_FOUND  | TMDB/ELCIN | Težina uverenja                          | težina uverenja                          | P:-   B:-   L:-   M:-  
2026-08-28 20:59:15 | NOT_FOUND  | TMDB/ELCIN | Kolaž program                            | kolaž program                            | P:-   B:-   L:-   M:-  
2026-08-28 20:59:15 | NOT_FOUND  | TMDB/ELCIN | Majstori iluzije 2                       | majstori iluzije 2                       | P:-   B:-   L:-   M:-  
2026-08-28 20:59:17 | NOT_FOUND  | TMDB/ELCIN | Tajna broja sedam, film                  | tajna broja sedam                        | P:-   B:-   L:-   M:-  
2026-08-28 20:59:17 | NOT_FOUND  | TMDB/ELCIN | Pakao na zemlji, film                    | pakao na zemlji                          | P:-   B:-   L:-   M:-  
2026-08-28 20:59:17 | NOT_FOUND  | TMDB/ELCIN | Ratna sjekira, film                      | ratna sjekira                            | P:-   B:-   L:-   M:-  
2026-08-28 20:59:19 | NOT_FOUND  | TMDB/ELCIN | Kuća magičnog sata                       | kuća magičnog sata                       | P:-   B:-   L:-   M:-  
2026-08-28 20:59:19 | NOT_FOUND  | TMDB/ELCIN | Dobra kuća                               | dobra kuća                               | P:-   B:-   L:-   M:-  
2026-08-28 20:59:20 | NOT_FOUND  | TMDB/ELCIN | Spoj u krkljancu                         | spoj u krkljancu                         | P:-   B:-   L:-   M:-  
2026-08-28 20:59:22 | NOT_FOUND  | TMDB/ELCIN | Vrhunska igra                            | vrhunska igra                            | P:-   B:-   L:-   M:-  
2026-08-28 20:59:22 | NOT_FOUND  | TMDB/ELCIN | Seksi snimak                             | seksi snimak                             | P:-   B:-   L:-   M:-  
2026-08-28 20:59:22 | NOT_FOUND  | TMDB/ELCIN | Duhovi u nama                            | duhovi u nama                            | P:-   B:-   L:-   M:-  
2026-08-28 20:59:25 | NOT_FOUND  | TMDB/ELCIN | Prihvatljiva žrtva                       | prihvatljiva žrtva                       | P:-   B:-   L:-   M:-  
2026-08-28 20:59:25 | NOT_FOUND  | TMDB/ELCIN | Mančester na moru                        | mančester na moru                        | P:-   B:-   L:-   M:-  
2026-08-28 20:59:25 | NOT_FOUND  | TMDB/ELCIN | U troje sa žigolom                       | u troje sa žigolom                       | P:-   B:-   L:-   M:-  
2026-08-28 20:59:25 | NOT_FOUND  | TMDB/ELCIN | Nasmejano lice                           | nasmejano lice                           | P:-   B:-   L:-   M:-  
2026-08-28 20:59:28 | NOT_FOUND  | TMDB/ELCIN | Odavno mrtav                             | odavno mrtav                             | P:-   B:-   L:-   M:-  
2026-08-28 20:59:28 | NOT_FOUND  | TMDB/ELCIN | Dve karte za Mars                        | dve karte za mars                        | P:-   B:-   L:-   M:-  
2026-08-28 20:59:28 | NOT_FOUND  | TMDB/ELCIN | Lepak za muve                            | lepak za muve                            | P:-   B:-   L:-   M:-  
2026-08-28 20:59:28 | NOT_FOUND  | TMDB/ELCIN | Sanjari: Priča o "Mankiz"                | sanjari: priča o "mankiz"                | P:-   B:-   L:-   M:-  
2026-08-28 20:59:28 | NOT_FOUND  | TMDB/ELCIN | Kritičko razmišljanje                    | kritičko razmišljanje                    | P:-   B:-   L:-   M:-  
2026-08-28 20:59:30 | NOT_FOUND  | TMDB/ELCIN | Raskinuli smo                            | raskinuli smo                            | P:-   B:-   L:-   M:-  
2026-08-28 20:59:30 | NOT_FOUND  | TMDB/ELCIN | Slepilo                                  | slepilo                                  | P:-   B:-   L:-   M:-  
2026-08-28 20:59:30 | NOT_FOUND  | TMDB/ELCIN | Nema šuma                                | nema šuma                                | P:-   B:-   L:-   M:-  
2026-08-28 20:59:30 | NOT_FOUND  | TMDB/ELCIN | Nasilno srce                             | nasilno srce                             | P:-   B:-   L:-   M:-  
2026-08-28 20:59:32 | FOUND      | TMDB       | Anna Christie                            | anna christie                            | P:yes B:-   L:-   M:yes
2026-08-28 20:59:33 | FOUND      | TMDB       | The Last Time I Saw Paris                | the last time i saw paris                | P:yes B:-   L:yes M:yes
2026-08-28 20:59:33 | FOUND      | TMDB       | Mad Doctor of Blood Island               | mad doctor of blood island               | P:yes B:-   L:yes M:yes
2026-08-28 20:59:35 | FOUND      | TMDB       | The Revenant                             | the revenant                             | P:yes B:-   L:yes M:yes
2026-08-28 20:59:36 | NOT_FOUND  | TMDB/ELCIN | Havaji 5-0                               | havaji 5-0                               | P:-   B:-   L:-   M:-  
2026-08-28 20:59:36 | NOT_FOUND  | TMDB/ELCIN | Dva i po muškarca                        | dva i po muškarca                        | P:-   B:-   L:-   M:-  
2026-08-28 20:59:36 | NOT_FOUND  | TMDB/ELCIN | Nakon Zemlje                             | nakon zemlje                             | P:-   B:-   L:-   M:-  
2026-08-28 20:59:38 | FOUND      | TMDB       | Life of Pi                               | life of pi                               | P:yes B:-   L:yes M:yes
2026-08-28 20:59:38 | FOUND      | TMDB       | Everybody Loves Raymond                  | everybody loves raymond                  | P:yes B:-   L:yes M:yes
2026-08-28 20:59:39 | NOT_FOUND  | TMDB/ELCIN | Smrt u raju                              | smrt u raju                              | P:-   B:-   L:-   M:-  
2026-08-28 20:59:39 | NOT_FOUND  | TMDB/ELCIN | Nijemi svjedok                           | nijemi svjedok                           | P:-   B:-   L:-   M:-  
2026-08-28 20:59:39 | NOT_FOUND  | TMDB/ELCIN | Nezaboravljeni                           | nezaboravljeni                           | P:-   B:-   L:-   M:-  
2026-08-28 20:59:39 | FOUND      | TMDB       | Sherlock                                 | sherlock                                 | P:yes B:-   L:-   M:yes
2026-08-28 20:59:41 | NOT_FOUND  | TMDB/ELCIN | Grad svjetla, film                       | grad svjetla                             | P:-   B:-   L:-   M:-  
2026-08-28 20:59:41 | NOT_FOUND  | TMDB/ELCIN | Neminovni poraz Mistera i Petea, film    | neminovni poraz mistera i petea          | P:-   B:-   L:-   M:-  
2026-08-28 20:59:41 | NOT_FOUND  | TMDB/ELCIN | Zemlja stranaca, film                    | zemlja stranaca                          | P:-   B:-   L:-   M:-  
2026-08-28 20:59:42 | FOUND      | TMDB       | Legenda o konkubini, film                | legenda o konkubini                      | P:yes B:-   L:yes M:yes
2026-08-28 20:59:42 | NOT_FOUND  | TMDB/ELCIN | Čekamo bebu, film                        | čekamo bebu                              | P:-   B:-   L:-   M:-  
2026-08-28 20:59:44 | NOT_FOUND  | TMDB/ELCIN | Zemlja: Novi početak, film               | zemlja: novi početak                     | P:-   B:-   L:-   M:-  
2026-08-28 20:59:44 | NOT_FOUND  | TMDB/ELCIN | Hawaii Five-0 6, ep. 3. serija           | hawaii five-0 6, . serija                | P:-   B:-   L:-   M:-  
2026-08-28 20:59:44 | NOT_FOUND  | TMDB/ELCIN | Dva i pol muškarca 2, ep. 9. serija      | dva i pol muškarca 2, . serija           | P:-   B:-   L:-   M:-  
2026-08-28 20:59:46 | NOT_FOUND  | TMDB/ELCIN | Hakmarrja                                | hakmarrja                                | P:-   B:-   L:-   M:-  
2026-08-28 20:59:46 | NOT_FOUND  | TMDB/ELCIN | Destinacioni i fundit 5                  | destinacioni i fundit 5                  | P:-   B:-   L:-   M:-  
2026-08-28 20:59:46 | NOT_FOUND  | TMDB/ELCIN | Fredi kundër Xhezonit                    | fredi kundër xhezonit                    | P:-   B:-   L:-   M:-  
2026-08-28 20:59:49 | NOT_FOUND  | TMDB/ELCIN | Put bez povratka 5, film                 | put bez povratka 5                       | P:-   B:-   L:-   M:-  
2026-08-28 20:59:49 | NOT_FOUND  | TMDB/ELCIN | Povratnik, film                          | povratnik                                | P:-   B:-   L:-   M:-  
2026-08-28 20:59:49 | NOT_FOUND  | TMDB/ELCIN | Zoeyin čarobni Božić, film               | zoeyin čarobni božić                     | P:-   B:-   L:-   M:-  
2026-08-28 20:59:52 | NOT_FOUND  | TMDB/ELCIN | Profesor T 4, ep. 2. serija              | profesor t 4, . serija                   | P:-   B:-   L:-   M:-  
2026-08-28 20:59:52 | NOT_FOUND  | TMDB/ELCIN | Zločinački umovi 12, ep. 16. serija      | zločinački umovi 12, . serija            | P:-   B:-   L:-   M:-  
2026-08-28 20:59:52 | NOT_FOUND  | TMDB/ELCIN | Umorstva u Midsomeru 24, ep. 1. serija   | umorstva u midsomeru 24, . serija        | P:-   B:-   L:-   M:-  
2026-08-28 20:59:52 | NOT_FOUND  | TMDB/ELCIN | Detektiv na Floridi, ep. 7. serija       | detektiv na floridi, . serija            | P:-   B:-   L:-   M:-  
2026-08-28 20:59:53 | NOT_FOUND  | TMDB/ELCIN | Zoeyin čarobni Božić, film               | zoeyin čarobni božić                     | P:-   B:-   L:-   M:-  
2026-08-28 20:59:53 | NOT_FOUND  | TMDB/ELCIN | Put bez povratka 5, film                 | put bez povratka 5                       | P:-   B:-   L:-   M:-  
2026-08-28 20:59:53 | NOT_FOUND  | TMDB/ELCIN | Povratnik, film                          | povratnik                                | P:-   B:-   L:-   M:-  
2026-08-28 20:59:53 | NOT_FOUND  | TMDB/ELCIN | Zoeyin čarobni Božić, film               | zoeyin čarobni božić                     | P:-   B:-   L:-   M:-  
2026-08-28 20:59:54 | NOT_FOUND  | TMDB/ELCIN | Profesor T 4, ep. 2. serija              | profesor t 4, . serija                   | P:-   B:-   L:-   M:-  
2026-08-28 20:59:54 | NOT_FOUND  | TMDB/ELCIN | Profesor T 4, ep. 2. serija              | profesor t 4, . serija                   | P:-   B:-   L:-   M:-  
2026-08-28 20:59:54 | NOT_FOUND  | TMDB/ELCIN | Zločinački umovi 12, ep. 16. serija      | zločinački umovi 12, . serija            | P:-   B:-   L:-   M:-  
2026-08-28 20:59:54 | NOT_FOUND  | TMDB/ELCIN | Umorstva u Midsomeru 24, ep. 1. serija   | umorstva u midsomeru 24, . serija        | P:-   B:-   L:-   M:-  
2026-08-28 20:59:54 | NOT_FOUND  | TMDB/ELCIN | Detektiv na Floridi, ep. 7. serija       | detektiv na floridi, . serija            | P:-   B:-   L:-   M:-  
2026-08-28 20:59:54 | NOT_FOUND  | TMDB/ELCIN | Profesor T 4, ep. 2. serija              | profesor t 4, . serija                   | P:-   B:-   L:-   M:-  
2026-08-28 20:59:56 | NOT_FOUND  | TMDB/ELCIN | Pijev život, film                        | pijev život                              | P:-   B:-   L:-   M:-  
2026-08-28 20:59:56 | NOT_FOUND  | TMDB/ELCIN | Dr. House 6, ep. 3. serija               | dr. house 6, . serija                    | P:-   B:-   L:-   M:-  
2026-08-28 20:59:56 | NOT_FOUND  | TMDB/ELCIN | Svi vole Raymonda 8, ep. 18. serija      | svi vole raymonda 8, . serija            | P:-   B:-   L:-   M:-  
2026-08-28 20:59:58 | NOT_FOUND  | TMDB/ELCIN | Zjarr TV                                 | zjarr tv                                 | P:-   B:-   L:-   M:-  
2026-08-28 21:00:00 | NOT_FOUND  | TMDB/ELCIN | Domino efekat                            | domino efekat                            | P:-   B:-   L:-   M:-  
2026-08-28 21:00:00 | NOT_FOUND  | TMDB/ELCIN | Nevidljivi cirkus                        | nevidljivi cirkus                        | P:-   B:-   L:-   M:-  
2026-08-28 21:00:00 | NOT_FOUND  | TMDB/ELCIN | Nebeski atentator                        | nebeski atentator                        | P:-   B:-   L:-   M:-  
2026-08-28 21:00:00 | FOUND      | TMDB       | Iz vedra neba                            | iz vedra neba                            | P:yes B:-   L:-   M:yes
2026-08-28 21:00:04 | NOT_FOUND  | TMDB/ELCIN | Već viđeno                               | već viđeno                               | P:-   B:-   L:-   M:-  
2026-08-28 21:00:04 | FOUND      | TMDB       | Četvrti čovek                            | četvrti čovek                            | P:yes B:-   L:-   M:yes
2026-08-28 21:00:04 | NOT_FOUND  | TMDB/ELCIN | Oficir sa ružom                          | oficir sa ružom                          | P:-   B:-   L:-   M:-  
2026-08-28 21:00:04 | FOUND      | TMDB       | Đavolja varoš                            | đavolja varoš                            | P:yes B:-   L:-   M:yes
2026-08-28 21:00:06 | NOT_FOUND  | TMDB/ELCIN | Crna misa                                | crna misa                                | P:-   B:-   L:-   M:-  
2026-08-28 21:00:06 | NOT_FOUND  | TMDB/ELCIN | Kamenolom                                | kamenolom                                | P:-   B:-   L:-   M:-  
2026-08-28 21:00:06 | NOT_FOUND  | TMDB/ELCIN | Sve što ona može                         | sve što ona može                         | P:-   B:-   L:-   M:-  
2026-08-28 21:00:06 | NOT_FOUND  | TMDB/ELCIN | Propadanje                               | propadanje                               | P:-   B:-   L:-   M:-  
2026-08-28 21:00:06 | NOT_FOUND  | TMDB/ELCIN | Dobri stari Džerzi                       | dobri stari džerzi                       | P:-   B:-   L:-   M:-  
2026-08-28 21:00:07 | NOT_FOUND  | TMDB/ELCIN | Deca kukuruza                            | deca kukuruza                            | P:-   B:-   L:-   M:-  
2026-08-28 21:00:07 | NOT_FOUND  | TMDB/ELCIN | Potpaljivačica                           | potpaljivačica                           | P:-   B:-   L:-   M:-  
2026-08-28 21:00:07 | NOT_FOUND  | TMDB/ELCIN | U kadru                                  | u kadru                                  | P:-   B:-   L:-   M:-  
2026-08-28 21:00:07 | NOT_FOUND  | TMDB/ELCIN | Napad ajkule                             | napad ajkule                             | P:-   B:-   L:-   M:-  
2026-08-28 21:00:07 | NOT_FOUND  | TMDB/ELCIN | Vampir tinejdžer                         | vampir tinejdžer                         | P:-   B:-   L:-   M:-  
2026-08-28 21:00:09 | NOT_FOUND  | TMDB/ELCIN | Sumrak saga: Praskozorje 2.deo           | sumrak saga: praskozorje 2.deo           | P:-   B:-   L:-   M:-  
2026-08-28 21:00:09 | NOT_FOUND  | TMDB/ELCIN | Brajtbern                                | brajtbern                                | P:-   B:-   L:-   M:-  
2026-08-28 21:00:09 | NOT_FOUND  | TMDB/ELCIN | Neprobojni monah                         | neprobojni monah                         | P:-   B:-   L:-   M:-  
2026-08-28 21:00:09 | NOT_FOUND  | TMDB/ELCIN | Zmajevo srce Novi početak                | zmajevo srce novi početak                | P:-   B:-   L:-   M:-  
2026-08-28 21:00:09 | NOT_FOUND  | TMDB/ELCIN | Napad robota                             | napad robota                             | P:-   B:-   L:-   M:-  
2026-08-28 21:00:10 | NOT_FOUND  | TMDB/ELCIN | Bitka za Pacifik                         | bitka za pacifik                         | P:-   B:-   L:-   M:-  
2026-08-28 21:00:10 | NOT_FOUND  | TMDB/ELCIN | Vremenski tesnac                         | vremenski tesnac                         | P:-   B:-   L:-   M:-  
2026-08-28 21:00:10 | NOT_FOUND  | TMDB/ELCIN | Šifra sabljarka                          | šifra sabljarka                          | P:-   B:-   L:-   M:-  
2026-08-28 21:00:10 | NOT_FOUND  | TMDB/ELCIN | Lovac na čudovišta                       | lovac na čudovišta                       | P:-   B:-   L:-   M:-  
2026-08-28 21:00:10 | NOT_FOUND  | TMDB/ELCIN | Putovanje 2: Tajanstveno ostrvo          | putovanje 2: tajanstveno ostrvo          | P:-   B:-   L:-   M:-  
2026-08-28 21:00:12 | NOT_FOUND  | TMDB/ELCIN | Budan                                    | budan                                    | P:-   B:-   L:-   M:-  
2026-08-28 21:00:12 | NOT_FOUND  | TMDB/ELCIN | Dijabolično                              | dijabolično                              | P:-   B:-   L:-   M:-  
2026-08-28 21:00:12 | NOT_FOUND  | TMDB/ELCIN | Stvor iz tunela                          | stvor iz tunela                          | P:-   B:-   L:-   M:-  
2026-08-28 21:00:12 | NOT_FOUND  | TMDB/ELCIN | Ne čini zlo                              | ne čini zlo                              | P:-   B:-   L:-   M:-  
2026-08-28 21:00:13 | NOT_FOUND  | TMDB/ELCIN | Preživeli                                | preživeli                                | P:-   B:-   L:-   M:-  
2026-08-28 21:00:13 | NOT_FOUND  | TMDB/ELCIN | Petparačke priče                         | petparačke priče                         | P:-   B:-   L:-   M:-  
2026-08-28 21:00:13 | NOT_FOUND  | TMDB/ELCIN | Felicijino putovanje                     | felicijino putovanje                     | P:-   B:-   L:-   M:-  
2026-08-28 21:00:13 | NOT_FOUND  | TMDB/ELCIN | Izvlačenje                               | izvlačenje                               | P:-   B:-   L:-   M:-  
2026-08-28 21:00:14 | FOUND      | TMDB       | Sahrana                                  | sahrana                                  | P:yes B:-   L:-   M:yes
2026-08-28 21:00:15 | NOT_FOUND  | TMDB/ELCIN | Miris love                               | miris love                               | P:-   B:-   L:-   M:-  
2026-08-28 21:00:15 | NOT_FOUND  | TMDB/ELCIN | Čari košarke                             | čari košarke                             | P:-   B:-   L:-   M:-  
2026-08-28 21:00:15 | NOT_FOUND  | TMDB/ELCIN | Dve nedelje za zaljubljivanje            | dve nedelje za zaljubljivanje            | P:-   B:-   L:-   M:-  
2026-08-28 21:00:15 | NOT_FOUND  | TMDB/ELCIN | Hektor u potrazi za srećom               | hektor u potrazi za srećom               | P:-   B:-   L:-   M:-  
2026-08-28 21:00:15 | NOT_FOUND  | TMDB/ELCIN | Zlo i naopako                            | zlo i naopako                            | P:-   B:-   L:-   M:-  
2026-08-28 21:00:18 | NOT_FOUND  | TMDB/ELCIN | Njemu baš i nije stalo                   | njemu baš i nije stalo                   | P:-   B:-   L:-   M:-  
2026-08-28 21:00:18 | NOT_FOUND  | TMDB/ELCIN | Zauvek tvoj                              | zauvek tvoj                              | P:-   B:-   L:-   M:-  
2026-08-28 21:00:18 | NOT_FOUND  | TMDB/ELCIN | Ostati živ                               | ostati živ                               | P:-   B:-   L:-   M:-  
2026-08-28 21:00:18 | NOT_FOUND  | TMDB/ELCIN | Gven Šemblin                             | gven šemblin                             | P:-   B:-   L:-   M:-  
2026-08-28 21:00:18 | NOT_FOUND  | TMDB/ELCIN | Otkucaji srca                            | otkucaji srca                            | P:-   B:-   L:-   M:-  
2026-08-28 21:00:19 | NOT_FOUND  | TMDB/ELCIN | Ne ostavljaj me                          | ne ostavljaj me                          | P:-   B:-   L:-   M:-  
2026-08-28 21:00:19 | NOT_FOUND  | TMDB/ELCIN | Kalifornikacija                          | kalifornikacija                          | P:-   B:-   L:-   M:-  
2026-08-28 21:00:19 | NOT_FOUND  | TMDB/ELCIN | Izvorište                                | izvorište                                | P:-   B:-   L:-   M:-  
2026-08-28 21:00:22 | NOT_FOUND  | TMDB/ELCIN | Idealne veze                             | idealne veze                             | P:-   B:-   L:-   M:-  
2026-08-28 21:00:22 | FOUND      | TMDB       | Urota                                    | urota                                    | P:yes B:-   L:-   M:yes
2026-08-28 21:00:22 | NOT_FOUND  | TMDB/ELCIN | Vila Marija                              | vila marija                              | P:-   B:-   L:-   M:-  
2026-08-28 21:00:24 | NOT_FOUND  | TMDB/ELCIN | Dnevnik Nove TV                          | dnevnik nove tv                          | P:-   B:-   L:-   M:-  
2026-08-28 21:00:25 | NOT_FOUND  | TMDB/ELCIN | Daleki grad 2, ep. 85. serija            | daleki grad 2, . serija                  | P:-   B:-   L:-   M:-  
2026-08-28 21:00:25 | NOT_FOUND  | TMDB/ELCIN | Nasljednik, ep. 59. serija               | nasljednik, . serija                     | P:-   B:-   L:-   M:-  
2026-08-28 21:00:25 | FOUND      | TMDB       | Logan Lucky, film                        | logan lucky                              | P:yes B:-   L:yes M:yes
2026-08-28 21:00:25 | FOUND      | TMDB       | Spider-Man: Povratak kući, film          | spider-man: povratak kući                | P:yes B:-   L:yes M:yes
2026-08-28 21:00:28 | FOUND      | TMDB       | Dnevnik                                  | dnevnik                                  | P:yes B:-   L:-   M:yes
2026-08-28 21:00:28 | NOT_FOUND  | TMDB/ELCIN | Keš ili treš                             | keš ili treš                             | P:-   B:-   L:-   M:-  
2026-08-28 21:00:28 | NOT_FOUND  | TMDB/ELCIN | Savršena večera                          | savršena večera                          | P:-   B:-   L:-   M:-  
2026-08-28 21:00:28 | NOT_FOUND  | TMDB/ELCIN | Trka na kraju sveta                      | trka na kraju sveta                      | P:-   B:-   L:-   M:-  
2026-08-28 21:00:28 | FOUND      | TMDB       | Survivor                                 | survivor                                 | P:yes B:-   L:yes M:yes
2026-08-28 21:00:31 | FOUND      | TMDB       | John Wick: Chapter 3 - Parabellum        | john wick: chapter 3 - parabellum        | P:yes B:-   L:yes M:yes
2026-08-28 21:00:31 | FOUND      | TMDB       | Boudica: Queen of War                    | boudica: queen of war                    | P:yes B:-   L:yes M:yes
2026-08-28 21:00:32 | NOT_FOUND  | TMDB/ELCIN | اسبانجليش                                | اسبانجليش                                | P:-   B:-   L:-   M:-  
2026-08-28 21:00:33 | FOUND      | TMDB       | Office Christmas Party                   | office christmas party                   | P:yes B:-   L:yes M:yes
2026-08-28 21:00:35 | NOT_FOUND  | TMDB/ELCIN | After The Flood 2 - 4                    | after the flood 2 - 4                    | P:-   B:-   L:-   M:-  
2026-08-28 21:00:36 | FOUND      | TMDB       | Kabul - 3                                | kabul - 3                                | P:yes B:-   L:yes M:yes
2026-08-28 21:00:36 | FOUND      | TMDB       | The Killings At Parrish Station - 5      | the killings at parrish station - 5      | P:yes B:-   L:yes M:yes
2026-08-28 21:00:36 | FOUND      | TMDB       | Spartacus: House of Ashur - 3            | spartacus: house of ashur - 3            | P:yes B:-   L:yes M:yes
2026-08-28 21:00:36 | FOUND      | TMDB       | Six Four - 3                             | six four - 3                             | P:yes B:-   L:yes M:yes
2026-08-28 21:00:38 | FOUND      | TMDB       | The Fortune - 1                          | the fortune - 1                          | P:yes B:-   L:yes M:yes
2026-08-28 21:00:38 | FOUND      | TMDB       | American Classic - 7                     | american classic - 7                     | P:yes B:-   L:yes M:yes
2026-08-28 21:00:38 | FOUND      | TMDB       | A Remarkable Place To Die - 7            | a remarkable place to die - 7            | P:yes B:-   L:yes M:yes
2026-08-28 21:00:41 | NOT_FOUND  | TMDB/ELCIN | The Office 9 - 18                        | the office 9 - 18                        | P:-   B:-   L:-   M:-  
2026-08-28 21:00:41 | NOT_FOUND  | TMDB/ELCIN | The Office 9 - 19                        | the office 9 - 19                        | P:-   B:-   L:-   M:-  
2026-08-28 21:00:41 | FOUND      | TMDB       | Krapopolis - 5                           | krapopolis - 5                           | P:yes B:-   L:yes M:yes
2026-08-28 21:00:41 | FOUND      | TMDB       | Grimsburg - 6                            | grimsburg - 6                            | P:yes B:-   L:yes M:yes
2026-08-28 21:00:42 | FOUND      | TMDB       | Grimsburg - 5                            | grimsburg - 5                            | P:yes B:-   L:yes M:yes
2026-08-28 21:00:43 | NOT_FOUND  | TMDB/ELCIN | Ma Kvar Yachol Likrot                    | ma kvar yachol likrot                    | P:-   B:-   L:-   M:-  
2026-08-28 21:00:43 | FOUND      | TMDB       | Sh'chur                                  | sh'chur                                  | P:yes B:-   L:-   M:yes
2026-08-28 21:00:43 | FOUND      | TMDB       | Peeping Toms                             | peeping toms                             | P:yes B:-   L:-   M:yes
2026-08-28 21:00:43 | FOUND      | TMDB       | Behind the Scenes - Hill 338             | behind the scenes - hill 338             | P:yes B:-   L:-   M:yes
2026-08-28 21:00:46 | FOUND      | TMDB       | Ostatni wiking                           | ostatni wiking                           | P:yes B:-   L:yes M:yes
2026-08-28 21:00:46 | FOUND      | TMDB       | Queer                                    | queer                                    | P:yes B:-   L:yes M:yes
2026-08-28 21:00:46 | FOUND      | TMDB       | Mroczny fajter                           | mroczny fajter                           | P:yes B:-   L:yes M:yes
2026-08-28 21:00:49 | NOT_FOUND  | TMDB/ELCIN | Dalekie od polityki                      | dalekie od polityki                      | P:-   B:-   L:-   M:-  
2026-08-28 21:00:50 | FOUND      | TMDB       | Ciche miejsce                            | ciche miejsce                            | P:yes B:-   L:yes M:yes
2026-08-28 21:00:50 | NOT_FOUND  | TMDB/ELCIN | Conan O'Brien wylatuje 3: odc.1          | conan o'brien wylatuje 3                 | P:-   B:-   L:-   M:-  
2026-08-28 21:00:53 | NOT_FOUND  | TMDB/ELCIN | Avenue 5 2: odc.8                        | avenue 5 2                               | P:-   B:-   L:-   M:-  
2026-08-28 21:00:53 | NOT_FOUND  | TMDB/ELCIN | Czysta krew 7: odc.6                     | czysta krew 7                            | P:-   B:-   L:-   M:-  
2026-08-28 21:00:53 | NOT_FOUND  | TMDB/ELCIN | Stamtąd 3: odc.7                         | stamtąd 3                                | P:-   B:-   L:-   M:-  
2026-08-28 21:00:54 | FOUND      | TMDB       | Jedenaste: Znaj sąsiada swego            | jedenaste: znaj sąsiada swego            | P:yes B:-   L:-   M:yes
2026-08-28 21:00:54 | FOUND      | TMDB       | Liberator 2                              | liberator 2                              | P:yes B:-   L:yes M:yes
2026-08-28 21:00:55 | FOUND      | TMDB       | Symfonia o umieraniu                     | symfonia o umieraniu                     | P:yes B:-   L:yes M:yes
2026-08-28 21:00:56 | FOUND      | TMDB       | Natatorium                               | natatorium                               | P:yes B:-   L:-   M:yes
2026-08-28 21:00:56 | FOUND      | TMDB       | Ziemia naszych braci                     | ziemia naszych braci                     | P:yes B:-   L:yes M:yes
2026-08-28 21:00:58 | NOT_FOUND  | TMDB/ELCIN | Siedem zasłon                            | siedem zasłon                            | P:-   B:-   L:-   M:-  
2026-08-28 21:00:58 | NOT_FOUND  | TMDB/ELCIN | Paraliż                                  | paraliż                                  | P:-   B:-   L:-   M:-  
2026-08-28 21:00:58 | FOUND      | TMDB       | To nie mój film                          | to nie mój                               | P:yes B:-   L:-   M:yes
2026-08-28 21:00:58 | FOUND      | TMDB       | Wyrwa                                    | wyrwa                                    | P:yes B:-   L:-   M:yes
2026-08-28 21:00:58 | NOT_FOUND  | TMDB/ELCIN | Jarhead: Żołnierz piechoty morskiej 1 (o | jarhead: żołnierz piechoty morskiej 1    | P:-   B:-   L:-   M:-  
2026-08-28 21:01:00 | NOT_FOUND  | TMDB/ELCIN | Piłka nożna: PKO BP Ekstraklasa: Górnik  | piłka nożna: pko bp ekstraklasa: górnik  | P:-   B:-   L:-   M:-  
2026-08-28 21:01:00 | NOT_FOUND  | TMDB/ELCIN | Niewypowiedziana wojna 2 (odc. 3)        | niewypowiedziana wojna 2                 | P:-   B:-   L:-   M:-  
2026-08-28 21:01:02 | NOT_FOUND  | TMDB/ELCIN | Karen Pirie 2 (odc. 2)                   | karen pirie 2                            | P:-   B:-   L:-   M:-  
2026-08-28 21:01:02 | FOUND      | TMDB       | Gorący temat                             | gorący temat                             | P:yes B:-   L:yes M:yes
2026-08-28 21:01:02 | NOT_FOUND  | TMDB/ELCIN | Kruk. Szepty słychać po zmroku 1 (odc. 4 | kruk. szepty słychać po zmroku 1         | P:-   B:-   L:-   M:-  
2026-08-28 21:01:05 | FOUND      | TMDB       | Bardzo fajny gigant                      | bardzo fajny gigant                      | P:yes B:-   L:yes M:yes
2026-08-28 21:01:06 | FOUND      | TMDB       | Lśnienie                                 | lśnienie                                 | P:yes B:-   L:yes M:yes
2026-08-28 21:01:06 | FOUND      | TMDB       | Kryptonim U.N.C.L.E.                     | kryptonim u.n.c.l.e                      | P:yes B:-   L:yes M:yes
2026-08-28 21:01:06 | FOUND      | TMDB       | The Wild Girl                            | the wild girl                            | P:yes B:-   L:-   M:yes
2026-08-28 21:01:06 | NOT_FOUND  | TMDB/ELCIN | Z dnia na dzień                          | z dnia na dzień                          | P:-   B:-   L:-   M:-  
2026-08-28 21:01:07 | FOUND      | TMDB       | Godziny szczytu                          | godziny szczytu                          | P:yes B:-   L:yes M:yes
2026-08-28 21:01:07 | FOUND      | TMDB       | Dziewczyna na pożegnanie                 | dziewczyna na pożegnanie                 | P:yes B:-   L:yes M:yes
2026-08-28 21:01:07 | FOUND      | TMDB       | Trzynaście kobiet                        | trzynaście kobiet                        | P:yes B:-   L:yes M:yes
2026-08-28 21:01:07 | NOT_FOUND  | TMDB/ELCIN | Ikona 1 (odc. 1)                         | ikona 1                                  | P:-   B:-   L:-   M:-  
2026-08-28 21:01:07 | NOT_FOUND  | TMDB/ELCIN | Bliżej gwiazd 1 (odc. 31)                | bliżej gwiazd 1                          | P:-   B:-   L:-   M:-  
2026-08-28 21:01:09 | FOUND      | TMDB       | Saga "Zmierzch": Przed świtem. Część 2   | saga "zmierzch": przed świtem. część 2   | P:yes B:-   L:yes M:yes
2026-08-28 21:01:09 | FOUND      | TMDB       | Underworld: Wojny krwi                   | underworld: wojny krwi                   | P:yes B:-   L:yes M:yes
2026-08-28 21:01:09 | NOT_FOUND  | TMDB/ELCIN | Jeśli ucieknę                            | jeśli ucieknę                            | P:-   B:-   L:-   M:-  
2026-08-28 21:01:09 | FOUND      | TMDB       | Saga "Zmierzch": Przed świtem. Część 1   | saga "zmierzch": przed świtem. część 1   | P:yes B:-   L:yes M:yes
2026-08-28 21:01:09 | NOT_FOUND  | TMDB/ELCIN | Morderstwo w Prowansji                   | morderstwo w prowansji                   | P:-   B:-   L:-   M:-  
2026-08-28 21:01:09 | FOUND      | TMDB       | The Ark 1 (odc. 9)                       | the ark 1                                | P:yes B:-   L:yes M:yes
2026-08-28 21:01:10 | NOT_FOUND  | TMDB/ELCIN | Morderstwo na masywie Sancy              | morderstwo na masywie sancy              | P:-   B:-   L:-   M:-  
2026-08-28 21:01:10 | FOUND      | TMDB       | Gladiator                                | gladiator                                | P:yes B:-   L:yes M:yes
2026-08-28 21:01:10 | NOT_FOUND  | TMDB/ELCIN | Kuchenne rewolucje 31 (odc. 12)          | kuchenne rewolucje 31                    | P:-   B:-   L:-   M:-  
2026-08-28 21:01:10 | NOT_FOUND  | TMDB/ELCIN | Wallander 3 (odc. 4)                     | wallander 3                              | P:-   B:-   L:-   M:-  
2026-08-28 21:01:10 | FOUND      | TMDB       | Zagadki Hailey Dean: Wyrok za zabójstwo  | zagadki hailey dean: wyrok za zabójstwo  | P:yes B:-   L:yes M:yes
2026-08-28 21:01:11 | FOUND      | TMDB       | Na skraju jutra                          | na skraju jutra                          | P:yes B:-   L:yes M:yes
2026-08-28 21:01:22 | NOT_FOUND  | TMDB/ELCIN | Wallander 3 (odc. 4)                     | wallander 3                              | P:-   B:-   L:-   M:-  
2026-08-28 21:01:22 | NOT_FOUND  | TMDB/ELCIN | Kuchenne rewolucje 31 (odc. 12)          | kuchenne rewolucje 31                    | P:-   B:-   L:-   M:-  
2026-08-28 21:01:24 | NOT_FOUND  | TMDB/ELCIN | After 5. Na zawsze                       | after 5. na zawsze                       | P:-   B:-   L:-   M:-  
2026-08-28 21:01:24 | NOT_FOUND  | TMDB/ELCIN | Słoneczny patrol                         | słoneczny patrol                         | P:-   B:-   L:-   M:-  
2026-08-28 21:01:24 | NOT_FOUND  | TMDB/ELCIN | Podwójne ryzyko                          | podwójne ryzyko                          | P:-   B:-   L:-   M:-  
2026-08-28 21:01:24 | FOUND      | TMDB       | Los numeros                              | los numeros                              | P:yes B:-   L:-   M:yes
2026-08-28 21:01:25 | NOT_FOUND  | TMDB/ELCIN | Miasta, w których straszy 2 (odc. 2)     | miasta, w których straszy 2              | P:-   B:-   L:-   M:-  
2026-08-28 21:01:26 | NOT_FOUND  | TMDB/ELCIN | Śmierć pod palmami 7: odc.7              | śmierć pod palmami 7                     | P:-   B:-   L:-   M:-  
2026-08-28 21:01:26 | FOUND      | TMDB       | Po powodzi: odc.2                        | po powodzi                               | P:yes B:-   L:yes M:yes
2026-08-28 21:01:26 | FOUND      | TMDB       | Annika: odc.3                            | annika                                   | P:yes B:-   L:yes M:yes
2026-08-28 21:01:27 | FOUND      | TMDB       | W cieniu podejrzeń: odc.3                | w cieniu podejrzeń                       | P:yes B:-   L:yes M:yes
2026-08-28 21:01:30 | NOT_FOUND  | TMDB/ELCIN | Na dnie piekła                           | na dnie piekła                           | P:-   B:-   L:-   M:-  
2026-08-28 21:01:30 | FOUND      | TMDB       | Hellboy                                  | hellboy                                  | P:yes B:-   L:yes M:yes
2026-08-28 21:01:31 | FOUND      | TMDB       | Szczęki 4: Zemsta                        | szczęki 4: zemsta                        | P:yes B:-   L:yes M:yes
2026-08-28 21:01:38 | NOT_FOUND  | TMDB/ELCIN | Na dnie piekła                           | na dnie piekła                           | P:-   B:-   L:-   M:-  
2026-08-28 21:01:40 | FOUND      | TMDB       | Under Fire                               | under fire                               | P:yes B:-   L:yes M:yes
2026-08-28 21:01:40 | FOUND      | TMDB       | Kapitan Hook: Klątwa mórz                | kapitan hook: klątwa mórz                | P:yes B:-   L:yes M:yes
2026-08-28 21:01:46 | NOT_FOUND  | TMDB/ELCIN | Drużyna modelek                          | drużyna modelek                          | P:-   B:-   L:-   M:-  
2026-08-28 21:01:46 | FOUND      | TMDB       | Nocna jazda                              | nocna jazda                              | P:yes B:-   L:-   M:yes
2026-08-28 21:01:46 | FOUND      | TMDB       | Panna Nikt                               | panna nikt                               | P:yes B:-   L:-   M:yes
2026-08-28 21:01:46 | FOUND      | TMDB       | Mów mi Vincent                           | mów mi vincent                           | P:yes B:-   L:yes M:yes
2026-08-28 21:01:48 | NOT_FOUND  | TMDB/ELCIN | Niezapomniany weekend                    | niezapomniany weekend                    | P:-   B:-   L:-   M:-  
2026-08-28 21:01:48 | FOUND      | TMDB       | Szef                                     | szef                                     | P:yes B:-   L:-   M:yes
2026-08-28 21:01:49 | FOUND      | TMDB       | Modigliani                               | modigliani                               | P:yes B:-   L:yes M:yes
2026-08-28 21:01:50 | NOT_FOUND  | TMDB/ELCIN | Horny Housewives 3                       | horny housewives 3                       | P:-   B:-   L:-   M:-  
2026-08-28 21:01:50 | FOUND      | TMDB       | Ostatnia szansa ludzkości                | ostatnia szansa ludzkości                | P:yes B:-   L:-   M:yes
2026-08-28 21:01:51 | FOUND      | TMDB       | Przestępczyni                            | przestępczyni                            | P:yes B:-   L:yes M:yes
2026-08-28 21:01:56 | NOT_FOUND  | TMDB/ELCIN | Horny Housewives 3                       | horny housewives 3                       | P:-   B:-   L:-   M:-  
2026-08-28 21:01:57 | FOUND      | TMDB       | Ruchome piaski                           | ruchome piaski                           | P:yes B:-   L:-   M:yes
2026-08-28 21:01:57 | NOT_FOUND  | TMDB/ELCIN | Król zombie                              | król zombie                              | P:-   B:-   L:-   M:-  
2026-08-28 21:01:57 | FOUND      | TMDB       | Rzeka                                    | rzeka                                    | P:yes B:-   L:-   M:yes
2026-08-28 21:01:57 | FOUND      | TMDB       | Ręce przeznaczenia                       | ręce przeznaczenia                       | P:yes B:-   L:yes M:yes
2026-08-28 21:02:01 | NOT_FOUND  | TMDB/ELCIN | CSI: Kryminalne zagadki Nowego Jorku: od | csi: kryminalne zagadki nowego jorku     | P:-   B:-   L:-   M:-  
2026-08-28 21:02:01 | NOT_FOUND  | TMDB/ELCIN | Z archiwum X: odc.9                      | z archiwum x                             | P:-   B:-   L:-   M:-  
2026-08-28 21:02:01 | FOUND      | TMDB       | Air Force One                            | air force one                            | P:yes B:-   L:yes M:yes
2026-08-28 21:02:07 | NOT_FOUND  | TMDB/ELCIN | Współczesna rodzina 7: odc.18            | współczesna rodzina 7                    | P:-   B:-   L:-   M:-  
2026-08-28 21:02:07 | NOT_FOUND  | TMDB/ELCIN | Family Guy: Głowa rodziny 23: odc.17     | family guy: głowa rodziny 23             | P:-   B:-   L:-   M:-  
2026-08-28 21:02:07 | FOUND      | TMDB       | Ali G                                    | ali g                                    | P:yes B:-   L:yes M:yes
2026-08-28 21:02:11 | NOT_FOUND  | TMDB/ELCIN | Teoria wielkiego podrywu 4: odc.21       | teoria wielkiego podrywu 4               | P:-   B:-   L:-   M:-  
2026-08-28 21:02:11 | NOT_FOUND  | TMDB/ELCIN | Teoria wielkiego podrywu 5: odc.1        | teoria wielkiego podrywu 5               | P:-   B:-   L:-   M:-  
2026-08-28 21:02:13 | NOT_FOUND  | TMDB/ELCIN | Anakondy: Krwawe ślady                   | anakondy: krwawe ślady                   | P:-   B:-   L:-   M:-  
2026-08-28 21:02:13 | FOUND      | TMDB       | Krzyżowy ogień                           | krzyżowy ogień                           | P:yes B:-   L:yes M:yes
2026-08-28 21:02:13 | FOUND      | TMDB       | Niewinna                                 | niewinna                                 | P:yes B:-   L:yes M:yes
2026-08-28 21:02:15 | FOUND      | TMDB       | Zabójca                                  | zabójca                                  | P:yes B:-   L:-   M:yes
2026-08-28 21:02:16 | FOUND      | TMDB       | Uprowadzona 3                            | uprowadzona 3                            | P:yes B:-   L:yes M:yes
2026-08-28 21:02:18 | NOT_FOUND  | TMDB/ELCIN | Akta zbrodni 2: odc.2                    | akta zbrodni 2                           | P:-   B:-   L:-   M:-  
2026-08-28 21:02:18 | NOT_FOUND  | TMDB/ELCIN | Opowieści Freda Dinenage'a 2 (odc. 1)    | opowieści freda dinenage'a 2             | P:-   B:-   L:-   M:-  
2026-08-28 21:02:18 | NOT_FOUND  | TMDB/ELCIN | Twarzą w twarz z mordercą 2: odc.6       | twarzą w twarz z mordercą 2              | P:-   B:-   L:-   M:-  
2026-08-28 21:02:18 | NOT_FOUND  | TMDB/ELCIN | Jak schwytałem zabójcę 3: odc.6          | jak schwytałem zabójcę 3                 | P:-   B:-   L:-   M:-  
2026-08-28 21:02:20 | NOT_FOUND  | TMDB/ELCIN | Poirot 5: odc.4                          | poirot 5                                 | P:-   B:-   L:-   M:-  
2026-08-28 21:02:20 | NOT_FOUND  | TMDB/ELCIN | Marlow: klub zbrodni 2: odc.3            | marlow: klub zbrodni 2                   | P:-   B:-   L:-   M:-  
2026-08-28 21:02:20 | FOUND      | TMDB       | Morderstwo w małym mieście: odc.7        | morderstwo w małym mieście               | P:yes B:-   L:yes M:yes
2026-08-28 21:02:20 | NOT_FOUND  | TMDB/ELCIN | Hiszpańska księżniczka 1 (odc. 8)        | hiszpańska księżniczka 1                 | P:-   B:-   L:-   M:-  
2026-08-28 21:02:21 | FOUND      | TMDB       | Skazany na bluesa                        | skazany na bluesa                        | P:yes B:-   L:-   M:yes
2026-08-28 21:02:21 | FOUND      | TMDB       | Ach śpij kochanie                        | ach śpij kochanie                        | P:yes B:-   L:-   M:yes
2026-08-28 21:02:22 | NOT_FOUND  | TMDB/ELCIN | Rzemiosła świata według Orskiej 1 (odc.  | rzemiosła świata według orskiej 1        | P:-   B:-   L:-   M:-  
2026-08-28 21:02:23 | NOT_FOUND  | TMDB/ELCIN | Nie martw się, kochanie                  | nie martw się, kochanie                  | P:-   B:-   L:-   M:-  
2026-08-28 21:02:24 | NOT_FOUND  | TMDB/ELCIN | Zbrodnie z pierwszych stron gazet 5 (odc | zbrodnie z pierwszych stron gazet 5      | P:-   B:-   L:-   M:-  
2026-08-28 21:02:24 | FOUND      | TMDB       | Johnny                                   | johnny                                   | P:yes B:-   L:yes M:yes
2026-08-28 21:02:26 | NOT_FOUND  | TMDB/ELCIN | Róże i grzechy 1 (odc. 52)               | róże i grzechy 1                         | P:-   B:-   L:-   M:-  
2026-08-28 21:02:26 | NOT_FOUND  | TMDB/ELCIN | Otchłań namiętności 1 (odc. 153)         | otchłań namiętności 1                    | P:-   B:-   L:-   M:-  
2026-08-28 21:02:28 | FOUND      | TMDB       | Captain Fantastic                        | captain fantastic                        | P:yes B:-   L:yes M:yes
2026-08-28 21:02:28 | FOUND      | TMDB       | Z bożą pomocą                            | z bożą pomocą                            | P:yes B:-   L:yes M:yes
2026-08-28 21:08:59 | NOT_FOUND  | TMDB/ELCIN | Poirot 2: odc.2                          | poirot 2                                 | P:-   B:-   L:-   M:-  
2026-08-28 21:08:59 | FOUND      | TMDB       | Czarna lista: odc.10                     | czarna lista                             | P:yes B:-   L:yes M:yes
2026-08-28 21:09:04 | FOUND      | TMDB       | Gwiazdy Kabaretu: odc.64                 | gwiazdy kabaretu                         | P:yes B:-   L:-   M:yes
2026-08-28 21:09:04 | FOUND      | TMDB       | STOP Drogówka: odc.334                   | stop drogówka                            | P:yes B:-   L:-   M:yes
2026-08-28 21:09:04 | FOUND      | TMDB       | Wodny świat                              | wodny świat                              | P:yes B:-   L:yes M:yes
2026-08-28 21:09:04 | FOUND      | TMDB       | Love Island. Wyspa miłości: odc.5        | love island. wyspa miłości               | P:yes B:-   L:-   M:yes
2026-08-28 21:09:06 | FOUND      | TMDB       | Kości: odc.153                           | kości                                    | P:yes B:-   L:yes M:yes
2026-08-28 21:09:06 | FOUND      | TMDB       | Bez litości 3                            | bez litości 3                            | P:yes B:-   L:yes M:yes
2026-08-28 21:09:14 | NOT_FOUND  | TMDB/ELCIN | Czarny lotos                             | czarny lotos                             | P:-   B:-   L:-   M:-  
2026-08-28 21:09:14 | FOUND      | TMDB       | Plan lekcji                              | plan lekcji                              | P:yes B:-   L:yes M:yes
2026-08-28 21:09:14 | NOT_FOUND  | TMDB/ELCIN | Taki jest świat 11 (odc. 34)             | taki jest świat 11                       | P:-   B:-   L:-   M:-  
2026-08-28 21:09:14 | FOUND      | TMDB       | Pielgrzym                                | pielgrzym                                | P:yes B:-   L:-   M:yes
2026-08-28 21:09:15 | FOUND      | TMDB       | Krwawa pogoń                             | krwawa pogoń                             | P:yes B:-   L:yes M:yes
2026-08-28 21:09:16 | NOT_FOUND  | TMDB/ELCIN | Für immer und WG                         | für immer und wg                         | P:-   B:-   L:-   M:-  
2026-08-28 21:09:16 | FOUND      | TMDB       | 10 vor 10                                | 10 vor 10                                | P:-   B:-   L:-   M:yes
2026-08-28 21:09:16 | FOUND      | TMDB       | SRF bi de Lüt - Im Einsatz               | srf bi de lüt - im einsatz               | P:yes B:-   L:-   M:yes
2026-08-28 21:09:18 | NOT_FOUND  | TMDB/ELCIN | Sportflash                               | sportflash                               | P:-   B:-   L:-   M:-  
2026-08-28 21:09:18 | NOT_FOUND  | TMDB/ELCIN | Newsflash SRF zwei                       | newsflash srf zwei                       | P:-   B:-   L:-   M:-  
2026-08-28 21:09:19 | FOUND      | TMDB       | 11. September - Die letzten Stunden im W | 11. september - die letzten stunden im w | P:yes B:-   L:yes M:yes
2026-08-28 21:09:19 | FOUND      | TMDB       | Wolke unterm Dach                        | wolke unterm dach                        | P:yes B:-   L:yes M:yes
2026-08-28 21:09:21 | NOT_FOUND  | TMDB/ELCIN | Dîner à la ferme                         | dîner à la ferme                         | P:-   B:-   L:-   M:-  
2026-08-28 21:09:21 | FOUND      | TMDB       | Météo                                    | météo                                    | P:yes B:-   L:-   M:yes
2026-08-28 21:09:21 | FOUND      | TMDB       | Sans retour                              | sans retour                              | P:yes B:-   L:-   M:yes
2026-08-28 21:09:22 | FOUND      | TMDB       | Nicole Brown Simpson : Un destin tragiqu | nicole brown simpson : un destin tragiqu | P:yes B:-   L:yes M:yes
2026-08-28 21:09:22 | NOT_FOUND  | TMDB/ELCIN | PMU                                      | pmu                                      | P:-   B:-   L:-   M:-  
2026-08-28 21:09:23 | NOT_FOUND  | TMDB/ELCIN | Suisse en scène                          | suisse en scène                          | P:-   B:-   L:-   M:-  
2026-08-28 21:09:23 | NOT_FOUND  | TMDB/ELCIN | Zap RTS Sport                            | zap rts sport                            | P:-   B:-   L:-   M:-  
2026-08-28 21:09:23 | FOUND      | TMDB       | Kingsman : services secrets              | kingsman : services secrets              | P:yes B:-   L:yes M:yes
2026-08-28 21:09:23 | FOUND      | TMDB       | Good morning England                     | good morning england                     | P:yes B:-   L:yes M:yes
2026-08-28 21:09:24 | NOT_FOUND  | TMDB/ELCIN | Telegiornale                             | telegiornale                             | P:-   B:-   L:-   M:-  
2026-08-28 21:09:24 | NOT_FOUND  | TMDB/ELCIN | TG Notte                                 | tg notte                                 | P:-   B:-   L:-   M:-  
2026-08-28 21:09:25 | FOUND      | TMDB       | Il commissario Montalbano - Una faccenda | il commissario montalbano - una faccenda | P:yes B:-   L:-   M:yes
2026-08-28 21:09:26 | NOT_FOUND  | TMDB/ELCIN | Telesguard                               | telesguard                               | P:-   B:-   L:-   M:-  
2026-08-28 21:09:27 | FOUND      | TMDB       | IF - Gli amici immaginari                | if - gli amici immaginari                | P:yes B:-   L:yes M:yes
2026-08-28 21:09:28 | FOUND      | TMDB       | Friends - Torta a sorpresa               | friends - torta a sorpresa               | P:yes B:-   L:-   M:yes
2026-08-28 21:09:28 | FOUND      | TMDB       | Tracker - Springland                     | tracker - springland                     | P:yes B:-   L:yes M:yes
2026-08-28 21:09:28 | FOUND      | TMDB       | Tracker - Monte Shasta                   | tracker - monte shasta                   | P:yes B:-   L:yes M:yes
2026-08-28 21:09:29 | NOT_FOUND  | TMDB/ELCIN | Culture en prime                         | culture en prime                         | P:-   B:-   L:-   M:-  
2026-08-28 21:09:29 | NOT_FOUND  | TMDB/ELCIN | Stoemp, pèkèt... et des rawettes !       | stoemp, pèkèt... et des rawettes !       | P:-   B:-   L:-   M:-  
2026-08-28 21:09:29 | NOT_FOUND  | TMDB/ELCIN | Météo & Climat 20h20                     | météo & climat 20h20                     | P:-   B:-   L:-   M:-  
2026-08-28 21:09:29 | NOT_FOUND  | TMDB/ELCIN | EuroMillions                             | euromillions                             | P:-   B:-   L:-   M:-  
2026-08-28 21:09:30 | FOUND      | TMDB       | Ibiza                                    | ibiza                                    | P:yes B:-   L:yes M:yes
2026-08-28 21:09:31 | FOUND      | TMDB       | Je vous dérange                          | je vous dérange                          | P:yes B:-   L:-   M:yes
2026-08-28 21:09:31 | FOUND      | TMDB       | Chicago Police                           | chicago police                           | P:yes B:-   L:-   M:yes
2026-08-28 21:09:40 | FOUND      | TMDB       | Tilt - Tieni il tempo                    | tilt - tieni il tempo                    | P:yes B:-   L:-   M:yes
2026-08-28 21:09:53 | FOUND      | TMDB       | Tilt - Tieni il tempo                    | tilt - tieni il tempo                    | P:yes B:-   L:-   M:yes
2026-08-28 21:10:07 | FOUND      | TMDB       | Friends                                  | friends                                  | P:yes B:-   L:-   M:yes
2026-08-28 21:10:15 | FOUND      | TMDB       | Tilt - Tieni il tempo                    | tilt - tieni il tempo                    | P:yes B:-   L:-   M:yes
2026-08-28 21:10:16 | FOUND      | TMDB       | Gli omicidi dell'isola - Delitto a Creta | gli omicidi dell'isola - delitto a creta | P:yes B:-   L:-   M:yes
2026-08-28 21:10:17 | NOT_FOUND  | TMDB/ELCIN | Màkari 3 - Tutti i libri del mondo p.3   | màkari 3 - tutti i libri del mondo p.3   | P:-   B:-   L:-   M:-  
2026-08-28 21:10:17 | NOT_FOUND  | TMDB/ELCIN | La Squadra 3 - p.30                      | la squadra 3 - p.30                      | P:-   B:-   L:-   M:-  
2026-08-28 21:10:17 | NOT_FOUND  | TMDB/ELCIN | Heartland 3 - Il lupo ep.11              | heartland 3 - il lupo                    | P:-   B:-   L:-   M:-  
2026-08-28 21:10:17 | FOUND      | TMDB       | Un amore di maggiordomo                  | un amore di maggiordomo                  | P:yes B:-   L:yes M:yes
2026-08-28 21:10:18 | FOUND      | TMDB       | Bastardi a mano armata                   | bastardi a mano armata                   | P:yes B:-   L:-   M:yes
2026-08-28 21:10:18 | NOT_FOUND  | TMDB/ELCIN | Anica - Appuntamento al cinema           | anica - appuntamento al cinema           | P:-   B:-   L:-   M:-  
2026-08-28 21:10:19 | FOUND      | TMDB       | Blow-Up                                  | blow-up                                  | P:yes B:-   L:yes M:yes
2026-08-28 21:10:20 | FOUND      | TMDB       | Bruno Barbieri - 4 Hotel                 | bruno barbieri - 4 hotel                 | P:yes B:-   L:-   M:yes
2026-08-28 21:10:20 | FOUND      | TMDB       | Alessandro Borghese - 4 Ristoranti       | alessandro borghese - 4 ristoranti       | P:yes B:-   L:-   M:yes
2026-08-28 21:10:21 | FOUND      | TMDB       | Bastardi a mano armata                   | bastardi a mano armata                   | P:yes B:-   L:-   M:yes
2026-08-28 21:10:21 | NOT_FOUND  | TMDB/ELCIN | Anica - Appuntamento al cinema           | anica - appuntamento al cinema           | P:-   B:-   L:-   M:-  
2026-08-28 21:10:21 | FOUND      | TMDB       | Bastardi a mano armata                   | bastardi a mano armata                   | P:yes B:-   L:-   M:yes
2026-08-28 21:10:22 | NOT_FOUND  | TMDB/ELCIN | Màkari 3 - Tutti i libri del mondo p.3   | màkari 3 - tutti i libri del mondo p.3   | P:-   B:-   L:-   M:-  
2026-08-28 21:10:22 | NOT_FOUND  | TMDB/ELCIN | La Squadra 3 - p.30                      | la squadra 3 - p.30                      | P:-   B:-   L:-   M:-  
2026-08-28 21:10:22 | NOT_FOUND  | TMDB/ELCIN | Heartland 3 - Il lupo ep.11              | heartland 3 - il lupo                    | P:-   B:-   L:-   M:-  
2026-08-28 21:10:22 | NOT_FOUND  | TMDB/ELCIN | Màkari 3 - Tutti i libri del mondo p.3   | màkari 3 - tutti i libri del mondo p.3   | P:-   B:-   L:-   M:-  
2026-08-28 21:10:27 | NOT_FOUND  | TMDB/ELCIN | Making The Movies                        | making the movies                        | P:-   B:-   L:-   M:-  
2026-08-28 21:10:27 | FOUND      | TMDB       | The Family                               | the family                               | P:yes B:-   L:yes M:yes
2026-08-28 21:10:28 | FOUND      | TMDB       | Operation Fortune: Ruse De Guerre        | operation fortune: ruse de guerre        | P:yes B:-   L:yes M:yes
2026-08-28 21:10:28 | FOUND      | TMDB       | Nobody                                   | nobody                                   | P:yes B:-   L:yes M:yes
2026-08-28 21:10:32 | NOT_FOUND  | TMDB/ELCIN | Making The Movies                        | making the movies                        | P:-   B:-   L:-   M:-  
2026-08-28 21:10:33 | NOT_FOUND  | TMDB/ELCIN | Making The Movies                        | making the movies                        | P:-   B:-   L:-   M:-  
2026-08-28 21:10:35 | FOUND      | TMDB       | Bundesliga 2026/27: FC Bayern MÈunchen X | bundesliga 2026 27: fc bayern mèunchen x | P:yes B:-   L:-   M:yes
2026-08-28 21:10:35 | FOUND      | TMDB       | Bundesliga 2 2026/27: Eintracht Braunsch | bundesliga 2 2026 27: eintracht braunsch | P:yes B:-   L:-   M:yes
2026-08-28 21:10:36 | NOT_FOUND  | TMDB/ELCIN | Al Motawahesh                            | al motawahesh                            | P:-   B:-   L:-   M:-  
2026-08-28 21:10:36 | NOT_FOUND  | TMDB/ELCIN | Woroud Wa Thonoub                        | woroud wa thonoub                        | P:-   B:-   L:-   M:-  
2026-08-28 21:10:39 | NOT_FOUND  | TMDB/ELCIN | Sirr Al Haneen                           | sirr al haneen                           | P:-   B:-   L:-   M:-  
2026-08-28 21:10:43 | NOT_FOUND  | TMDB/ELCIN | Një këngë për jetën                      | një këngë për jetën                      | P:-   B:-   L:-   M:-  
2026-08-28 21:10:43 | NOT_FOUND  | TMDB/ELCIN | Krijesa veçanërisht të zgjuara           | krijesa veçanërisht të zgjuara           | P:-   B:-   L:-   M:-  
2026-08-28 21:10:43 | NOT_FOUND  | TMDB/ELCIN | Filmi i Frikshëm                         | filmi i frikshëm                         | P:-   B:-   L:-   M:-  
2026-08-28 21:10:43 | NOT_FOUND  | TMDB/ELCIN | Një këngë për jetën                      | një këngë për jetën                      | P:-   B:-   L:-   M:-  
2026-08-28 21:10:44 | NOT_FOUND  | TMDB/ELCIN | Legenda o vitezu, film                   | legenda o vitezu                         | P:-   B:-   L:-   M:-  
2026-08-28 21:10:44 | NOT_FOUND  | TMDB/ELCIN | Ulični borac, film                       | ulični borac                             | P:-   B:-   L:-   M:-  
2026-08-28 21:10:44 | NOT_FOUND  | TMDB/ELCIN | Atlas oblaka, film                       | atlas oblaka                             | P:-   B:-   L:-   M:-  
2026-08-28 21:10:44 | NOT_FOUND  | TMDB/ELCIN | Legenda o vitezu, film                   | legenda o vitezu                         | P:-   B:-   L:-   M:-  
2026-08-28 21:10:44 | NOT_FOUND  | TMDB/ELCIN | Dve karte za Mars                        | dve karte za mars                        | P:-   B:-   L:-   M:-  
2026-08-28 21:10:44 | NOT_FOUND  | TMDB/ELCIN | Sanjari: Priča o "Mankiz"                | sanjari: priča o "mankiz"                | P:-   B:-   L:-   M:-  
2026-08-28 21:10:44 | NOT_FOUND  | TMDB/ELCIN | Lepak za muve                            | lepak za muve                            | P:-   B:-   L:-   M:-  
2026-08-28 21:10:44 | NOT_FOUND  | TMDB/ELCIN | Kritičko razmišljanje                    | kritičko razmišljanje                    | P:-   B:-   L:-   M:-  
2026-08-28 21:10:44 | NOT_FOUND  | TMDB/ELCIN | Odavno mrtav                             | odavno mrtav                             | P:-   B:-   L:-   M:-  
2026-08-28 21:10:44 | NOT_FOUND  | TMDB/ELCIN | Dve karte za Mars                        | dve karte za mars                        | P:-   B:-   L:-   M:-  
2026-08-28 21:10:46 | NOT_FOUND  | TMDB/ELCIN | Niezapomniany weekend                    | niezapomniany weekend                    | P:-   B:-   L:-   M:-  
2026-08-28 21:10:48 | NOT_FOUND  | TMDB/ELCIN | Woroud Wa Thonoub                        | woroud wa thonoub                        | P:-   B:-   L:-   M:-  
2026-08-28 21:10:48 | NOT_FOUND  | TMDB/ELCIN | Woroud Wa Thonoub                        | woroud wa thonoub                        | P:-   B:-   L:-   M:-  
2026-08-28 21:10:48 | NOT_FOUND  | TMDB/ELCIN | Al Motawahesh                            | al motawahesh                            | P:-   B:-   L:-   M:-  
2026-08-28 21:10:48 | NOT_FOUND  | TMDB/ELCIN | Woroud Wa Thonoub                        | woroud wa thonoub                        | P:-   B:-   L:-   M:-  
2026-08-28 21:10:55 | NOT_FOUND  | TMDB/ELCIN | Yabani Asli                              | yabani asli                              | P:-   B:-   L:-   M:-  
2026-08-28 21:10:55 | NOT_FOUND  | TMDB/ELCIN | Harim Karim                              | harim karim                              | P:-   B:-   L:-   M:-  
2026-08-28 21:10:55 | NOT_FOUND  | TMDB/ELCIN | Al Rakesa Wal Seyasi                     | al rakesa wal seyasi                     | P:-   B:-   L:-   M:-  
2026-08-28 21:10:56 | NOT_FOUND  | TMDB/ELCIN | Al Les Wal Kelab                         | al les wal kelab                         | P:-   B:-   L:-   M:-  
2026-08-28 21:10:59 | NOT_FOUND  | TMDB/ELCIN | Tayeh Fi America                         | tayeh fi america                         | P:-   B:-   L:-   M:-  
2026-08-28 21:10:59 | NOT_FOUND  | TMDB/ELCIN | Mirati Wa Zawjati                        | mirati wa zawjati                        | P:-   B:-   L:-   M:-  
2026-08-28 21:10:59 | NOT_FOUND  | TMDB/ELCIN | Al Rakesa Wal Tabaal                     | al rakesa wal tabaal                     | P:-   B:-   L:-   M:-  
2026-08-28 21:11:01 | NOT_FOUND  | TMDB/ELCIN | Al Motared                               | al motared                               | P:-   B:-   L:-   M:-  
2026-08-28 21:11:01 | NOT_FOUND  | TMDB/ELCIN | Om Kolthoum Concert                      | om kolthoum concert                      | P:-   B:-   L:-   M:-  
2026-08-28 21:11:06 | NOT_FOUND  | TMDB/ELCIN | Seed Elnass                              | seed elnass                              | P:-   B:-   L:-   M:-  
2026-08-28 21:11:06 | NOT_FOUND  | TMDB/ELCIN | Ahlan Bi El Sittat                       | ahlan bi el sittat                       | P:-   B:-   L:-   M:-  
2026-08-28 21:11:06 | NOT_FOUND  | TMDB/ELCIN | El Hekaya Ma' Amr Adib                   | el hekaya ma' amr adib                   | P:-   B:-   L:-   M:-  
2026-08-28 21:11:07 | NOT_FOUND  | TMDB/ELCIN | Seed Elnass                              | seed elnass                              | P:-   B:-   L:-   M:-  
2026-08-28 21:11:07 | NOT_FOUND  | TMDB/ELCIN | Ahlan Bi El Sittat                       | ahlan bi el sittat                       | P:-   B:-   L:-   M:-  
2026-08-28 21:11:07 | NOT_FOUND  | TMDB/ELCIN | Shaqet Faisal                            | shaqet faisal                            | P:-   B:-   L:-   M:-  
2026-08-28 21:11:08 | NOT_FOUND  | TMDB/ELCIN | Al Motawahesh                            | al motawahesh                            | P:-   B:-   L:-   M:-  
2026-08-28 21:11:08 | NOT_FOUND  | TMDB/ELCIN | Al Motawahesh                            | al motawahesh                            | P:-   B:-   L:-   M:-  
2026-08-28 21:11:08 | NOT_FOUND  | TMDB/ELCIN | Al Hisn                                  | al hisn                                  | P:-   B:-   L:-   M:-  
2026-08-28 21:11:08 | NOT_FOUND  | TMDB/ELCIN | Al Daif                                  | al daif                                  | P:-   B:-   L:-   M:-  
2026-08-28 21:11:08 | NOT_FOUND  | TMDB/ELCIN | Big Time Podcast                         | big time podcast                         | P:-   B:-   L:-   M:-  
2026-08-28 21:11:13 | FOUND      | elcinema   | وادرك شهريار الصباح ح 11                 | وادرك شهريار الصباح ح 11                 | P:yes B:-   L:-   M:yes
2026-08-28 21:11:14 | FOUND      | elcinema   | الكابتن ح 12                             | الكابتن ح 12                             | P:yes B:-   L:-   M:yes
2026-08-28 21:11:14 | FOUND      | elcinema   | حكايات جروب العيلة ح 12                  | حكايات جروب العيلة ح 12                  | P:yes B:-   L:-   M:yes
2026-08-28 21:11:16 | FOUND      | elcinema   | وتقابل حبيب ح 18                         | وتقابل حبيب ح 18                         | P:yes B:-   L:-   M:yes
2026-08-28 21:11:19 | NOT_FOUND  | TMDB/ELCIN | Habibati.. Man Takoun?                   | habibati.. man takoun?                   | P:-   B:-   L:-   M:-  
2026-08-28 21:11:20 | FOUND      | TMDB       | Sondos                                   | sondos                                   | P:yes B:-   L:yes M:yes
2026-08-28 21:11:27 | NOT_FOUND  | TMDB/ELCIN | Al Motared                               | al motared                               | P:-   B:-   L:-   M:-  
2026-08-28 21:11:27 | NOT_FOUND  | TMDB/ELCIN | Om Kolthoum Concert                      | om kolthoum concert                      | P:-   B:-   L:-   M:-  
2026-08-28 21:11:27 | NOT_FOUND  | TMDB/ELCIN | Al Motared                               | al motared                               | P:-   B:-   L:-   M:-  
2026-08-28 21:11:32 | FOUND      | TMDB       | THE SHAWSHANK REDEMPTION                 | the shawshank redemption                 | P:yes B:-   L:yes M:yes
2026-08-28 21:11:32 | FOUND      | TMDB       | ACTS OF VIOLENCE                         | acts of violence                         | P:yes B:-   L:yes M:yes
2026-08-28 21:11:32 | FOUND      | TMDB       | FAST & FURIOUS : HOBBS & SHAW            | fast & furious : hobbs & shaw            | P:yes B:-   L:yes M:yes
2026-08-28 21:11:32 | FOUND      | TMDB       | THE BAD GUYS                             | the bad guys                             | P:yes B:-   L:yes M:yes
2026-08-28 21:11:32 | FOUND      | TMDB       | SHERLOCK HOLMES: A GAME OF SHADOWS       | sherlock holmes: a game of shadows       | P:yes B:-   L:yes M:yes
2026-08-28 21:11:34 | NOT_FOUND  | TMDB/ELCIN | Making The Movies                        | making the movies                        | P:-   B:-   L:-   M:-  
2026-08-28 21:11:36 | NOT_FOUND  | TMDB/ELCIN | Making The Movies                        | making the movies                        | P:-   B:-   L:-   M:-  
2026-08-28 21:11:37 | FOUND      | TMDB       | Bundesliga 2 2026/27: Eintracht Braunsch | bundesliga 2 2026 27: eintracht braunsch | P:yes B:-   L:-   M:yes
2026-08-28 21:11:37 | FOUND      | TMDB       | Bundesliga 2 2026/27: Eintracht Braunsch | bundesliga 2 2026 27: eintracht braunsch | P:yes B:-   L:-   M:yes
2026-08-28 21:11:38 | NOT_FOUND  | TMDB/ELCIN | Woroud Wa Thonoub                        | woroud wa thonoub                        | P:-   B:-   L:-   M:-  
2026-08-28 21:11:38 | NOT_FOUND  | TMDB/ELCIN | Woroud Wa Thonoub                        | woroud wa thonoub                        | P:-   B:-   L:-   M:-  
2026-08-28 21:11:38 | NOT_FOUND  | TMDB/ELCIN | Woroud Wa Thonoub                        | woroud wa thonoub                        | P:-   B:-   L:-   M:-  
2026-08-28 21:11:38 | NOT_FOUND  | TMDB/ELCIN | Al Motawahesh                            | al motawahesh                            | P:-   B:-   L:-   M:-  
2026-08-28 21:11:39 | NOT_FOUND  | TMDB/ELCIN | Woroud Wa Thonoub                        | woroud wa thonoub                        | P:-   B:-   L:-   M:-  
2026-08-28 21:11:42 | FOUND      | TMDB       | Był sobie człowiek: odc.12               | był sobie człowiek                       | P:yes B:-   L:yes M:yes
2026-08-29 01:52:52 | NOT_FOUND  | TMDB/ELCIN | Fasl Al Maqal                            | fasl al maqal                            | P:-   B:-   L:-   M:-  
2026-08-29 01:52:52 | NOT_FOUND  | TMDB/ELCIN | Al Arabiya News                          | al arabiya news                          | P:-   B:-   L:-   M:-  
2026-08-29 01:52:52 | NOT_FOUND  | TMDB/ELCIN | Al Arabiya News                          | al arabiya news                          | P:-   B:-   L:-   M:-  
2026-08-29 01:52:53 | NOT_FOUND  | TMDB/ELCIN | Al Arabiya News                          | al arabiya news                          | P:-   B:-   L:-   M:-  
2026-08-29 01:52:53 | NOT_FOUND  | TMDB/ELCIN | Al Arabiya News                          | al arabiya news                          | P:-   B:-   L:-   M:-  
2026-08-29 02:00:56 | NOT_FOUND  | TMDB/ELCIN | Al Arabiya News                          | al arabiya news                          | P:-   B:-   L:-   M:-  
2026-08-29 02:22:56 | NOT_FOUND  | TMDB/ELCIN | Al Arabiya News                          | al arabiya news                          | P:-   B:-   L:-   M:-  
2026-08-29 02:23:00 | NOT_FOUND  | TMDB/ELCIN | Al Arabiya News                          | al arabiya news                          | P:-   B:-   L:-   M:-  
2026-08-29 02:23:00 | NOT_FOUND  | TMDB/ELCIN | Al Arabiya News                          | al arabiya news                          | P:-   B:-   L:-   M:-  
2026-08-29 02:23:00 | NOT_FOUND  | TMDB/ELCIN | Al Arabiya News                          | al arabiya news                          | P:-   B:-   L:-   M:-  
2026-08-29 02:23:00 | NOT_FOUND  | TMDB/ELCIN | Al Arabiya News                          | al arabiya news                          | P:-   B:-   L:-   M:-  
2026-08-29 02:23:00 | NOT_FOUND  | TMDB/ELCIN | Fasl Al Maqal                            | fasl al maqal                            | P:-   B:-   L:-   M:-  
2026-08-29 02:23:15 | NOT_FOUND  | TMDB/ELCIN | Market Pulse                             | market pulse                             | P:-   B:-   L:-   M:-  
2026-08-29 02:23:15 | NOT_FOUND  | TMDB/ELCIN | Al Aswaq Al Arabiya 2                    | al aswaq al arabiya 2                    | P:-   B:-   L:-   M:-  
2026-08-29 02:23:15 | NOT_FOUND  | TMDB/ELCIN | Al Aswaq Al Arabiya 1                    | al aswaq al arabiya 1                    | P:-   B:-   L:-   M:-  
2026-08-29 02:23:15 | FOUND      | TMDB       | Market Open                              | market open                              | P:yes B:-   L:-   M:yes
2026-08-29 02:54:37 | NOT_FOUND  | TMDB/ELCIN | Seed Elnass                              | seed elnass                              | P:-   B:-   L:-   M:-  
2026-08-29 02:54:37 | NOT_FOUND  | TMDB/ELCIN | Ahlan Bi El Sittat                       | ahlan bi el sittat                       | P:-   B:-   L:-   M:-  
2026-08-29 02:54:37 | FOUND      | TMDB       | Masrah Masr                              | masrah masr                              | P:yes B:-   L:-   M:yes
2026-08-29 02:54:40 | FOUND      | TMDB       | Masrah Masr                              | masrah masr                              | P:yes B:-   L:-   M:yes
2026-08-29 02:54:40 | NOT_FOUND  | TMDB/ELCIN | Seed Elnass                              | seed elnass                              | P:-   B:-   L:-   M:-  
2026-08-29 02:54:40 | NOT_FOUND  | TMDB/ELCIN | Ahlan Bi El Sittat                       | ahlan bi el sittat                       | P:-   B:-   L:-   M:-  
2026-08-29 02:54:40 | FOUND      | TMDB       | Masrah Masr                              | masrah masr                              | P:yes B:-   L:-   M:yes
2026-08-29 02:54:42 | FOUND      | TMDB       | Masrah Masr                              | masrah masr                              | P:yes B:-   L:-   M:yes
2026-08-29 02:54:42 | NOT_FOUND  | TMDB/ELCIN | Seed Elnass                              | seed elnass                              | P:-   B:-   L:-   M:-  
2026-08-29 02:54:42 | NOT_FOUND  | TMDB/ELCIN | Ahlan Bi El Sittat                       | ahlan bi el sittat                       | P:-   B:-   L:-   M:-  
2026-08-29 02:54:42 | FOUND      | TMDB       | Masrah Masr                              | masrah masr                              | P:yes B:-   L:-   M:yes
2026-08-29 02:54:43 | FOUND      | TMDB       | Masrah Masr                              | masrah masr                              | P:yes B:-   L:-   M:yes
2026-08-29 02:54:43 | NOT_FOUND  | TMDB/ELCIN | Seed Elnass                              | seed elnass                              | P:-   B:-   L:-   M:-  
2026-08-29 02:54:43 | NOT_FOUND  | TMDB/ELCIN | Ahlan Bi El Sittat                       | ahlan bi el sittat                       | P:-   B:-   L:-   M:-  
2026-08-29 02:54:43 | FOUND      | TMDB       | Masrah Masr                              | masrah masr                              | P:yes B:-   L:-   M:yes
2026-08-29 02:54:44 | NOT_FOUND  | TMDB/ELCIN | Min El Qalb Lil Qalb                     | min el qalb lil qalb                     | P:-   B:-   L:-   M:-  
2026-08-29 02:54:44 | NOT_FOUND  | TMDB/ELCIN | Min El Qalb Lil Qalb                     | min el qalb lil qalb                     | P:-   B:-   L:-   M:-  
2026-08-29 02:54:44 | FOUND      | TMDB       | Rasheed                                  | rasheed                                  | P:yes B:-   L:-   M:yes
2026-08-29 02:54:44 | NOT_FOUND  | TMDB/ELCIN | Wa Azhar Al Hob                          | wa azhar al hob                          | P:-   B:-   L:-   M:-  
2026-08-29 02:54:47 | FOUND      | TMDB       | Rasheed                                  | rasheed                                  | P:yes B:-   L:-   M:yes
2026-08-29 02:54:47 | NOT_FOUND  | TMDB/ELCIN | Min El Qalb Lil Qalb                     | min el qalb lil qalb                     | P:-   B:-   L:-   M:-  
2026-08-29 02:54:48 | NOT_FOUND  | TMDB/ELCIN | Wa Azhar Al Hob                          | wa azhar al hob                          | P:-   B:-   L:-   M:-  
2026-08-29 02:54:48 | FOUND      | TMDB       | Rasheed                                  | rasheed                                  | P:yes B:-   L:-   M:yes
2026-08-29 02:54:48 | NOT_FOUND  | TMDB/ELCIN | Al Motawahesh                            | al motawahesh                            | P:-   B:-   L:-   M:-  
2026-08-29 02:54:48 | NOT_FOUND  | TMDB/ELCIN | Nasamat Ayloul                           | nasamat ayloul                           | P:-   B:-   L:-   M:-  
2026-08-29 02:54:48 | NOT_FOUND  | TMDB/ELCIN | Ahlam Al Sineen                          | ahlam al sineen                          | P:-   B:-   L:-   M:-  
2026-08-29 02:54:49 | NOT_FOUND  | TMDB/ELCIN | Al Ghommaida                             | al ghommaida                             | P:-   B:-   L:-   M:-  
2026-08-29 02:54:49 | NOT_FOUND  | TMDB/ELCIN | Jak Al Elm                               | jak al elm                               | P:-   B:-   L:-   M:-  
2026-08-29 02:54:49 | NOT_FOUND  | TMDB/ELCIN | Darb El Dahab                            | darb el dahab                            | P:-   B:-   L:-   M:-  
2026-08-29 02:54:49 | NOT_FOUND  | TMDB/ELCIN | Asdiqaa Al Omr                           | asdiqaa al omr                           | P:-   B:-   L:-   M:-  
2026-08-29 02:54:49 | FOUND      | TMDB       | A'elati Tarbah                           | a'elati tarbah                           | P:yes B:-   L:yes M:yes
2026-08-29 02:54:52 | NOT_FOUND  | TMDB/ELCIN | May Show                                 | may show                                 | P:-   B:-   L:-   M:-  
2026-08-29 02:54:53 | NOT_FOUND  | TMDB/ELCIN | El Zwga 18                               | el zwga 18                               | P:-   B:-   L:-   M:-  
2026-08-29 02:54:53 | NOT_FOUND  | TMDB/ELCIN | Zawag Belakrah                           | zawag belakrah                           | P:-   B:-   L:-   M:-  
2026-08-29 02:54:53 | NOT_FOUND  | TMDB/ELCIN | Nafsana                                  | nafsana                                  | P:-   B:-   L:-   M:-  
2026-08-29 02:54:53 | FOUND      | elcinema   | برنامج بدون كلام                         | برنامج بدون كلام                         | P:yes B:-   L:-   M:yes
2026-08-29 02:54:56 | FOUND      | TMDB       | الحفلة                                   | الحفلة                                   | P:yes B:-   L:yes M:yes
2026-08-29 02:54:57 | FOUND      | elcinema   | درش مجمع حلقات                           | درش مجمع حلقات                           | P:yes B:-   L:-   M:yes
2026-08-29 02:54:57 | FOUND      | elcinema   | الدنيا بخير                              | الدنيا بخير                              | P:yes B:-   L:-   M:yes
2026-08-29 02:55:03 | NOT_FOUND  | TMDB/ELCIN | GMA Pinoy                                | gma pinoy                                | P:-   B:-   L:-   M:-  
2026-08-29 02:55:04 | NOT_FOUND  | TMDB/ELCIN | ريبورترز ناتويرك                         | ريبورترز ناتويرك                         | P:-   B:-   L:-   M:-  
2026-08-29 02:55:04 | NOT_FOUND  | TMDB/ELCIN | مورفيل                                   | مورفيل                                   | P:-   B:-   L:-   M:-  
2026-08-29 02:55:05 | FOUND      | elcinema   | مورفل                                    | مورفل                                    | P:-   B:-   L:-   M:yes
2026-08-29 02:55:05 | FOUND      | elcinema   | انتيكس                                   | انتيكس                                   | P:-   B:-   L:-   M:yes
2026-08-29 02:55:05 | FOUND      | elcinema   | كابوسو مو جيسيكا سوهو                    | كابوسو مو جيسيكا سوهو                    | P:yes B:-   L:-   M:yes
2026-08-29 02:55:06 | FOUND      | elcinema   | هي وبس                                   | هي وبس                                   | P:yes B:-   L:-   M:yes
2026-08-29 02:55:09 | FOUND      | elcinema   | هي وبس                                   | هي وبس                                   | P:yes B:-   L:-   M:yes
2026-08-29 02:55:09 | FOUND      | elcinema   | هي وبس                                   | هي وبس                                   | P:yes B:-   L:-   M:yes
2026-08-29 02:55:18 | FOUND      | TMDB       | Alarum                                   | alarum                                   | P:yes B:-   L:yes M:yes
2026-08-29 02:55:18 | FOUND      | TMDB       | Man With No Past                         | man with no past                         | P:yes B:-   L:yes M:yes
2026-08-29 02:55:22 | NOT_FOUND  | TMDB/ELCIN | اسبانجليش                                | اسبانجليش                                | P:-   B:-   L:-   M:-  
2026-08-29 02:55:24 | FOUND      | elcinema   | مذيع الاخبار                             | مذيع الاخبار                             | P:yes B:-   L:-   M:yes
2026-08-29 02:55:29 | FOUND      | TMDB       | Evil 4 - 6                               | evil 4 - 6                               | P:yes B:-   L:-   M:yes
2026-08-29 02:55:29 | NOT_FOUND  | TMDB/ELCIN | The Hunting Party 2 - 13                 | the hunting party 2 - 13                 | P:-   B:-   L:-   M:-  
2026-08-29 02:55:39 | NOT_FOUND  | TMDB/ELCIN | The Hardacres 2 - 3                      | the hardacres 2 - 3                      | P:-   B:-   L:-   M:-  
2026-08-29 02:55:39 | FOUND      | TMDB       | Couple to Throuple - Ep. 8               | couple to throuple                       | P:yes B:-   L:yes M:yes
2026-08-29 02:55:44 | NOT_FOUND  | TMDB/ELCIN | The Simpsons 37 - 14                     | the simpsons 37 - 14                     | P:-   B:-   L:-   M:-  
2026-08-29 02:55:44 | NOT_FOUND  | TMDB/ELCIN | The Simpsons 37 - 13                     | the simpsons 37 - 13                     | P:-   B:-   L:-   M:-  
2026-08-29 02:55:46 | FOUND      | TMDB       | Peeping Toms                             | peeping toms                             | P:yes B:-   L:-   M:yes
2026-08-29 02:55:46 | NOT_FOUND  | TMDB/ELCIN | Makom Leyad Hayam                        | makom leyad hayam                        | P:-   B:-   L:-   M:-  
2026-08-29 02:55:46 | NOT_FOUND  | TMDB/ELCIN | Soffo Shel Milton Levy                   | soffo shel milton levy                   | P:-   B:-   L:-   M:-  
2026-08-29 02:55:46 | NOT_FOUND  | TMDB/ELCIN | Teta'aru Lachem                          | teta'aru lachem                          | P:-   B:-   L:-   M:-  
2026-08-29 02:55:47 | FOUND      | TMDB       | The Legend Of King Solomon               | the legend of king solomon               | P:yes B:-   L:yes M:yes
2026-08-29 02:55:50 | FOUND      | TMDB       | Love Is In The Air - Ep. 92              | love is in the air                       | P:yes B:-   L:yes M:yes
2026-08-29 02:55:54 | FOUND      | TMDB       | One Love Season 4 - Ep. 387              | one love 4                               | P:yes B:-   L:-   M:yes
2026-08-29 02:55:57 | NOT_FOUND  | TMDB/ELCIN | Don't Leave Me 4 - Ep. 782               | don't leave me 4                         | P:-   B:-   L:-   M:-  
2026-08-29 02:55:58 | FOUND      | TMDB       | Torn Apart - Ep. 10                      | torn apart                               | P:yes B:-   L:-   M:yes
2026-08-29 02:55:59 | FOUND      | TMDB       | Star Fish - Ep. 491                      | star fish                                | P:yes B:-   L:-   M:yes
2026-08-29 02:56:04 | NOT_FOUND  | TMDB/ELCIN | Prisoner of Love 2 - Ep. 247             | prisoner of love 2                       | P:-   B:-   L:-   M:-  
2026-08-29 02:56:11 | NOT_FOUND  | TMDB/ELCIN | Israeli Night                            | israeli night                            | P:-   B:-   L:-   M:-  
2026-08-29 02:56:11 | FOUND      | TMDB       | Nature's Ultimate Survivors - Episode 5  | nature's ultimate survivors              | P:yes B:-   L:-   M:yes
2026-08-29 02:56:11 | NOT_FOUND  | TMDB/ELCIN | Pass the Napkins 2 - 3. Sidney           | pass the napkins 2 - 3. sidney           | P:-   B:-   L:-   M:-  
2026-08-29 02:56:11 | NOT_FOUND  | TMDB/ELCIN | Fine Note 2 - Naomi Polani               | fine note 2 - naomi polani               | P:-   B:-   L:-   M:-  
2026-08-29 02:56:11 | NOT_FOUND  | TMDB/ELCIN | Nature's Ultimate Survivors 2 - Episode  | nature's ultimate survivors 2 - episode  | P:-   B:-   L:-   M:-  
2026-08-29 02:56:13 | NOT_FOUND  | TMDB/ELCIN | Ofira Ohana Seri                         | ofira ohana seri                         | P:-   B:-   L:-   M:-  
2026-08-29 02:56:13 | NOT_FOUND  | TMDB/ELCIN | Talking About The Stars                  | talking about the stars                  | P:-   B:-   L:-   M:-  
2026-08-29 02:56:13 | NOT_FOUND  | TMDB/ELCIN | Savri Maranan 8 - The Confrontation      | savri maranan 8 - the confrontation      | P:-   B:-   L:-   M:-  
2026-08-29 02:56:13 | FOUND      | TMDB       | Perspective                              | perspective                              | P:yes B:-   L:yes M:yes
2026-08-29 02:56:14 | FOUND      | TMDB       | Master Chef - The revolutionary desserts | master chef - the revolutionary desserts | P:yes B:-   L:yes M:yes
2026-08-29 02:56:16 | NOT_FOUND  | TMDB/ELCIN | It's all Written                         | it's all written                         | P:-   B:-   L:-   M:-  
2026-08-29 02:56:17 | FOUND      | TMDB       | Power Couple - Episode 133               | power couple                             | P:yes B:-   L:-   M:yes
2026-08-29 02:56:17 | FOUND      | TMDB       | Power Couple - Wedding Gone Wrong        | power couple - wedding gone wrong        | P:yes B:-   L:-   M:yes
2026-08-29 02:56:17 | FOUND      | TMDB       | Power Couple - The Semifinal             | power couple - the semifinal             | P:yes B:-   L:-   M:yes
2026-08-29 02:56:17 | FOUND      | TMDB       | Zoom                                     | zoom                                     | P:yes B:-   L:yes M:yes
2026-08-29 02:56:19 | NOT_FOUND  | TMDB/ELCIN | Fine Note 2 - Naomi Polani               | fine note 2 - naomi polani               | P:-   B:-   L:-   M:-  
2026-08-29 02:56:19 | NOT_FOUND  | TMDB/ELCIN | Pass the Napkins 2 - 3. Sidney           | pass the napkins 2 - 3. sidney           | P:-   B:-   L:-   M:-  
2026-08-29 02:56:19 | NOT_FOUND  | TMDB/ELCIN | Israeli Night                            | israeli night                            | P:-   B:-   L:-   M:-  
2026-08-29 02:56:19 | NOT_FOUND  | TMDB/ELCIN | Nature's Ultimate Survivors 2 - Episode  | nature's ultimate survivors 2 - episode  | P:-   B:-   L:-   M:-  
2026-08-29 02:56:19 | NOT_FOUND  | TMDB/ELCIN | Pass the Napkins 2 - 3. Sidney           | pass the napkins 2 - 3. sidney           | P:-   B:-   L:-   M:-  
2026-08-29 02:56:22 | NOT_FOUND  | TMDB/ELCIN | Savri Maranan 8 - The Confrontation      | savri maranan 8 - the confrontation      | P:-   B:-   L:-   M:-  
2026-08-29 02:56:22 | NOT_FOUND  | TMDB/ELCIN | Ofira Ohana Seri                         | ofira ohana seri                         | P:-   B:-   L:-   M:-  
2026-08-29 02:56:22 | NOT_FOUND  | TMDB/ELCIN | Talking About The Stars                  | talking about the stars                  | P:-   B:-   L:-   M:-  
2026-08-29 02:56:22 | NOT_FOUND  | TMDB/ELCIN | Ran Shmueli's Kitchen - Green Leaves     | ran shmueli's kitchen - green leaves     | P:-   B:-   L:-   M:-  
2026-08-29 02:56:23 | NOT_FOUND  | TMDB/ELCIN | The Dictionary Of Beauty                 | the dictionary of beauty                 | P:-   B:-   L:-   M:-  
2026-08-29 02:56:24 | NOT_FOUND  | TMDB/ELCIN | Friday is Here - Kobi Machat and Hen Zen | friday is here - kobi machat and hen zen | P:-   B:-   L:-   M:-  
2026-08-29 02:56:25 | NOT_FOUND  | TMDB/ELCIN | The Quiet Wave                           | the quiet wave                           | P:-   B:-   L:-   M:-  
2026-08-29 02:56:27 | NOT_FOUND  | TMDB/ELCIN | The Quiet Wave                           | the quiet wave                           | P:-   B:-   L:-   M:-  
2026-08-29 02:56:27 | NOT_FOUND  | TMDB/ELCIN | The Quiet Wave                           | the quiet wave                           | P:-   B:-   L:-   M:-  
2026-08-29 02:56:27 | NOT_FOUND  | TMDB/ELCIN | The Quiet Wave                           | the quiet wave                           | P:-   B:-   L:-   M:-  
2026-08-29 02:56:27 | NOT_FOUND  | TMDB/ELCIN | The Quiet Wave                           | the quiet wave                           | P:-   B:-   L:-   M:-  
2026-08-29 02:56:29 | FOUND      | TMDB       | No Account                               | no account                               | P:yes B:-   L:-   M:yes
2026-08-29 02:56:30 | NOT_FOUND  | TMDB/ELCIN | War of the Sexes - Episode 1             | war of the sexes                         | P:-   B:-   L:-   M:-  
2026-08-29 02:56:30 | NOT_FOUND  | TMDB/ELCIN | Exclusivity - Episode 8                  | exclusivity                              | P:-   B:-   L:-   M:-  
2026-08-29 02:56:30 | NOT_FOUND  | TMDB/ELCIN | Let Us Watch You - Maya Neshashibi       | let us watch you - maya neshashibi       | P:-   B:-   L:-   M:-  
2026-08-29 02:56:30 | FOUND      | TMDB       | U-Turn - Episode 30                      | u-turn                                   | P:yes B:-   L:yes M:yes
2026-08-29 02:56:31 | NOT_FOUND  | TMDB/ELCIN | The Quiet Wave                           | the quiet wave                           | P:-   B:-   L:-   M:-  
2026-08-29 02:56:31 | NOT_FOUND  | TMDB/ELCIN | The Quiet Wave                           | the quiet wave                           | P:-   B:-   L:-   M:-  
2026-08-29 02:56:31 | NOT_FOUND  | TMDB/ELCIN | The Quiet Wave                           | the quiet wave                           | P:-   B:-   L:-   M:-  
2026-08-29 02:56:31 | NOT_FOUND  | TMDB/ELCIN | The Quiet Wave                           | the quiet wave                           | P:-   B:-   L:-   M:-  
2026-08-29 02:56:33 | NOT_FOUND  | TMDB/ELCIN | Exclusivity - Episode 8                  | exclusivity                              | P:-   B:-   L:-   M:-  
2026-08-29 02:56:33 | NOT_FOUND  | TMDB/ELCIN | Exclusivity - Episode 8                  | exclusivity                              | P:-   B:-   L:-   M:-  
2026-08-29 02:56:33 | NOT_FOUND  | TMDB/ELCIN | War of the Sexes - Episode 1             | war of the sexes                         | P:-   B:-   L:-   M:-  
2026-08-29 02:56:33 | NOT_FOUND  | TMDB/ELCIN | Let Us Watch You - Maya Neshashibi       | let us watch you - maya neshashibi       | P:-   B:-   L:-   M:-  
2026-08-29 02:56:33 | NOT_FOUND  | TMDB/ELCIN | Exclusivity - Episode 8                  | exclusivity                              | P:-   B:-   L:-   M:-  
2026-08-29 02:56:35 | FOUND      | TMDB       | Genial daneben                           | genial daneben                           | P:yes B:-   L:-   M:yes
2026-08-29 02:56:35 | FOUND      | TMDB       | Die Dreisten Drei                        | die dreisten drei                        | P:yes B:-   L:-   M:yes
2026-08-29 02:56:36 | NOT_FOUND  | TMDB/ELCIN | Meteo outre-mer                          | meteo outre-mer                          | P:-   B:-   L:-   M:-  
2026-08-29 02:56:36 | NOT_FOUND  | TMDB/ELCIN | Les joyaux des mers du Sud               | les joyaux des mers du sud               | P:-   B:-   L:-   M:-  
2026-08-29 02:56:36 | NOT_FOUND  | TMDB/ELCIN | Courant d'Art                            | courant d'art                            | P:-   B:-   L:-   M:-  
2026-08-29 02:56:36 | FOUND      | TMDB       | Capitaine Marleau                        | capitaine marleau                        | P:yes B:-   L:-   M:yes
2026-08-29 02:56:36 | FOUND      | TMDB       | Ca commence aujourd'hui                  | ca commence aujourd'hui                  | P:yes B:-   L:-   M:yes
2026-08-29 02:56:38 | FOUND      | TMDB       | Diario de un nomada                      | diario de un nomada                      | P:yes B:-   L:-   M:yes
2026-08-29 02:56:39 | FOUND      | TMDB       | Cachitos de hierro y cromo               | cachitos de hierro y cromo               | P:yes B:-   L:yes M:yes
2026-08-29 02:56:41 | NOT_FOUND  | TMDB/ELCIN | Meteo outre-mer                          | meteo outre-mer                          | P:-   B:-   L:-   M:-  
2026-08-29 02:56:41 | FOUND      | TMDB       | Capitaine Marleau                        | capitaine marleau                        | P:yes B:-   L:-   M:yes
2026-08-29 02:56:41 | NOT_FOUND  | TMDB/ELCIN | Les joyaux des mers du Sud               | les joyaux des mers du sud               | P:-   B:-   L:-   M:-  
2026-08-29 02:56:41 | NOT_FOUND  | TMDB/ELCIN | Courant d'Art                            | courant d'art                            | P:-   B:-   L:-   M:-  
2026-08-29 02:56:41 | FOUND      | TMDB       | Capitaine Marleau                        | capitaine marleau                        | P:yes B:-   L:-   M:yes
2026-08-29 02:56:44 | NOT_FOUND  | TMDB/ELCIN | Love with Challenges                     | love with challenges                     | P:-   B:-   L:-   M:-  
2026-08-29 02:56:44 | NOT_FOUND  | TMDB/ELCIN | To Save Pushikin                         | to save pushikin                         | P:-   B:-   L:-   M:-  
2026-08-29 02:56:44 | NOT_FOUND  | TMDB/ELCIN | Three Heroes and the Center of the World | three heroes and the center of the world | P:-   B:-   L:-   M:-  
2026-08-29 02:56:44 | FOUND      | TMDB       | Walnut                                   | walnut                                   | P:yes B:-   L:-   M:yes
2026-08-29 02:56:44 | FOUND      | TMDB       | GoGORiki                                 | gogoriki                                 | P:yes B:-   L:yes M:yes
2026-08-29 02:56:45 | NOT_FOUND  | TMDB/ELCIN | Sania the Detective                      | sania the detective                      | P:-   B:-   L:-   M:-  
2026-08-29 02:56:45 | NOT_FOUND  | TMDB/ELCIN | Let`s Go and Eat                         | let`s go and eat                         | P:-   B:-   L:-   M:-  
2026-08-29 02:56:45 | NOT_FOUND  | TMDB/ELCIN | Homemade Meals                           | homemade meals                           | P:-   B:-   L:-   M:-  
2026-08-29 02:56:46 | FOUND      | TMDB       | Today's News                             | today's news                             | P:yes B:-   L:yes M:yes
2026-08-29 02:56:47 | NOT_FOUND  | TMDB/ELCIN | Victoriya                                | victoriya                                | P:-   B:-   L:-   M:-  
2026-08-29 02:56:47 | NOT_FOUND  | TMDB/ELCIN | Morning in Russia                        | morning in russia                        | P:-   B:-   L:-   M:-  
2026-08-29 02:56:47 | NOT_FOUND  | TMDB/ELCIN | TOPIC OF THE DAY. LOCAL TIME             | topic of the day. local time             | P:-   B:-   L:-   M:-  
2026-08-29 02:56:47 | FOUND      | TMDB       | The Life of a Chief of the Police        | the life of a chief of the police        | P:yes B:-   L:-   M:yes
2026-08-29 02:56:49 | NOT_FOUND  | TMDB/ELCIN | Podcast.Lab                              | podcast.lab                              | P:-   B:-   L:-   M:-  
2026-08-29 02:56:49 | FOUND      | TMDB       | Chinese Grandma                          | chinese grandma                          | P:yes B:-   L:-   M:yes
2026-08-29 02:56:49 | FOUND      | TMDB       | Vremya - News and Weather Forecast       | vremya - news and weather forecast       | P:yes B:-   L:-   M:yes
2026-08-29 02:56:49 | FOUND      | TMDB       | Good Morning                             | good morning                             | P:yes B:-   L:yes M:yes
2026-08-29 02:56:50 | NOT_FOUND  | TMDB/ELCIN | Pass the Napkins 2 - 3. Sidney           | pass the napkins 2 - 3. sidney           | P:-   B:-   L:-   M:-  
2026-08-29 02:56:50 | NOT_FOUND  | TMDB/ELCIN | Fine Note 2 - Naomi Polani               | fine note 2 - naomi polani               | P:-   B:-   L:-   M:-  
2026-08-29 02:56:50 | NOT_FOUND  | TMDB/ELCIN | Israeli Night                            | israeli night                            | P:-   B:-   L:-   M:-  
2026-08-29 02:56:51 | NOT_FOUND  | TMDB/ELCIN | Nature's Ultimate Survivors 2 - Episode  | nature's ultimate survivors 2 - episode  | P:-   B:-   L:-   M:-  
2026-08-29 02:56:51 | NOT_FOUND  | TMDB/ELCIN | Pass the Napkins 2 - 3. Sidney           | pass the napkins 2 - 3. sidney           | P:-   B:-   L:-   M:-  
2026-08-29 02:56:52 | NOT_FOUND  | TMDB/ELCIN | Savri Maranan 8 - The Confrontation      | savri maranan 8 - the confrontation      | P:-   B:-   L:-   M:-  
2026-08-29 02:56:52 | NOT_FOUND  | TMDB/ELCIN | Ofira Ohana Seri                         | ofira ohana seri                         | P:-   B:-   L:-   M:-  
2026-08-29 02:56:52 | NOT_FOUND  | TMDB/ELCIN | Talking About The Stars                  | talking about the stars                  | P:-   B:-   L:-   M:-  
2026-08-29 02:56:53 | FOUND      | TMDB       | Power Couple - Wedding Gone Wrong        | power couple - wedding gone wrong        | P:yes B:-   L:-   M:yes
2026-08-29 02:56:53 | NOT_FOUND  | TMDB/ELCIN | It's all Written                         | it's all written                         | P:-   B:-   L:-   M:-  
2026-08-29 02:56:53 | FOUND      | TMDB       | Power Couple - Wedding Gone Wrong        | power couple - wedding gone wrong        | P:yes B:-   L:-   M:yes
2026-08-29 02:56:55 | NOT_FOUND  | TMDB/ELCIN | Pass the Napkins 2 - 3. Sidney           | pass the napkins 2 - 3. sidney           | P:-   B:-   L:-   M:-  
2026-08-29 02:56:55 | NOT_FOUND  | TMDB/ELCIN | Fine Note 2 - Naomi Polani               | fine note 2 - naomi polani               | P:-   B:-   L:-   M:-  
2026-08-29 02:56:55 | NOT_FOUND  | TMDB/ELCIN | Israeli Night                            | israeli night                            | P:-   B:-   L:-   M:-  
2026-08-29 02:56:55 | NOT_FOUND  | TMDB/ELCIN | Nature's Ultimate Survivors 2 - Episode  | nature's ultimate survivors 2 - episode  | P:-   B:-   L:-   M:-  
2026-08-29 02:56:55 | NOT_FOUND  | TMDB/ELCIN | Pass the Napkins 2 - 3. Sidney           | pass the napkins 2 - 3. sidney           | P:-   B:-   L:-   M:-  
2026-08-29 02:56:56 | NOT_FOUND  | TMDB/ELCIN | Ran Shmueli's Kitchen - Green Leaves     | ran shmueli's kitchen - green leaves     | P:-   B:-   L:-   M:-  
2026-08-29 02:56:56 | NOT_FOUND  | TMDB/ELCIN | Savri Maranan 8 - The Confrontation      | savri maranan 8 - the confrontation      | P:-   B:-   L:-   M:-  
2026-08-29 02:56:56 | NOT_FOUND  | TMDB/ELCIN | Ofira Ohana Seri                         | ofira ohana seri                         | P:-   B:-   L:-   M:-  
2026-08-29 02:56:56 | NOT_FOUND  | TMDB/ELCIN | Talking About The Stars                  | talking about the stars                  | P:-   B:-   L:-   M:-  
2026-08-29 02:56:58 | NOT_FOUND  | TMDB/ELCIN | Friday is Here - Kobi Machat and Hen Zen | friday is here - kobi machat and hen zen | P:-   B:-   L:-   M:-  
2026-08-29 02:56:58 | NOT_FOUND  | TMDB/ELCIN | The Dictionary Of Beauty                 | the dictionary of beauty                 | P:-   B:-   L:-   M:-  
2026-08-29 02:56:58 | NOT_FOUND  | TMDB/ELCIN | Friday is Here - Kobi Machat and Hen Zen | friday is here - kobi machat and hen zen | P:-   B:-   L:-   M:-  
2026-08-29 02:57:07 | FOUND      | TMDB       | Lato w grudniu                           | lato w grudniu                           | P:yes B:-   L:-   M:yes
2026-08-29 02:57:07 | FOUND      | TMDB       | Longing                                  | longing                                  | P:yes B:-   L:yes M:yes
2026-08-29 02:57:12 | FOUND      | TMDB       | Zniknięcia                               | zniknięcia                               | P:yes B:-   L:yes M:yes
2026-08-29 02:57:12 | NOT_FOUND  | TMDB/ELCIN | Na planie 23 (odc. 35)                   | na planie 23                             | P:-   B:-   L:-   M:-  
2026-08-29 02:57:19 | FOUND      | TMDB       | Clerks - sprzedawcy II                   | clerks - sprzedawcy ii                   | P:yes B:-   L:yes M:yes
2026-08-29 02:57:19 | FOUND      | TMDB       | Euforia: Powrót                          | euforia: powrót                          | P:yes B:-   L:yes M:yes
2026-08-29 02:57:19 | FOUND      | TMDB       | Clerks III                               | clerks iii                               | P:yes B:-   L:yes M:yes
2026-08-29 02:57:20 | FOUND      | TMDB       | Wielka Odważna Piękna Podróż             | wielka odważna piękna podróż             | P:yes B:-   L:yes M:yes
2026-08-29 02:57:25 | FOUND      | TMDB       | Eina                                     | eina                                     | P:yes B:-   L:-   M:yes
2026-08-29 02:57:26 | FOUND      | TMDB       | Magia uczuć                              | magia uczuć                              | P:yes B:-   L:yes M:yes
2026-08-29 02:57:26 | FOUND      | TMDB       | Inferno                                  | inferno                                  | P:yes B:-   L:yes M:yes
2026-08-29 02:57:26 | NOT_FOUND  | TMDB/ELCIN | Bez serca                                | bez serca                                | P:-   B:-   L:-   M:-  
2026-08-29 02:57:27 | FOUND      | TMDB       | Natatorium                               | natatorium                               | P:yes B:-   L:-   M:yes
2026-08-29 02:57:27 | FOUND      | TMDB       | Westhampton                              | westhampton                              | P:yes B:-   L:yes M:yes
2026-08-29 02:57:27 | FOUND      | TMDB       | Rozdzieleni                              | rozdzieleni                              | P:yes B:-   L:yes M:yes
2026-08-29 02:57:27 | FOUND      | TMDB       | Valmont                                  | valmont                                  | P:yes B:-   L:yes M:yes
2026-08-29 02:57:28 | FOUND      | TMDB       | To nie mój film                          | to nie mój                               | P:yes B:-   L:-   M:yes
2026-08-29 02:57:28 | FOUND      | TMDB       | Benek                                    | benek                                    | P:yes B:-   L:-   M:yes
2026-08-29 02:57:29 | FOUND      | TMDB       | Polana pośród brzeziny                   | polana pośród brzeziny                   | P:yes B:-   L:-   M:yes
2026-08-29 02:57:31 | NOT_FOUND  | TMDB/ELCIN | Piłka nożna: PKO BP Ekstraklasa: Górnik  | piłka nożna: pko bp ekstraklasa: górnik  | P:-   B:-   L:-   M:-  
2026-08-29 02:57:31 | NOT_FOUND  | TMDB/ELCIN | Niewypowiedziana wojna 2 (odc. 3)        | niewypowiedziana wojna 2                 | P:-   B:-   L:-   M:-  
2026-08-29 02:57:34 | NOT_FOUND  | TMDB/ELCIN | W garniturach 3: odc.1                   | w garniturach 3                          | P:-   B:-   L:-   M:-  
2026-08-29 02:57:34 | NOT_FOUND  | TMDB/ELCIN | Star Trek: Discovery 5: odc.6            | star trek: discovery 5                   | P:-   B:-   L:-   M:-  
2026-08-29 02:57:37 | NOT_FOUND  | TMDB/ELCIN | Cellar Stories: Bliższy rzut oka na Port | cellar stories: bliższy rzut oka na port | P:-   B:-   L:-   M:-  
2026-08-29 02:57:37 | NOT_FOUND  | TMDB/ELCIN | Blind Tasting Sessions 3: Jessica i Pete | blind tasting sessions 3: jessica i pete | P:-   B:-   L:-   M:-  
2026-08-29 02:57:37 | NOT_FOUND  | TMDB/ELCIN | Cellar Stories: Najstarsza winorośl: odc | cellar stories: najstarsza winorośl      | P:-   B:-   L:-   M:-  
2026-08-29 02:57:40 | FOUND      | TMDB       | Kobieta na dachu                         | kobieta na dachu                         | P:yes B:-   L:-   M:yes
2026-08-29 02:57:40 | NOT_FOUND  | TMDB/ELCIN | Kruk. Szepty słychać po zmroku 1 (odc. 4 | kruk. szepty słychać po zmroku 1         | P:-   B:-   L:-   M:-  
2026-08-29 02:57:46 | NOT_FOUND  | TMDB/ELCIN | Ostrze żądne krwi                        | ostrze żądne krwi                        | P:-   B:-   L:-   M:-  
2026-08-29 02:57:46 | FOUND      | TMDB       | Komenda: zabij                           | komenda: zabij                           | P:yes B:-   L:yes M:yes
2026-08-29 02:57:50 | FOUND      | TMDB       | Zjawa                                    | zjawa                                    | P:yes B:-   L:yes M:yes
2026-08-29 02:57:50 | FOUND      | TMDB       | Szkoła rocka                             | szkoła rocka                             | P:yes B:-   L:yes M:yes
2026-08-29 02:57:51 | NOT_FOUND  | TMDB/ELCIN | Wrogie niebo 3: odc.10                   | wrogie niebo 3                           | P:-   B:-   L:-   M:-  
2026-08-29 02:57:51 | NOT_FOUND  | TMDB/ELCIN | Wrogie niebo 4: odc.1                    | wrogie niebo 4                           | P:-   B:-   L:-   M:-  
2026-08-29 02:57:52 | FOUND      | TMDB       | Święty powraca                           | święty powraca                           | P:yes B:-   L:yes M:yes
2026-08-29 02:57:55 | NOT_FOUND  | TMDB/ELCIN | La Squadra 3 - p.30                      | la squadra 3 - p.30                      | P:-   B:-   L:-   M:-  
2026-08-29 02:57:55 | FOUND      | TMDB       | Zoom ! - La satira in Tv: Quelli che sch | zoom ! - la satira in tv: quelli che sch | P:yes B:-   L:-   M:yes
2026-08-29 02:57:55 | NOT_FOUND  | TMDB/ELCIN | Heartland 3 - Il lupo ep.11              | heartland 3 - il lupo                    | P:-   B:-   L:-   M:-  
2026-08-29 02:57:57 | NOT_FOUND  | TMDB/ELCIN | L'amore fatale                           | l'amore fatale                           | P:-   B:-   L:-   M:-  
2026-08-29 02:57:57 | FOUND      | TMDB       | Canzoni nel mondo                        | canzoni nel mondo                        | P:yes B:-   L:-   M:yes
2026-08-29 02:57:57 | NOT_FOUND  | TMDB/ELCIN | Anica - Appuntamento al cinema           | anica - appuntamento al cinema           | P:-   B:-   L:-   M:-  
2026-08-29 02:57:58 | FOUND      | TMDB       | After 4                                  | after 4                                  | P:yes B:-   L:yes M:yes
2026-08-29 02:57:58 | FOUND      | TMDB       | Provaci ancora, Sam                      | provaci ancora, sam                      | P:yes B:-   L:yes M:yes
2026-08-29 02:58:01 | FOUND      | TMDB       | Jessie J: Alive At The O2                | jessie j: alive at the o2                | P:yes B:-   L:-   M:yes
2026-08-29 02:58:01 | NOT_FOUND  | TMDB/ELCIN | Zoom In 2: odc.8                         | zoom in 2                                | P:-   B:-   L:-   M:-  
2026-08-29 02:58:01 | FOUND      | TMDB       | Poseidon Adventure: odc.1                | poseidon adventure                       | P:yes B:-   L:yes M:yes
2026-08-29 02:58:04 | NOT_FOUND  | TMDB/ELCIN | SurrealEstate 2: odc.10                  | surrealestate 2                          | P:-   B:-   L:-   M:-  
2026-08-29 02:58:05 | FOUND      | TMDB       | Kuba Wojewódzki: odc.12                  | kuba wojewódzki                          | P:yes B:-   L:-   M:yes
2026-08-29 02:58:06 | NOT_FOUND  | TMDB/ELCIN | Zamieszkać na plaży 7: odc.12            | zamieszkać na plaży 7                    | P:-   B:-   L:-   M:-  
2026-08-29 02:58:06 | FOUND      | TMDB       | Kaganiec                                 | kaganiec                                 | P:yes B:-   L:yes M:yes
2026-08-29 02:58:08 | FOUND      | TMDB       | Los numeros                              | los numeros                              | P:yes B:-   L:-   M:yes
2026-08-29 02:58:08 | FOUND      | TMDB       | Fachowcy: odc.6                          | fachowcy                                 | P:yes B:-   L:-   M:yes
2026-08-29 02:58:08 | NOT_FOUND  | TMDB/ELCIN | Miasta, w których straszy: odc.1         | miasta, w których straszy                | P:-   B:-   L:-   M:-  
2026-08-29 02:58:08 | NOT_FOUND  | TMDB/ELCIN | Usterka 11: odc.29                       | usterka 11                               | P:-   B:-   L:-   M:-  
2026-08-29 02:58:09 | NOT_FOUND  | TMDB/ELCIN | Morderstwo w Prowansji                   | morderstwo w prowansji                   | P:-   B:-   L:-   M:-  
2026-08-29 02:58:09 | NOT_FOUND  | TMDB/ELCIN | Morderstwo w Puy-En-Velay                | morderstwo w puy-en-velay                | P:-   B:-   L:-   M:-  
2026-08-29 02:58:10 | NOT_FOUND  | TMDB/ELCIN | Balthazar 5: odc.1                       | balthazar 5                              | P:-   B:-   L:-   M:-  
2026-08-29 02:58:10 | NOT_FOUND  | TMDB/ELCIN | Mentalista 7: odc.2                      | mentalista 7                             | P:-   B:-   L:-   M:-  
2026-08-29 02:58:13 | NOT_FOUND  | TMDB/ELCIN | Z pamiętnika położnej 12 (odc. 7)        | z pamiętnika położnej 12                 | P:-   B:-   L:-   M:-  
2026-08-29 02:58:13 | NOT_FOUND  | TMDB/ELCIN | Co ludzie powiedzą? 3 (odc. 7)           | co ludzie powiedzą? 3                    | P:-   B:-   L:-   M:-  
2026-08-29 02:58:14 | NOT_FOUND  | TMDB/ELCIN | Samochód roku: odc.2                     | samochód roku                            | P:-   B:-   L:-   M:-  
2026-08-29 02:58:14 | NOT_FOUND  | TMDB/ELCIN | Top Gear 14: odc.7                       | top gear 14                              | P:-   B:-   L:-   M:-  
2026-08-29 02:58:14 | NOT_FOUND  | TMDB/ELCIN | Top Gear 17: odc.1                       | top gear 17                              | P:-   B:-   L:-   M:-  
2026-08-29 02:58:15 | FOUND      | TMDB       | W klatce                                 | w klatce                                 | P:yes B:-   L:-   M:yes
2026-08-29 02:58:15 | NOT_FOUND  | TMDB/ELCIN | Strażnik Teksasu 3: odc.22               | strażnik teksasu 3                       | P:-   B:-   L:-   M:-  
2026-08-29 02:58:18 | FOUND      | TMDB       | Magiczny świat Davida Copperfielda       | magiczny świat davida copperfielda       | P:yes B:-   L:yes M:yes
2026-08-29 02:58:18 | FOUND      | TMDB       | Książę i ja                              | książę i ja                              | P:yes B:-   L:yes M:yes
2026-08-29 02:58:20 | FOUND      | TMDB       | Nocna jazda                              | nocna jazda                              | P:yes B:-   L:-   M:yes
2026-08-29 02:58:20 | FOUND      | TMDB       | Satin                                    | satin                                    | P:yes B:-   L:-   M:yes
2026-08-29 02:58:24 | FOUND      | TMDB       | Zbawienie ducha                          | zbawienie ducha                          | P:yes B:-   L:-   M:yes
2026-08-29 02:58:24 | FOUND      | TMDB       | Guido Superstar                          | guido superstar                          | P:yes B:-   L:-   M:yes
2026-08-29 02:58:24 | FOUND      | TMDB       | Operacja: Wilk morski                    | operacja: wilk morski                    | P:yes B:-   L:yes M:yes
2026-08-29 02:58:27 | NOT_FOUND  | TMDB/ELCIN | Gdy płoną lasy                           | gdy płoną lasy                           | P:-   B:-   L:-   M:-  
2026-08-29 02:58:27 | NOT_FOUND  | TMDB/ELCIN | Horny Housewives 3                       | horny housewives 3                       | P:-   B:-   L:-   M:-  
2026-08-29 02:58:27 | FOUND      | TMDB       | Tedi i poszukiwacze zaginionego miasta   | tedi i poszukiwacze zaginionego miasta   | P:yes B:-   L:yes M:yes
2026-08-29 02:58:32 | NOT_FOUND  | TMDB/ELCIN | Horny Housewives 3                       | horny housewives 3                       | P:-   B:-   L:-   M:-  
2026-08-29 02:58:36 | NOT_FOUND  | TMDB/ELCIN | Nowojorski port                          | nowojorski port                          | P:-   B:-   L:-   M:-  
2026-08-29 02:58:36 | NOT_FOUND  | TMDB/ELCIN | Śladami Nazarina                         | śladami nazarina                         | P:-   B:-   L:-   M:-  
2026-08-29 02:58:36 | FOUND      | TMDB       | Strach                                   | strach                                   | P:yes B:-   L:-   M:yes
2026-08-29 02:58:36 | FOUND      | TMDB       | Hawaje                                   | hawaje                                   | P:yes B:-   L:-   M:yes
2026-08-29 02:58:36 | FOUND      | TMDB       | Kiedy ostatni raz widziałem Paryż        | kiedy ostatni raz widziałem paryż        | P:yes B:-   L:yes M:yes
2026-08-29 02:58:41 | NOT_FOUND  | TMDB/ELCIN | Zabójcze umysły: odc.1                   | zabójcze umysły                          | P:-   B:-   L:-   M:-  
2026-08-29 02:58:42 | NOT_FOUND  | TMDB/ELCIN | Zakłamanie 1 (odc. 8)                    | zakłamanie 1                             | P:-   B:-   L:-   M:-  
2026-08-29 02:58:42 | NOT_FOUND  | TMDB/ELCIN | Tropiciel 3 (odc. 3)                     | tropiciel 3                              | P:-   B:-   L:-   M:-  
2026-08-29 02:58:46 | NOT_FOUND  | TMDB/ELCIN | Family Guy: Głowa rodziny 23: odc.9      | family guy: głowa rodziny 23             | P:-   B:-   L:-   M:-  
2026-08-29 02:58:46 | NOT_FOUND  | TMDB/ELCIN | Sposób użycia 4 (odc. 8)                 | sposób użycia 4                          | P:-   B:-   L:-   M:-  
2026-08-29 02:58:49 | NOT_FOUND  | TMDB/ELCIN | Przyjaciele 6 (odc. 5)                   | przyjaciele 6                            | P:-   B:-   L:-   M:-  
2026-08-29 02:58:49 | NOT_FOUND  | TMDB/ELCIN | Pracoholicy 2: odc.10                    | pracoholicy 2                            | P:-   B:-   L:-   M:-  
2026-08-29 02:58:53 | FOUND      | TMDB       | Spadkobiercy: odc.4                      | spadkobiercy                             | P:yes B:-   L:-   M:yes
2026-08-29 02:58:54 | NOT_FOUND  | TMDB/ELCIN | Świat według Kiepskich 22 (odc. 4)       | świat według kiepskich 22                | P:-   B:-   L:-   M:-  
2026-08-29 02:58:54 | NOT_FOUND  | TMDB/ELCIN | Graczykowie 1 (odc. 7)                   | graczykowie 1                            | P:-   B:-   L:-   M:-  
2026-08-29 02:58:59 | NOT_FOUND  | TMDB/ELCIN | Rekrut: Feds 1 (odc. 5)                  | rekrut: feds 1                           | P:-   B:-   L:-   M:-  
2026-08-29 02:58:59 | NOT_FOUND  | TMDB/ELCIN | Rekrut 5 (odc. 5)                        | rekrut 5                                 | P:-   B:-   L:-   M:-  
2026-08-29 02:59:00 | FOUND      | TMDB       | Patriota                                 | patriota                                 | P:yes B:-   L:yes M:yes
2026-08-29 02:59:05 | FOUND      | TMDB       | Zmierzch                                 | zmierzch                                 | P:yes B:-   L:-   M:yes
2026-08-29 02:59:05 | NOT_FOUND  | TMDB/ELCIN | Dowody zbrodni 5: odc.11                 | dowody zbrodni 5                         | P:-   B:-   L:-   M:-  
2026-08-29 02:59:07 | NOT_FOUND  | TMDB/ELCIN | CSI: Kryminalne zagadki Las Vegas 7 (odc | csi: kryminalne zagadki las vegas 7      | P:-   B:-   L:-   M:-  
2026-08-29 02:59:07 | NOT_FOUND  | TMDB/ELCIN | MacGyver 3 (odc. 10)                     | macgyver 3                               | P:-   B:-   L:-   M:-  
2026-08-29 02:59:07 | FOUND      | TMDB       | S.W.A.T. - jednostka specjalna 8 (odc. 1 | s.w.a.t. - jednostka specjalna 8         | P:yes B:-   L:yes M:yes
2026-08-29 02:59:13 | NOT_FOUND  | TMDB/ELCIN | CSI: Kryminalne zagadki Las Vegas 7 (odc | csi: kryminalne zagadki las vegas 7      | P:-   B:-   L:-   M:-  
2026-08-29 02:59:13 | NOT_FOUND  | TMDB/ELCIN | MacGyver 3 (odc. 10)                     | macgyver 3                               | P:-   B:-   L:-   M:-  
2026-08-29 02:59:16 | NOT_FOUND  | TMDB/ELCIN | Słoneczny patrol 5 (odc. 13)             | słoneczny patrol 5                       | P:-   B:-   L:-   M:-  
2026-08-29 02:59:16 | FOUND      | TMDB       | Kobra - oddział specjalny 18: odc.8      | kobra - oddział specjalny 18             | P:yes B:-   L:-   M:yes
2026-08-29 02:59:20 | NOT_FOUND  | TMDB/ELCIN | Marlow: klub zbrodni 2: odc.3            | marlow: klub zbrodni 2                   | P:-   B:-   L:-   M:-  
2026-08-29 02:59:20 | NOT_FOUND  | TMDB/ELCIN | Detektyw Murdoch 18: odc.18              | detektyw murdoch 18                      | P:-   B:-   L:-   M:-  
2026-08-29 02:59:20 | NOT_FOUND  | TMDB/ELCIN | Poirot 9: odc.1                          | poirot 9                                 | P:-   B:-   L:-   M:-  
2026-08-29 02:59:21 | NOT_FOUND  | TMDB/ELCIN | Zatraceni w miłości: odc.66              | zatraceni w miłości                      | P:-   B:-   L:-   M:-  
2026-08-29 02:59:32 | FOUND      | TMDB       | Belli Freschi                            | belli freschi                            | P:yes B:-   L:-   M:yes
2026-08-29 02:59:40 | FOUND      | TMDB       | Belli Freschi                            | belli freschi                            | P:yes B:-   L:-   M:yes
2026-08-29 02:59:40 | FOUND      | TMDB       | Roswell, New Mexico                      | roswell, new mexico                      | P:yes B:-   L:yes M:yes
2026-08-29 02:59:40 | FOUND      | TMDB       | Belli Freschi                            | belli freschi                            | P:yes B:-   L:-   M:yes
2026-08-29 02:59:40 | FOUND      | TMDB       | The Flash                                | the flash                                | P:yes B:-   L:yes M:yes
2026-08-29 02:59:40 | FOUND      | TMDB       | Legacies                                 | legacies                                 | P:yes B:-   L:yes M:yes
2026-08-29 02:59:41 | NOT_FOUND  | TMDB/ELCIN | Holly e Benji Forever                    | holly e benji forever                    | P:-   B:-   L:-   M:-  
2026-08-29 02:59:41 | NOT_FOUND  | TMDB/ELCIN | I Cavalieri dello Zodiaco: Saint Seya -  | i cavalieri dello zodiaco: saint seya -  | P:-   B:-   L:-   M:-  
2026-08-29 02:59:41 | FOUND      | TMDB       | My Hero Academia                         | my hero academia                         | P:yes B:-   L:yes M:yes
2026-08-29 02:59:44 | NOT_FOUND  | TMDB/ELCIN | Holly e Benji Forever                    | holly e benji forever                    | P:-   B:-   L:-   M:-  
2026-08-29 02:59:44 | NOT_FOUND  | TMDB/ELCIN | I Cavalieri dello Zodiaco: Saint Seya -  | i cavalieri dello zodiaco: saint seya -  | P:-   B:-   L:-   M:-  
2026-08-29 02:59:44 | NOT_FOUND  | TMDB/ELCIN | Holly e Benji Forever                    | holly e benji forever                    | P:-   B:-   L:-   M:-  
2026-08-29 02:59:45 | FOUND      | TMDB       | Belli Freschi                            | belli freschi                            | P:yes B:-   L:-   M:yes
2026-08-29 02:59:45 | FOUND      | TMDB       | Belli Freschi                            | belli freschi                            | P:yes B:-   L:-   M:yes
2026-08-29 02:59:48 | FOUND      | TMDB       | Norma e Felice                           | norma e felice                           | P:yes B:-   L:-   M:yes
2026-08-29 02:59:48 | FOUND      | TMDB       | Casa dolce casa                          | casa dolce casa                          | P:yes B:-   L:-   M:yes
2026-08-29 02:59:50 | FOUND      | TMDB       | Elena si, ma... di Troia                 | elena si, ma... di troia                 | P:yes B:-   L:-   M:yes
2026-08-29 02:59:50 | FOUND      | TMDB       | Prestami tua moglie                      | prestami tua moglie                      | P:yes B:-   L:-   M:yes
2026-08-29 02:59:50 | FOUND      | TMDB       | Nerone                                   | nerone                                   | P:yes B:-   L:-   M:yes
2026-08-29 02:59:50 | FOUND      | TMDB       | Carnera - The Walking Mountain           | carnera - the walking mountain           | P:yes B:-   L:-   M:yes
2026-08-29 02:59:54 | NOT_FOUND  | TMDB/ELCIN | Ripudiata                                | ripudiata                                | P:-   B:-   L:-   M:-  
2026-08-29 02:59:54 | FOUND      | TMDB       | Verso l'Eden                             | verso l'eden                             | P:yes B:-   L:-   M:yes
2026-08-29 02:59:54 | FOUND      | TMDB       | La bocca                                 | la bocca                                 | P:yes B:-   L:-   M:yes
2026-08-29 02:59:57 | NOT_FOUND  | TMDB/ELCIN | Delitti ai Caraibi                       | delitti ai caraibi                       | P:-   B:-   L:-   M:-  
2026-08-29 02:59:57 | NOT_FOUND  | TMDB/ELCIN | R.I.S. 5 Delitti imperfetti              | r.i.s. 5 delitti imperfetti              | P:-   B:-   L:-   M:-  
2026-08-29 03:00:00 | FOUND      | TMDB       | Ach śpij, kochanie                       | ach śpij, kochanie                       | P:yes B:-   L:-   M:yes
2026-08-29 03:00:00 | NOT_FOUND  | TMDB/ELCIN | Rzemiosła świata według Orskiej: Maroko  | rzemiosła świata według orskiej: maroko  | P:-   B:-   L:-   M:-  
2026-08-29 03:00:00 | NOT_FOUND  | TMDB/ELCIN | Złoty interes 2: Prywatne zoo: odc.5     | złoty interes 2: prywatne zoo            | P:-   B:-   L:-   M:-  
2026-08-29 03:00:00 | FOUND      | TMDB       | High Life                                | high life                                | P:yes B:-   L:-   M:yes
2026-08-29 03:00:02 | FOUND      | TMDB       | Szkoła: odc.610                          | szkoła                                   | P:yes B:-   L:-   M:yes
2026-08-29 03:00:04 | FOUND      | TMDB       | Szaleństwa panny Ewy                     | szaleństwa panny ewy                     | P:yes B:-   L:-   M:yes
2026-08-29 03:00:04 | NOT_FOUND  | TMDB/ELCIN | Ekstradycja 2: odc.1                     | ekstradycja 2                            | P:-   B:-   L:-   M:-  
2026-08-29 03:00:04 | NOT_FOUND  | TMDB/ELCIN | Komisarz Rex 6: odc.5                    | komisarz rex 6                           | P:-   B:-   L:-   M:-  
2026-08-29 03:00:06 | NOT_FOUND  | TMDB/ELCIN | Wiosenne dzieci                          | wiosenne dzieci                          | P:-   B:-   L:-   M:-  
2026-08-29 03:00:06 | NOT_FOUND  | TMDB/ELCIN | Rejs ku szczęściu - Podróż poślubna do Z | rejs ku szczęściu - podróż poślubna do z | P:-   B:-   L:-   M:-  
2026-08-29 03:00:06 | FOUND      | TMDB       | Dr Nice - Miękkie kolana                 | dr nice - miękkie kolana                 | P:yes B:-   L:-   M:yes
2026-08-29 03:00:10 | NOT_FOUND  | TMDB/ELCIN | Róże i grzechy 1 (odc. 48)               | róże i grzechy 1                         | P:-   B:-   L:-   M:-  
2026-08-29 03:00:10 | NOT_FOUND  | TMDB/ELCIN | Otchłań namiętności 1 (odc. 150)         | otchłań namiętności 1                    | P:-   B:-   L:-   M:-  
2026-08-29 03:00:10 | FOUND      | TMDB       | Opowieść o wyspie                        | opowieść o wyspie                        | P:yes B:-   L:yes M:yes
2026-08-29 03:00:17 | NOT_FOUND  | TMDB/ELCIN | Rejs ku szczęściu - Podróż poślubna do Z | rejs ku szczęściu - podróż poślubna do z | P:-   B:-   L:-   M:-  
2026-08-29 03:00:17 | NOT_FOUND  | TMDB/ELCIN | Rejs ku szczęściu - Podróż poślubna do Z | rejs ku szczęściu - podróż poślubna do z | P:-   B:-   L:-   M:-  
2026-08-29 03:00:17 | NOT_FOUND  | TMDB/ELCIN | Wiosenne dzieci                          | wiosenne dzieci                          | P:-   B:-   L:-   M:-  
2026-08-29 03:00:17 | NOT_FOUND  | TMDB/ELCIN | Rejs ku szczęściu - Podróż poślubna do Z | rejs ku szczęściu - podróż poślubna do z | P:-   B:-   L:-   M:-  
2026-08-29 03:00:19 | FOUND      | TMDB       | Rozmowy kontrolowane: Rozmowy kontrolowa | rozmowy kontrolowane: rozmowy kontrolowa | P:yes B:-   L:-   M:yes
2026-08-29 03:00:19 | FOUND      | TMDB       | Celeste: odcinek 7                       | celeste                                  | P:yes B:-   L:-   M:yes
2026-08-29 03:00:19 | FOUND      | TMDB       | Znachor: Znachor                         | znachor: znachor                         | P:yes B:-   L:yes M:yes
2026-08-29 03:00:22 | NOT_FOUND  | TMDB/ELCIN | Oszust: Oszust 3                         | oszust: oszust 3                         | P:-   B:-   L:-   M:-  
2026-08-29 03:00:22 | NOT_FOUND  | TMDB/ELCIN | Oszust: Oszust 4                         | oszust: oszust 4                         | P:-   B:-   L:-   M:-  
2026-08-29 03:00:23 | NOT_FOUND  | TMDB/ELCIN | Róże i grzechy 1 (odc. 48)               | róże i grzechy 1                         | P:-   B:-   L:-   M:-  
2026-08-29 03:00:23 | NOT_FOUND  | TMDB/ELCIN | Otchłań namiętności 1 (odc. 150)         | otchłań namiętności 1                    | P:-   B:-   L:-   M:-  
2026-08-29 03:00:23 | NOT_FOUND  | TMDB/ELCIN | Otchłań namiętności 1 (odc. 151)         | otchłań namiętności 1                    | P:-   B:-   L:-   M:-  
2026-08-29 03:00:30 | NOT_FOUND  | TMDB/ELCIN | Róże i grzechy 1 (odc. 48)               | róże i grzechy 1                         | P:-   B:-   L:-   M:-  
2026-08-29 03:00:30 | NOT_FOUND  | TMDB/ELCIN | Otchłań namiętności 1 (odc. 150)         | otchłań namiętności 1                    | P:-   B:-   L:-   M:-  
2026-08-29 03:00:34 | NOT_FOUND  | TMDB/ELCIN | TV okazje: odc.83                        | tv okazje                                | P:-   B:-   L:-   M:-  
2026-08-29 03:00:34 | FOUND      | TMDB       | Łowca pedofilów: odc.149                 | łowca pedofilów                          | P:yes B:-   L:-   M:yes
2026-08-29 03:00:35 | FOUND      | TMDB       | Wehikuł czasu: odc.828                   | wehikuł czasu                            | P:yes B:-   L:-   M:yes
2026-08-29 03:00:35 | NOT_FOUND  | TMDB/ELCIN | Kabaret na żądanie                       | kabaret na żądanie                       | P:-   B:-   L:-   M:-  
2026-08-29 03:00:36 | NOT_FOUND  | TMDB/ELCIN | Mistrzowie kabaretu 14 (odc. 6)          | mistrzowie kabaretu 14                   | P:-   B:-   L:-   M:-  
2026-08-29 03:00:36 | NOT_FOUND  | TMDB/ELCIN | Mistrzowie kabaretu 16 (odc. 1)          | mistrzowie kabaretu 16                   | P:-   B:-   L:-   M:-  
2026-08-29 03:00:36 | NOT_FOUND  | TMDB/ELCIN | Mistrzowie kabaretu 15 (odc. 4)          | mistrzowie kabaretu 15                   | P:-   B:-   L:-   M:-  
2026-08-29 03:00:36 | NOT_FOUND  | TMDB/ELCIN | Mistrzowie kabaretu 9 (odc. 1)           | mistrzowie kabaretu 9                    | P:-   B:-   L:-   M:-  
2026-08-29 03:00:36 | FOUND      | TMDB       | I love kabaret: odc.6                    | i love kabaret                           | P:yes B:-   L:-   M:yes
2026-08-29 03:00:37 | NOT_FOUND  | TMDB/ELCIN | Magia nagości. Najlepsze momenty: odc.1  | magia nagości. najlepsze momenty         | P:-   B:-   L:-   M:-  
2026-08-29 03:00:37 | NOT_FOUND  | TMDB/ELCIN | Kojak 5: odc.19                          | kojak 5                                  | P:-   B:-   L:-   M:-  
2026-08-29 03:00:37 | NOT_FOUND  | TMDB/ELCIN | Hity polskiego kabaretu 7: odc.9         | hity polskiego kabaretu 7                | P:-   B:-   L:-   M:-  
2026-08-29 03:00:39 | FOUND      | TMDB       | Skubani                                  | skubani                                  | P:yes B:-   L:yes M:yes
2026-08-29 03:00:44 | FOUND      | TMDB       | Akademik: odc.26                         | akademik                                 | P:yes B:-   L:-   M:yes
2026-08-29 03:00:49 | NOT_FOUND  | TMDB/ELCIN | Poirot 2: odc.2                          | poirot 2                                 | P:-   B:-   L:-   M:-  
2026-08-29 03:00:49 | NOT_FOUND  | TMDB/ELCIN | Poirot 2: odc.2                          | poirot 2                                 | P:-   B:-   L:-   M:-  
2026-08-29 03:00:50 | NOT_FOUND  | TMDB/ELCIN | Doktor Martin 4: odc.29                  | doktor martin 4                          | P:-   B:-   L:-   M:-  
2026-08-29 03:00:50 | NOT_FOUND  | TMDB/ELCIN | 48 h. Zaginieni 3 (odc. 19)              | 48 h. zaginieni 3                        | P:-   B:-   L:-   M:-  
2026-08-29 03:00:50 | NOT_FOUND  | TMDB/ELCIN | Gliniarze 5 (odc. 31)                    | gliniarze 5                              | P:-   B:-   L:-   M:-  
2026-08-29 03:00:50 | NOT_FOUND  | TMDB/ELCIN | Poirot 2: odc.2                          | poirot 2                                 | P:-   B:-   L:-   M:-  
2026-08-29 03:00:50 | NOT_FOUND  | TMDB/ELCIN | Poirot 2: odc.2                          | poirot 2                                 | P:-   B:-   L:-   M:-  
2026-08-29 03:00:51 | NOT_FOUND  | TMDB/ELCIN | Poirot 2: odc.2                          | poirot 2                                 | P:-   B:-   L:-   M:-  
2026-08-29 03:00:54 | NOT_FOUND  | TMDB/ELCIN | Ranczo 1 (odc. 9)                        | ranczo 1                                 | P:-   B:-   L:-   M:-  
2026-08-29 03:00:54 | NOT_FOUND  | TMDB/ELCIN | Komisarz Alex 25 (odc. 12)               | komisarz alex 25                         | P:-   B:-   L:-   M:-  
2026-08-29 03:00:56 | NOT_FOUND  | TMDB/ELCIN | Poirot 2: odc.2                          | poirot 2                                 | P:-   B:-   L:-   M:-  
2026-08-29 03:00:56 | NOT_FOUND  | TMDB/ELCIN | Doktor Martin 4: odc.29                  | doktor martin 4                          | P:-   B:-   L:-   M:-  
2026-08-29 03:00:56 | NOT_FOUND  | TMDB/ELCIN | 48 h. Zaginieni 3 (odc. 19)              | 48 h. zaginieni 3                        | P:-   B:-   L:-   M:-  
2026-08-29 03:00:56 | NOT_FOUND  | TMDB/ELCIN | Ranczo 1 (odc. 9)                        | ranczo 1                                 | P:-   B:-   L:-   M:-  
2026-08-29 03:00:57 | FOUND      | TMDB       | Święty: odc.197                          | święty                                   | P:yes B:-   L:-   M:yes
2026-08-29 03:00:57 | FOUND      | TMDB       | Święty: odc.197                          | święty                                   | P:yes B:-   L:-   M:yes
2026-08-29 03:01:00 | NOT_FOUND  | TMDB/ELCIN | Komisarz Alex 25 (odc. 12)               | komisarz alex 25                         | P:-   B:-   L:-   M:-  
2026-08-29 03:01:00 | NOT_FOUND  | TMDB/ELCIN | Komisarz Alex 25 (odc. 13)               | komisarz alex 25                         | P:-   B:-   L:-   M:-  
2026-08-29 03:01:01 | FOUND      | TMDB       | Zwerbowana miłość                        | zwerbowana miłość                        | P:yes B:-   L:-   M:yes
2026-08-29 03:01:01 | NOT_FOUND  | TMDB/ELCIN | Trzeci oficer 1 (odc. 1)                 | trzeci oficer 1                          | P:-   B:-   L:-   M:-  
2026-08-29 03:01:02 | NOT_FOUND  | TMDB/ELCIN | Poirot 2: odc.2                          | poirot 2                                 | P:-   B:-   L:-   M:-  
2026-08-29 03:01:02 | NOT_FOUND  | TMDB/ELCIN | Doktor Martin 4: odc.29                  | doktor martin 4                          | P:-   B:-   L:-   M:-  
2026-08-29 03:01:03 | NOT_FOUND  | TMDB/ELCIN | Ślad 1 (odc. 22)                         | ślad 1                                   | P:-   B:-   L:-   M:-  
2026-08-29 03:01:05 | NOT_FOUND  | TMDB/ELCIN | Ślad 1 (odc. 22)                         | ślad 1                                   | P:-   B:-   L:-   M:-  
2026-08-29 03:01:05 | NOT_FOUND  | TMDB/ELCIN | Poirot 2: odc.2                          | poirot 2                                 | P:-   B:-   L:-   M:-  
2026-08-29 03:01:05 | NOT_FOUND  | TMDB/ELCIN | Doktor Martin 4: odc.29                  | doktor martin 4                          | P:-   B:-   L:-   M:-  
2026-08-29 03:01:05 | NOT_FOUND  | TMDB/ELCIN | Ślad 1 (odc. 22)                         | ślad 1                                   | P:-   B:-   L:-   M:-  
2026-08-29 03:01:07 | NOT_FOUND  | TMDB/ELCIN | Ślad 1 (odc. 22)                         | ślad 1                                   | P:-   B:-   L:-   M:-  
2026-08-29 03:01:08 | NOT_FOUND  | TMDB/ELCIN | Ślad 1 (odc. 22)                         | ślad 1                                   | P:-   B:-   L:-   M:-  
2026-08-29 03:01:09 | NOT_FOUND  | TMDB/ELCIN | Trzeci oficer 1 (odc. 1)                 | trzeci oficer 1                          | P:-   B:-   L:-   M:-  
2026-08-29 03:01:09 | FOUND      | TMDB       | Zwerbowana miłość                        | zwerbowana miłość                        | P:yes B:-   L:-   M:yes
2026-08-29 03:01:09 | NOT_FOUND  | TMDB/ELCIN | Komisarz Alex 25 (odc. 12)               | komisarz alex 25                         | P:-   B:-   L:-   M:-  
2026-08-29 03:01:09 | NOT_FOUND  | TMDB/ELCIN | Komisarz Alex 25 (odc. 13)               | komisarz alex 25                         | P:-   B:-   L:-   M:-  
2026-08-29 03:01:09 | FOUND      | TMDB       | Zwerbowana miłość                        | zwerbowana miłość                        | P:yes B:-   L:-   M:yes
2026-08-29 03:01:09 | NOT_FOUND  | TMDB/ELCIN | Ślad 1 (odc. 22)                         | ślad 1                                   | P:-   B:-   L:-   M:-  
2026-08-29 03:01:11 | NOT_FOUND  | TMDB/ELCIN | Ślad 1 (odc. 22)                         | ślad 1                                   | P:-   B:-   L:-   M:-  
2026-08-29 03:01:16 | FOUND      | TMDB       | Bracia                                   | bracia                                   | P:yes B:-   L:-   M:yes
2026-08-29 03:01:16 | FOUND      | TMDB       | Sprzątaczka                              | sprzątaczka                              | P:yes B:-   L:yes M:yes
2026-08-29 03:01:16 | FOUND      | TMDB       | Skincare                                 | skincare                                 | P:yes B:-   L:yes M:yes
2026-08-29 03:01:20 | NOT_FOUND  | TMDB/ELCIN | halo tu polsat                           | halo tu polsat                           | P:-   B:-   L:-   M:-  
2026-08-29 03:01:20 | FOUND      | TMDB       | Kabaretowa Ekstraklasa: odc.104          | kabaretowa ekstraklasa                   | P:yes B:-   L:-   M:yes
2026-08-29 03:01:20 | FOUND      | TMDB       | Łowca androidów                          | łowca androidów                          | P:yes B:-   L:yes M:yes
2026-08-29 03:01:20 | FOUND      | TMDB       | Hotel Transylwania                       | hotel transylwania                       | P:yes B:-   L:yes M:yes
2026-08-29 03:01:21 | FOUND      | TMDB       | Robin Hood: Książę złodziei              | robin hood: książę złodziei              | P:yes B:-   L:yes M:yes
2026-08-29 03:01:23 | FOUND      | TMDB       | Ewa gotuje: odc.571                      | ewa gotuje                               | P:yes B:-   L:-   M:yes
2026-08-29 03:01:23 | FOUND      | TMDB       | Dlaczego ja?: odc.1428                   | dlaczego ja?                             | P:yes B:-   L:-   M:yes
2026-08-29 03:01:23 | FOUND      | TMDB       | Wydarzenia                               | wydarzenia                               | P:yes B:-   L:-   M:yes
2026-08-29 03:01:24 | NOT_FOUND  | TMDB/ELCIN | Z klimatem i z pasją: odc.248            | z klimatem i z pasją                     | P:-   B:-   L:-   M:-  
2026-08-29 03:01:24 | FOUND      | TMDB       | Ted 2                                    | ted 2                                    | P:yes B:-   L:yes M:yes
2026-08-29 03:01:26 | FOUND      | TMDB       | Backdoor. Wyjście awaryjne: odc.3        | backdoor. wyjście awaryjne               | P:yes B:-   L:-   M:yes
2026-08-29 03:01:27 | FOUND      | TMDB       | Było sobie życie: odc.1                  | było sobie życie                         | P:yes B:-   L:yes M:yes
2026-08-29 03:01:28 | NOT_FOUND  | TMDB/ELCIN | Z klimatem i z pasją: odc.248            | z klimatem i z pasją                     | P:-   B:-   L:-   M:-  
2026-08-29 03:01:32 | FOUND      | TMDB       | Backdoor. Wyjście awaryjne: odc.3        | backdoor. wyjście awaryjne               | P:yes B:-   L:-   M:yes
2026-08-29 03:01:32 | FOUND      | TMDB       | Backdoor. Wyjście awaryjne: odc.3        | backdoor. wyjście awaryjne               | P:yes B:-   L:-   M:yes
2026-08-29 03:01:34 | NOT_FOUND  | TMDB/ELCIN | Z klimatem i z pasją: odc.248            | z klimatem i z pasją                     | P:-   B:-   L:-   M:-  
2026-08-29 03:01:41 | NOT_FOUND  | TMDB/ELCIN | Z klimatem i z pasją: odc.248            | z klimatem i z pasją                     | P:-   B:-   L:-   M:-  
2026-08-29 03:02:07 | NOT_FOUND  | TMDB/ELCIN | Z klimatem i z pasją: odc.248            | z klimatem i z pasją                     | P:-   B:-   L:-   M:-  
2026-08-29 03:02:08 | FOUND      | TMDB       | Backdoor. Wyjście awaryjne: odc.3        | backdoor. wyjście awaryjne               | P:yes B:-   L:-   M:yes
2026-08-29 03:02:08 | FOUND      | TMDB       | Backdoor. Wyjście awaryjne: odc.3        | backdoor. wyjście awaryjne               | P:yes B:-   L:-   M:yes
2026-08-29 03:02:10 | FOUND      | TMDB       | Kołowrotek: odc.187                      | kołowrotek                               | P:yes B:-   L:-   M:yes
2026-08-29 03:02:10 | NOT_FOUND  | TMDB/ELCIN | Historia broni: odc.10                   | historia broni                           | P:-   B:-   L:-   M:-  
2026-08-29 03:02:10 | NOT_FOUND  | TMDB/ELCIN | SuperLudzie: odc.4                       | superludzie                              | P:-   B:-   L:-   M:-  
2026-08-29 03:02:12 | FOUND      | TMDB       | Więzienie kobiet: odc.28                 | więzienie kobiet                         | P:yes B:-   L:-   M:yes
2026-08-29 03:02:12 | FOUND      | TMDB       | Zdrady: odc.85                           | zdrady                                   | P:yes B:-   L:-   M:yes
2026-08-29 03:02:13 | FOUND      | TMDB       | Łowca pedofilów: odc.117                 | łowca pedofilów                          | P:yes B:-   L:-   M:yes
2026-08-29 03:02:13 | FOUND      | TMDB       | Łowca pedofilów: odc.117                 | łowca pedofilów                          | P:yes B:-   L:-   M:yes
2026-08-29 03:02:15 | FOUND      | TMDB       | Love Island. Wyspa miłości: odc.5        | love island. wyspa miłości               | P:yes B:-   L:-   M:yes
2026-08-29 03:02:15 | FOUND      | TMDB       | Interwencja                              | interwencja                              | P:yes B:-   L:-   M:yes
2026-08-29 03:02:15 | FOUND      | TMDB       | Lubię disco!: odc.311                    | lubię disco!                             | P:yes B:-   L:-   M:yes
2026-08-29 03:02:15 | FOUND      | TMDB       | Galileo: odc.1146                        | galileo                                  | P:yes B:-   L:-   M:yes
2026-08-29 03:02:16 | FOUND      | TMDB       | Top 10 - lista przebojów                 | top 10 - lista przebojów                 | P:yes B:-   L:-   M:yes
2026-08-29 03:02:21 | FOUND      | TMDB       | Krejzi patrol: odc.15                    | krejzi patrol                            | P:yes B:-   L:-   M:yes
2026-08-29 03:02:22 | NOT_FOUND  | TMDB/ELCIN | Menu na miarę: odc.10                    | menu na miarę                            | P:-   B:-   L:-   M:-  
2026-08-29 03:02:22 | NOT_FOUND  | TMDB/ELCIN | Dyżur 3: odc.35                          | dyżur 3                                  | P:-   B:-   L:-   M:-  
2026-08-29 03:02:24 | FOUND      | TMDB       | Piła 4                                   | piła 4                                   | P:yes B:-   L:yes M:yes
2026-08-29 03:02:25 | NOT_FOUND  | TMDB/ELCIN | Ale numer! 23: odc.12                    | ale numer! 23                            | P:-   B:-   L:-   M:-  
2026-08-29 03:02:25 | NOT_FOUND  | TMDB/ELCIN | Lombard. Życie pod zastaw 5: odc.255     | lombard. życie pod zastaw 5              | P:-   B:-   L:-   M:-  
2026-08-29 03:02:25 | NOT_FOUND  | TMDB/ELCIN | Kręcimy z gwiazdami 2: Feel: odc.10      | kręcimy z gwiazdami 2: feel              | P:-   B:-   L:-   M:-  
2026-08-29 03:02:32 | NOT_FOUND  | TMDB/ELCIN | Krew z krwi 3 (odc. 2)                   | krew z krwi 3                            | P:-   B:-   L:-   M:-  
2026-08-29 03:02:32 | NOT_FOUND  | TMDB/ELCIN | Ranczo 7 (odc. 3)                        | ranczo 7                                 | P:-   B:-   L:-   M:-  
2026-08-29 03:02:34 | NOT_FOUND  | TMDB/ELCIN | Morderstwa w Nimes                       | morderstwa w nimes                       | P:-   B:-   L:-   M:-  
2026-08-29 03:02:34 | NOT_FOUND  | TMDB/ELCIN | Dzika Praga                              | dzika praga                              | P:-   B:-   L:-   M:-  
2026-08-29 03:02:34 | NOT_FOUND  | TMDB/ELCIN | Balans bieli                             | balans bieli                             | P:-   B:-   L:-   M:-  
2026-08-29 03:02:35 | FOUND      | TMDB       | Psy wojny                                | psy wojny                                | P:yes B:-   L:yes M:yes
2026-08-29 03:02:38 | FOUND      | TMDB       | Psy 2. Ostatnia krew                     | psy 2. ostatnia krew                     | P:yes B:-   L:-   M:yes
2026-08-29 03:02:38 | FOUND      | TMDB       | Barwy szczęścia: odc.3382                | barwy szczęścia                          | P:yes B:-   L:-   M:yes
2026-08-29 03:02:38 | FOUND      | TMDB       | Akacjowa 38: odc.437                     | akacjowa 38                              | P:yes B:-   L:-   M:yes
2026-08-29 03:02:38 | FOUND      | TMDB       | Rodzinka.pl: odc.215                     | rodzinka.pl                              | P:yes B:-   L:yes M:yes
2026-08-29 03:02:40 | NOT_FOUND  | TMDB/ELCIN | Misja interwencja                        | misja interwencja                        | P:-   B:-   L:-   M:-  
2026-08-29 03:02:40 | FOUND      | TMDB       | Dziedzictwo                              | dziedzictwo                              | P:yes B:-   L:-   M:yes
2026-08-29 03:02:40 | NOT_FOUND  | TMDB/ELCIN | Całkiem niezła historia: Pszczółki moje  | całkiem niezła historia: pszczółki moje  | P:-   B:-   L:-   M:-  
2026-08-29 03:02:40 | FOUND      | TMDB       | Program informacyjny                     | program informacyjny                     | P:yes B:-   L:-   M:yes
2026-08-29 03:02:41 | NOT_FOUND  | TMDB/ELCIN | Zamieszkać na plaży 7: odc.12            | zamieszkać na plaży 7                    | P:-   B:-   L:-   M:-  
2026-08-29 03:02:43 | FOUND      | TMDB       | Los numeros                              | los numeros                              | P:yes B:-   L:-   M:yes
2026-08-29 03:02:43 | NOT_FOUND  | TMDB/ELCIN | Miasta, w których straszy: odc.1         | miasta, w których straszy                | P:-   B:-   L:-   M:-  
2026-08-29 03:02:43 | NOT_FOUND  | TMDB/ELCIN | Usterka 11: odc.29                       | usterka 11                               | P:-   B:-   L:-   M:-  
2026-08-29 03:02:43 | FOUND      | TMDB       | Los numeros                              | los numeros                              | P:yes B:-   L:-   M:yes
2026-08-29 03:02:46 | NOT_FOUND  | TMDB/ELCIN | Absolwenci: odc.1                        | absolwenci                               | P:-   B:-   L:-   M:-  
2026-08-29 03:02:46 | FOUND      | TMDB       | After 2                                  | after 2                                  | P:yes B:-   L:yes M:yes
2026-08-29 03:02:48 | FOUND      | TMDB       | Wiem, co jem i wiem, co kupuję: odc.5    | wiem, co jem i wiem, co kupuję           | P:yes B:-   L:-   M:yes
2026-08-29 03:02:48 | NOT_FOUND  | TMDB/ELCIN | Pani gadżet erotycznie: odc.2            | pani gadżet erotycznie                   | P:-   B:-   L:-   M:-  
2026-08-29 03:02:48 | NOT_FOUND  | TMDB/ELCIN | Zawodowa Anka: odc.6                     | zawodowa anka                            | P:-   B:-   L:-   M:-  
2026-08-29 03:02:48 | NOT_FOUND  | TMDB/ELCIN | Dieta czy cud?: odc.7                    | dieta czy cud?                           | P:-   B:-   L:-   M:-  
2026-08-29 03:02:50 | FOUND      | TMDB       | Wyburzacze: odc.5                        | wyburzacze                               | P:yes B:-   L:-   M:yes
2026-08-29 03:02:50 | NOT_FOUND  | TMDB/ELCIN | K2 - kierowców dwóch: odc.7              | k2 - kierowców dwóch                     | P:-   B:-   L:-   M:-  
2026-08-29 03:02:50 | NOT_FOUND  | TMDB/ELCIN | Najlepsze sportowe samochody ostatnich l | najlepsze sportowe samochody ostatnich l | P:-   B:-   L:-   M:-  
2026-08-29 03:02:50 | NOT_FOUND  | TMDB/ELCIN | Będzie pan zadowolony: odc.4             | będzie pan zadowolony                    | P:-   B:-   L:-   M:-  
2026-08-29 03:02:52 | NOT_FOUND  | TMDB/ELCIN | Mini Chuchi, dini Chuchi                 | mini chuchi, dini chuchi                 | P:-   B:-   L:-   M:-  
2026-08-29 03:02:52 | FOUND      | TMDB       | Rundschau                                | rundschau                                | P:-   B:-   L:-   M:yes
2026-08-29 03:02:52 | NOT_FOUND  | TMDB/ELCIN | Die Schweiz von oben: Berner Oberland    | die schweiz von oben: berner oberland    | P:-   B:-   L:-   M:-  
2026-08-29 03:02:52 | FOUND      | TMDB       | Arena                                    | arena                                    | P:yes B:-   L:-   M:yes
2026-08-29 03:02:53 | FOUND      | TMDB       | SRF bi de Lüt - Im Einsatz               | srf bi de lüt - im einsatz               | P:yes B:-   L:-   M:yes
2026-08-29 03:02:55 | NOT_FOUND  | TMDB/ELCIN | Wissen@SRF                               | wissen@srf                               | P:-   B:-   L:-   M:-  
2026-08-29 03:02:55 | NOT_FOUND  | TMDB/ELCIN | SRF Selection - Musik                    | srf selection - musik                    | P:-   B:-   L:-   M:-  
2026-08-29 03:02:55 | FOUND      | TMDB       | Outlander - Die Highland-Saga            | outlander - die highland-saga            | P:yes B:-   L:-   M:yes
2026-08-29 03:02:58 | NOT_FOUND  | TMDB/ELCIN | Dîner à la ferme                         | dîner à la ferme                         | P:-   B:-   L:-   M:-  
2026-08-29 03:02:58 | NOT_FOUND  | TMDB/ELCIN | Mojo TipTop                              | mojo tiptop                              | P:-   B:-   L:-   M:-  
2026-08-29 03:02:58 | FOUND      | TMDB       | La Pat'Patrouille                        | la pat'patrouille                        | P:yes B:-   L:-   M:yes
2026-08-29 03:02:58 | FOUND      | TMDB       | Jeunesse                                 | jeunesse                                 | P:yes B:-   L:-   M:yes
2026-08-29 03:03:00 | NOT_FOUND  | TMDB/ELCIN | Mission Apprentis                        | mission apprentis                        | P:-   B:-   L:-   M:-  
2026-08-29 03:03:00 | NOT_FOUND  | TMDB/ELCIN | RTS Info                                 | rts info                                 | P:-   B:-   L:-   M:-  
2026-08-29 03:03:00 | FOUND      | TMDB       | Cuntrasts                                | cuntrasts                                | P:-   B:-   L:-   M:yes
2026-08-29 03:03:00 | NOT_FOUND  | TMDB/ELCIN | 19h30 - Signé                            | 19h30 - signé                            | P:-   B:-   L:-   M:-  
2026-08-29 03:03:03 | NOT_FOUND  | TMDB/ELCIN | Telegiornale                             | telegiornale                             | P:-   B:-   L:-   M:-  
2026-08-29 03:03:03 | NOT_FOUND  | TMDB/ELCIN | TG Notte (R)                             | tg notte (r)                             | P:-   B:-   L:-   M:-  
2026-08-29 03:03:03 | NOT_FOUND  | TMDB/ELCIN | Il Quotidiano (R)                        | il quotidiano (r)                        | P:-   B:-   L:-   M:-  
2026-08-29 03:03:03 | NOT_FOUND  | TMDB/ELCIN | Repliche informazione                    | repliche informazione                    | P:-   B:-   L:-   M:-  
2026-08-29 03:03:05 | NOT_FOUND  | TMDB/ELCIN | Telegiornale                             | telegiornale                             | P:-   B:-   L:-   M:-  
2026-08-29 03:03:05 | NOT_FOUND  | TMDB/ELCIN | Repliche informazione                    | repliche informazione                    | P:-   B:-   L:-   M:-  
2026-08-29 03:03:05 | NOT_FOUND  | TMDB/ELCIN | TG Notte                                 | tg notte                                 | P:-   B:-   L:-   M:-  
2026-08-29 03:03:06 | NOT_FOUND  | TMDB/ELCIN | Canottaggio: Mondiali Amsterdam 2026 - F | canottaggio: mondiali amsterdam 2026 - f | P:-   B:-   L:-   M:-  
2026-08-29 03:03:07 | NOT_FOUND  | TMDB/ELCIN | JT 19h30                                 | jt 19h30                                 | P:-   B:-   L:-   M:-  
2026-08-29 03:03:07 | NOT_FOUND  | TMDB/ELCIN | Culture en prime                         | culture en prime                         | P:-   B:-   L:-   M:-  
2026-08-29 03:03:07 | FOUND      | TMDB       | Météo                                    | météo                                    | P:yes B:-   L:-   M:yes
2026-08-29 03:03:08 | FOUND      | TMDB       | Météo                                    | météo                                    | P:yes B:-   L:-   M:yes
2026-08-29 03:03:08 | FOUND      | TMDB       | Météo                                    | météo                                    | P:yes B:-   L:-   M:yes
2026-08-29 03:03:09 | FOUND      | TMDB       | Grizzy et les lemmings                   | grizzy et les lemmings                   | P:yes B:-   L:yes M:yes
2026-08-29 03:03:09 | NOT_FOUND  | TMDB/ELCIN | Ultra-trail du Mont-Blanc, la course de  | ultra-trail du mont-blanc, la course de  | P:-   B:-   L:-   M:-  
2026-08-29 03:03:09 | NOT_FOUND  | TMDB/ELCIN | Boucle de nuit                           | boucle de nuit                           | P:-   B:-   L:-   M:-  
2026-08-29 03:03:10 | FOUND      | TMDB       | Demain nous appartient                   | demain nous appartient                   | P:yes B:-   L:-   M:yes
2026-08-29 03:03:11 | NOT_FOUND  | TMDB/ELCIN | Boucle de nuit                           | boucle de nuit                           | P:-   B:-   L:-   M:-  
2026-08-29 03:03:11 | NOT_FOUND  | TMDB/ELCIN | bel RTL vision                           | bel rtl vision                           | P:-   B:-   L:-   M:-  
2026-08-29 03:03:11 | NOT_FOUND  | TMDB/ELCIN | Coûte que coûte, c'est notre argent      | coûte que coûte, c'est notre argent      | P:-   B:-   L:-   M:-  
2026-08-29 03:03:12 | FOUND      | TMDB       | Moments d'évasion                        | moments d'évasion                        | P:yes B:-   L:-   M:yes
2026-08-29 03:03:14 | FOUND      | TMDB       | Mint, la radio pop rock                  | mint, la radio pop rock                  | P:yes B:-   L:-   M:yes
2026-08-29 03:03:16 | FOUND      | TMDB       | The cerveau : qui sera le plus grand cer | the cerveau : qui sera le plus grand cer | P:yes B:-   L:-   M:yes
2026-08-29 03:03:16 | FOUND      | TMDB       | Les cinquante                            | les cinquante                            | P:yes B:-   L:-   M:yes
2026-08-29 03:03:16 | FOUND      | TMDB       | Expédition Pairi Daiza                   | expédition pairi daiza                   | P:yes B:-   L:yes M:yes
2026-08-29 03:03:18 | FOUND      | TMDB       | Blindspot                                | blindspot                                | P:yes B:-   L:yes M:yes
2026-08-29 03:03:18 | FOUND      | TMDB       | I grandi miti dell'umanita' - Misteri e  | i grandi miti dell'umanita' - misteri e  | P:yes B:-   L:-   M:yes
2026-08-29 03:03:20 | NOT_FOUND  | TMDB/ELCIN | Tg4 - ultima ora notte                   | tg4 - ultima ora notte                   | P:-   B:-   L:-   M:-  
2026-08-29 03:03:21 | NOT_FOUND  | TMDB/ELCIN | Tg4 - ultima ora mattina                 | tg4 - ultima ora mattina                 | P:-   B:-   L:-   M:-  
2026-08-29 03:03:21 | FOUND      | TMDB       | Sabato domenica e venerdi'               | sabato domenica e venerdi'               | P:yes B:-   L:-   M:yes
2026-08-29 03:03:21 | FOUND      | TMDB       | La matriarca                             | la matriarca                             | P:yes B:-   L:yes M:yes
2026-08-29 03:03:21 | FOUND      | TMDB       | Liberi sognatori - A testa alta - Libero | liberi sognatori - a testa alta - libero | P:yes B:-   L:-   M:yes
2026-08-29 03:03:23 | FOUND      | TMDB       | Sacrificio d'amore                       | sacrificio d'amore                       | P:yes B:-   L:-   M:yes
2026-08-29 03:03:23 | FOUND      | TMDB       | R.I.S. Roma - Delitti imperfetti         | r.i.s. roma - delitti imperfetti         | P:yes B:-   L:-   M:yes
2026-08-29 03:03:23 | FOUND      | TMDB       | New Amsterdam                            | new amsterdam                            | P:yes B:-   L:yes M:yes
2026-08-29 03:03:25 | NOT_FOUND  | TMDB/ELCIN | Tempesta d'amore                         | tempesta d'amore                         | P:-   B:-   L:-   M:-  
2026-08-29 03:03:25 | FOUND      | TMDB       | If You Love                              | if you love                              | P:yes B:-   L:-   M:yes
2026-08-29 03:03:29 | FOUND      | TMDB       | Reazione a catena                        | reazione a catena                        | P:yes B:-   L:-   M:yes
2026-08-29 03:03:29 | NOT_FOUND  | TMDB/ELCIN | RaiNews24                                | rainews24                                | P:-   B:-   L:-   M:-  
2026-08-29 03:03:29 | FOUND      | TMDB       | TG 1                                     | tg 1                                     | P:-   B:-   L:-   M:yes
2026-08-29 03:03:30 | NOT_FOUND  | TMDB/ELCIN | Provaci ancora prof 4 - Doppio bersaglio | provaci ancora prof 4 - doppio bersaglio | P:-   B:-   L:-   M:-  
2026-08-29 03:03:31 | NOT_FOUND  | TMDB/ELCIN | Il figlio perduto                        | il figlio perduto                        | P:-   B:-   L:-   M:-  
2026-08-29 03:03:31 | NOT_FOUND  | TMDB/ELCIN | I Giochi di Taranto                      | i giochi di taranto                      | P:-   B:-   L:-   M:-  
2026-08-29 03:03:31 | FOUND      | TMDB       | La regola delle 3 mogli                  | la regola delle 3 mogli                  | P:yes B:-   L:-   M:yes
2026-08-29 03:03:31 | NOT_FOUND  | TMDB/ELCIN | Squadra Speciale Colonia - L'angelo dell | squadra speciale colonia - l'angelo dell | P:-   B:-   L:-   M:-  
2026-08-29 03:03:31 | FOUND      | TMDB       | Zio Gianni - Couchsurfing - Fiorella     | zio gianni - couchsurfing - fiorella     | P:yes B:-   L:-   M:yes
2026-08-29 03:03:33 | NOT_FOUND  | TMDB/ELCIN | RaiNews24                                | rainews24                                | P:-   B:-   L:-   M:-  
2026-08-29 03:03:33 | NOT_FOUND  | TMDB/ELCIN | RaiNews24                                | rainews24                                | P:-   B:-   L:-   M:-  
2026-08-29 03:03:33 | NOT_FOUND  | TMDB/ELCIN | RaiNews24                                | rainews24                                | P:-   B:-   L:-   M:-  
2026-08-29 03:03:33 | NOT_FOUND  | TMDB/ELCIN | RaiNews24                                | rainews24                                | P:-   B:-   L:-   M:-  
2026-08-29 03:03:33 | NOT_FOUND  | TMDB/ELCIN | Ri-Manda Rai Tre                         | ri-manda rai tre                         | P:-   B:-   L:-   M:-  
2026-08-29 03:03:34 | NOT_FOUND  | TMDB/ELCIN | Amazing Stories_Storie Incredibili Episo | amazing stories storie incredibili episo | P:-   B:-   L:-   M:-  
2026-08-29 03:03:34 | FOUND      | TMDB       | Il Generale Della Rovere                 | il generale della rovere                 | P:yes B:-   L:yes M:yes
2026-08-29 03:03:35 | NOT_FOUND  | TMDB/ELCIN | Pagan Peak III ep.5                      | pagan peak iii                           | P:-   B:-   L:-   M:-  
2026-08-29 03:03:35 | NOT_FOUND  | TMDB/ELCIN | Stranger Europe - Belgrado               | stranger europe - belgrado               | P:-   B:-   L:-   M:-  
2026-08-29 03:03:35 | NOT_FOUND  | TMDB/ELCIN | Fast Forward III ep.2                    | fast forward iii                         | P:-   B:-   L:-   M:-  
2026-08-29 03:03:35 | FOUND      | TMDB       | The Survivalist                          | the survivalist                          | P:yes B:-   L:yes M:yes
2026-08-29 03:03:35 | NOT_FOUND  | TMDB/ELCIN | Alert: Missing Persons Unit III ep.3     | alert: missing persons unit iii          | P:-   B:-   L:-   M:-  
2026-08-29 03:03:37 | NOT_FOUND  | TMDB/ELCIN | Doc - Kazbegi                            | doc - kazbegi                            | P:-   B:-   L:-   M:-  
2026-08-29 03:03:37 | NOT_FOUND  | TMDB/ELCIN | Come ridevamo                            | come ridevamo                            | P:-   B:-   L:-   M:-  
2026-08-29 03:03:37 | NOT_FOUND  | TMDB/ELCIN | Overland 20 Africa dell'Ovest - puntata  | overland 20 africa dell'ovest - puntata  | P:-   B:-   L:-   M:-  
2026-08-29 03:03:37 | NOT_FOUND  | TMDB/ELCIN | Appresso alla Musica - Premiata bottega  | appresso alla musica - premiata bottega  | P:-   B:-   L:-   M:-  
2026-08-29 03:03:37 | NOT_FOUND  | TMDB/ELCIN | Antilopi - Le eroine silenziose della pi | antilopi - le eroine silenziose della pi | P:-   B:-   L:-   M:-  
2026-08-29 03:03:45 | NOT_FOUND  | TMDB/ELCIN | Djali me zemrën mekanike                 | djali me zemrën mekanike                 | P:-   B:-   L:-   M:-  
2026-08-29 03:03:45 | NOT_FOUND  | TMDB/ELCIN | Pothuajse të famshëm                     | pothuajse të famshëm                     | P:-   B:-   L:-   M:-  
2026-08-29 03:03:45 | NOT_FOUND  | TMDB/ELCIN | Haçiko, miku më i mirë                   | haçiko, miku më i mirë                   | P:-   B:-   L:-   M:-  
2026-08-29 03:03:45 | NOT_FOUND  | TMDB/ELCIN | Raja dhe dragoi i fundit                 | raja dhe dragoi i fundit                 | P:-   B:-   L:-   M:-  
2026-08-29 03:03:45 | NOT_FOUND  | TMDB/ELCIN | Indiana Xhons dhe ora e fatit            | indiana xhons dhe ora e fatit            | P:-   B:-   L:-   M:-  
2026-08-29 03:03:47 | NOT_FOUND  | TMDB/ELCIN | Krijesa veçanërisht të zgjuara           | krijesa veçanërisht të zgjuara           | P:-   B:-   L:-   M:-  
2026-08-29 03:03:47 | NOT_FOUND  | TMDB/ELCIN | Filmi i Frikshëm                         | filmi i frikshëm                         | P:-   B:-   L:-   M:-  
2026-08-29 03:03:47 | NOT_FOUND  | TMDB/ELCIN | Një këngë për jetën                      | një këngë për jetën                      | P:-   B:-   L:-   M:-  
2026-08-29 03:03:47 | NOT_FOUND  | TMDB/ELCIN | Dora në kërkim të thesarit               | dora në kërkim të thesarit               | P:-   B:-   L:-   M:-  
2026-08-29 03:03:47 | NOT_FOUND  | TMDB/ELCIN | Indiana Xhons dhe ora e fatit            | indiana xhons dhe ora e fatit            | P:-   B:-   L:-   M:-  
2026-08-29 03:03:47 | NOT_FOUND  | TMDB/ELCIN | Indiana Xhons dhe ora e fatit            | indiana xhons dhe ora e fatit            | P:-   B:-   L:-   M:-  
2026-08-29 03:03:47 | NOT_FOUND  | TMDB/ELCIN | Djali me zemrën mekanike                 | djali me zemrën mekanike                 | P:-   B:-   L:-   M:-  
2026-08-29 03:03:47 | NOT_FOUND  | TMDB/ELCIN | Pothuajse të famshëm                     | pothuajse të famshëm                     | P:-   B:-   L:-   M:-  
2026-08-29 03:03:47 | NOT_FOUND  | TMDB/ELCIN | Haçiko, miku më i mirë                   | haçiko, miku më i mirë                   | P:-   B:-   L:-   M:-  
2026-08-29 03:03:47 | NOT_FOUND  | TMDB/ELCIN | Raja dhe dragoi i fundit                 | raja dhe dragoi i fundit                 | P:-   B:-   L:-   M:-  
2026-08-29 03:03:47 | NOT_FOUND  | TMDB/ELCIN | Indiana Xhons dhe ora e fatit            | indiana xhons dhe ora e fatit            | P:-   B:-   L:-   M:-  
2026-08-29 03:03:49 | NOT_FOUND  | TMDB/ELCIN | Krijesa veçanërisht të zgjuara           | krijesa veçanërisht të zgjuara           | P:-   B:-   L:-   M:-  
2026-08-29 03:03:49 | NOT_FOUND  | TMDB/ELCIN | Filmi i Frikshëm                         | filmi i frikshëm                         | P:-   B:-   L:-   M:-  
2026-08-29 03:03:49 | NOT_FOUND  | TMDB/ELCIN | Një këngë për jetën                      | një këngë për jetën                      | P:-   B:-   L:-   M:-  
2026-08-29 03:03:49 | NOT_FOUND  | TMDB/ELCIN | Krijesa veçanërisht të zgjuara           | krijesa veçanërisht të zgjuara           | P:-   B:-   L:-   M:-  
2026-08-29 03:03:49 | NOT_FOUND  | TMDB/ELCIN | Dora në kërkim të thesarit               | dora në kërkim të thesarit               | P:-   B:-   L:-   M:-  
2026-08-29 03:03:49 | NOT_FOUND  | TMDB/ELCIN | Krijesa veçanërisht të zgjuara           | krijesa veçanërisht të zgjuara           | P:-   B:-   L:-   M:-  
2026-08-29 03:03:51 | NOT_FOUND  | TMDB/ELCIN | Më vrit tri herë                         | më vrit tri herë                         | P:-   B:-   L:-   M:-  
2026-08-29 03:03:51 | NOT_FOUND  | TMDB/ELCIN | Ana tjetër e seksit                      | ana tjetër e seksit                      | P:-   B:-   L:-   M:-  
2026-08-29 03:03:51 | NOT_FOUND  | TMDB/ELCIN | Hallouin 2                               | hallouin 2                               | P:-   B:-   L:-   M:-  
2026-08-29 03:03:51 | NOT_FOUND  | TMDB/ELCIN | Këndvështrimet e një krimi               | këndvështrimet e një krimi               | P:-   B:-   L:-   M:-  
2026-08-29 03:03:51 | FOUND      | TMDB       | Wimbledon                                | wimbledon                                | P:yes B:-   L:yes M:yes
2026-08-29 03:03:54 | NOT_FOUND  | TMDB/ELCIN | Mrekullia                                | mrekullia                                | P:-   B:-   L:-   M:-  
2026-08-29 03:03:54 | NOT_FOUND  | TMDB/ELCIN | Makineria e luftës                       | makineria e luftës                       | P:-   B:-   L:-   M:-  
2026-08-29 03:03:54 | NOT_FOUND  | TMDB/ELCIN | Fajkoi prej gjalpë kikiriku              | fajkoi prej gjalpë kikiriku              | P:-   B:-   L:-   M:-  
2026-08-29 03:03:54 | FOUND      | TMDB       | Dominik                                  | dominik                                  | P:yes B:-   L:-   M:yes
2026-08-29 03:03:54 | FOUND      | TMDB       | Troli                                    | troli                                    | P:yes B:-   L:-   M:yes
2026-08-29 03:03:56 | NOT_FOUND  | TMDB/ELCIN | Jashtë ligjit                            | jashtë ligjit                            | P:-   B:-   L:-   M:-  
2026-08-29 03:03:56 | NOT_FOUND  | TMDB/ELCIN | Ndjekja                                  | ndjekja                                  | P:-   B:-   L:-   M:-  
2026-08-29 03:03:56 | NOT_FOUND  | TMDB/ELCIN | 1911 Revolucioni                         | 1911 revolucioni                         | P:-   B:-   L:-   M:-  
2026-08-29 03:03:56 | NOT_FOUND  | TMDB/ELCIN | Shenjat e tërbimit                       | shenjat e tërbimit                       | P:-   B:-   L:-   M:-  
2026-08-29 03:04:00 | NOT_FOUND  | TMDB/ELCIN | Fatlumi                                  | fatlumi                                  | P:-   B:-   L:-   M:-  
2026-08-29 03:04:00 | NOT_FOUND  | TMDB/ELCIN | Të dalldisur                             | të dalldisur                             | P:-   B:-   L:-   M:-  
2026-08-29 03:04:00 | NOT_FOUND  | TMDB/ELCIN | Si të mashtrosh shefin                   | si të mashtrosh shefin                   | P:-   B:-   L:-   M:-  
2026-08-29 03:04:00 | NOT_FOUND  | TMDB/ELCIN | Atëherë kur nuk e pret                   | atëherë kur nuk e pret                   | P:-   B:-   L:-   M:-  
2026-08-29 03:04:00 | NOT_FOUND  | TMDB/ELCIN | Në baladën e dashurisë                   | në baladën e dashurisë                   | P:-   B:-   L:-   M:-  
2026-08-29 03:04:05 | NOT_FOUND  | TMDB/ELCIN | Perandoria                               | perandoria                               | P:-   B:-   L:-   M:-  
2026-08-29 03:04:06 | FOUND      | TMDB       | Hije që mbeten pas                       | hije që mbeten pas                       | P:yes B:-   L:-   M:yes
2026-08-29 03:04:06 | NOT_FOUND  | TMDB/ELCIN | Madame Blavatsky jeton                   | madame blavatsky jeton                   | P:-   B:-   L:-   M:-  
2026-08-29 03:04:06 | FOUND      | TMDB       | Cirku në fshat                           | cirku në fshat                           | P:yes B:-   L:-   M:yes
2026-08-29 03:04:10 | NOT_FOUND  | TMDB/ELCIN | Close Up I (7)                           | close up i (7)                           | P:-   B:-   L:-   M:-  
2026-08-29 03:04:10 | NOT_FOUND  | TMDB/ELCIN | Close Up I (6)                           | close up i (6)                           | P:-   B:-   L:-   M:-  
2026-08-29 03:04:10 | NOT_FOUND  | TMDB/ELCIN | Close Up I (5)                           | close up i (5)                           | P:-   B:-   L:-   M:-  
2026-08-29 03:04:10 | FOUND      | TMDB       | American Fighter                         | american fighter                         | P:yes B:-   L:yes M:yes
2026-08-29 03:04:13 | NOT_FOUND  | TMDB/ELCIN | Atlas oblaka, film                       | atlas oblaka                             | P:-   B:-   L:-   M:-  
2026-08-29 03:04:16 | FOUND      | TMDB       | Malé ženy                                | malé ženy                                | P:yes B:-   L:yes M:yes
2026-08-29 03:04:16 | FOUND      | TMDB       | Dlouhý příběh ve zkratce                 | dlouhý příběh ve zkratce                 | P:yes B:-   L:-   M:yes
2026-08-29 03:04:17 | FOUND      | TMDB       | Hobit: Šmakova dračí poušť               | hobit: šmakova dračí poušť               | P:yes B:-   L:yes M:yes
2026-08-29 03:04:18 | NOT_FOUND  | TMDB/ELCIN | Tvorac                                   | tvorac                                   | P:-   B:-   L:-   M:-  
2026-08-29 03:04:18 | NOT_FOUND  | TMDB/ELCIN | Kraljevstvo nebesko                      | kraljevstvo nebesko                      | P:-   B:-   L:-   M:-  
2026-08-29 03:04:18 | FOUND      | TMDB       | P.S. Volim te                            | p.s. volim te                            | P:yes B:-   L:yes M:yes
2026-08-29 03:04:19 | NOT_FOUND  | TMDB/ELCIN | Ljetna škola 2001.                       | ljetna škola 2001                        | P:-   B:-   L:-   M:-  
2026-08-29 03:04:19 | NOT_FOUND  | TMDB/ELCIN | Clerks 3: Muži za pultem                 | clerks 3: muži za pultem                 | P:-   B:-   L:-   M:-  
2026-08-29 03:04:19 | FOUND      | TMDB       | Euforie: Ohlédnutí                       | euforie: ohlédnutí                       | P:yes B:-   L:yes M:yes
2026-08-29 03:04:20 | FOUND      | TMDB       | Clerks 2: Muži za pultem                 | clerks 2: muži za pultem                 | P:yes B:-   L:yes M:yes
2026-08-29 03:04:20 | FOUND      | TMDB       | Špión                                    | špión                                    | P:yes B:-   L:-   M:yes
2026-08-29 03:04:21 | NOT_FOUND  | TMDB/ELCIN | Tvorac                                   | tvorac                                   | P:-   B:-   L:-   M:-  
2026-08-29 03:04:21 | NOT_FOUND  | TMDB/ELCIN | Kraljevstvo nebesko                      | kraljevstvo nebesko                      | P:-   B:-   L:-   M:-  
2026-08-29 03:04:21 | NOT_FOUND  | TMDB/ELCIN | Ljetna škola 2001.                       | ljetna škola 2001                        | P:-   B:-   L:-   M:-  
2026-08-29 03:04:21 | NOT_FOUND  | TMDB/ELCIN | Tvorac                                   | tvorac                                   | P:-   B:-   L:-   M:-  
2026-08-29 03:04:26 | NOT_FOUND  | TMDB/ELCIN | Clerks 3: Muži za pultem                 | clerks 3: muži za pultem                 | P:-   B:-   L:-   M:-  
2026-08-29 03:04:28 | NOT_FOUND  | TMDB/ELCIN | Pobuna u kokošinjcu                      | pobuna u kokošinjcu                      | P:-   B:-   L:-   M:-  
2026-08-29 03:04:28 | NOT_FOUND  | TMDB/ELCIN | Do kraja života                          | do kraja života                          | P:-   B:-   L:-   M:-  
2026-08-29 03:04:28 | FOUND      | TMDB       | Pad                                      | pad                                      | P:yes B:-   L:-   M:yes
2026-08-29 03:04:30 | FOUND      | TMDB       | Pád                                      | pád                                      | P:yes B:-   L:-   M:yes
2026-08-29 03:04:30 | FOUND      | TMDB       | Slepičí úlet                             | slepičí úlet                             | P:yes B:-   L:yes M:yes
2026-08-29 03:04:31 | FOUND      | TMDB       | Natatorij                                | natatorij                                | P:yes B:-   L:-   M:yes
2026-08-29 03:04:32 | NOT_FOUND  | TMDB/ELCIN | Zbogom, Lenjine                          | zbogom, lenjine                          | P:-   B:-   L:-   M:-  
2026-08-29 03:04:32 | NOT_FOUND  | TMDB/ELCIN | Mješanka                                 | mješanka                                 | P:-   B:-   L:-   M:-  
2026-08-29 03:04:32 | NOT_FOUND  | TMDB/ELCIN | Ono što ostaje                           | ono što ostaje                           | P:-   B:-   L:-   M:-  
2026-08-29 03:04:32 | FOUND      | TMDB       | Erin Brockovich                          | erin brockovich                          | P:yes B:-   L:yes M:yes
2026-08-29 03:04:33 | NOT_FOUND  | TMDB/ELCIN | Ono što ostaje                           | ono što ostaje                           | P:-   B:-   L:-   M:-  
2026-08-29 03:04:33 | FOUND      | TMDB       | Natatorij                                | natatorij                                | P:yes B:-   L:-   M:yes
2026-08-29 03:04:33 | NOT_FOUND  | TMDB/ELCIN | Zbogom, Lenjine                          | zbogom, lenjine                          | P:-   B:-   L:-   M:-  
2026-08-29 03:04:33 | NOT_FOUND  | TMDB/ELCIN | Mješanka                                 | mješanka                                 | P:-   B:-   L:-   M:-  
2026-08-29 03:04:33 | FOUND      | TMDB       | Natatorij                                | natatorij                                | P:yes B:-   L:-   M:yes
2026-08-29 03:04:35 | NOT_FOUND  | TMDB/ELCIN | Muškarci koji mrze žene                  | muškarci koji mrze žene                  | P:-   B:-   L:-   M:-  
2026-08-29 03:04:35 | NOT_FOUND  | TMDB/ELCIN | Knjiga ljubavi                           | knjiga ljubavi                           | P:-   B:-   L:-   M:-  
2026-08-29 03:04:35 | NOT_FOUND  | TMDB/ELCIN | Kolaž program                            | kolaž program                            | P:-   B:-   L:-   M:-  
2026-08-29 03:04:35 | NOT_FOUND  | TMDB/ELCIN | U iščekivanju Bojanglesa                 | u iščekivanju bojanglesa                 | P:-   B:-   L:-   M:-  
2026-08-29 03:04:36 | FOUND      | TMDB       | Mune: Čuvar Mjeseca                      | mune: čuvar mjeseca                      | P:yes B:-   L:yes M:yes
2026-08-29 03:04:38 | NOT_FOUND  | TMDB/ELCIN | Žestoki Henri                            | žestoki henri                            | P:-   B:-   L:-   M:-  
2026-08-29 03:04:38 | NOT_FOUND  | TMDB/ELCIN | Težina uverenja                          | težina uverenja                          | P:-   B:-   L:-   M:-  
2026-08-29 03:04:38 | NOT_FOUND  | TMDB/ELCIN | Kolažni program                          | kolažni program                          | P:-   B:-   L:-   M:-  
2026-08-29 03:04:38 | NOT_FOUND  | TMDB/ELCIN | Moj briljantni razvod                    | moj briljantni razvod                    | P:-   B:-   L:-   M:-  
2026-08-29 03:04:39 | FOUND      | TMDB       | Od 5 do 7                                | od 5 do 7                                | P:yes B:-   L:yes M:yes
2026-08-29 03:04:39 | NOT_FOUND  | TMDB/ELCIN | Kolaž program                            | kolaž program                            | P:-   B:-   L:-   M:-  
2026-08-29 03:04:39 | NOT_FOUND  | TMDB/ELCIN | Majstori iluzije                         | majstori iluzije                         | P:-   B:-   L:-   M:-  
2026-08-29 03:04:39 | FOUND      | TMDB       | Cesta                                    | cesta                                    | P:yes B:-   L:-   M:yes
2026-08-29 03:04:40 | FOUND      | TMDB       | Fukushima                                | fukushima                                | P:yes B:-   L:-   M:yes
2026-08-29 03:04:41 | NOT_FOUND  | TMDB/ELCIN | KOLAŽ PROGRAM                            | kolaž program                            | P:-   B:-   L:-   M:-  
2026-08-29 03:04:42 | NOT_FOUND  | TMDB/ELCIN | Ratna sjekira, film                      | ratna sjekira                            | P:-   B:-   L:-   M:-  
2026-08-29 03:04:42 | NOT_FOUND  | TMDB/ELCIN | Veliko plavetnilo, film                  | veliko plavetnilo                        | P:-   B:-   L:-   M:-  
2026-08-29 03:04:42 | FOUND      | TMDB       | Ainbo: Dobri duh Amazone, film           | ainbo: dobri duh amazone                 | P:yes B:-   L:yes M:yes
2026-08-29 03:04:43 | NOT_FOUND  | TMDB/ELCIN | KOLAŽ PROGRAM                            | kolaž program                            | P:-   B:-   L:-   M:-  
2026-08-29 03:04:44 | NOT_FOUND  | TMDB/ELCIN | Spoj u krkljancu                         | spoj u krkljancu                         | P:-   B:-   L:-   M:-  
2026-08-29 03:04:44 | NOT_FOUND  | TMDB/ELCIN | Sestre zauvijek                          | sestre zauvijek                          | P:-   B:-   L:-   M:-  
2026-08-29 03:04:44 | NOT_FOUND  | TMDB/ELCIN | Zlatokljunko                             | zlatokljunko                             | P:-   B:-   L:-   M:-  
2026-08-29 03:04:46 | FOUND      | TMDB       | Posledná hranica                         | posledná hranica                         | P:yes B:-   L:-   M:yes
2026-08-29 03:04:46 | FOUND      | TMDB       | 12 podmienok dedičstva: Nekompromisný os | 12 podmienok dedičstva: nekompromisný os | P:yes B:-   L:-   M:yes
2026-08-29 03:04:46 | FOUND      | TMDB       | DogMan                                   | dogman                                   | P:yes B:-   L:yes M:yes
2026-08-29 03:04:46 | FOUND      | TMDB       | Asterix a Obelix: Ríša stredu            | asterix a obelix: ríša stredu            | P:yes B:-   L:yes M:yes
2026-08-29 03:04:46 | FOUND      | TMDB       | Čo sme komu zase urobili                 | čo sme komu zase urobili                 | P:yes B:-   L:yes M:yes
2026-08-29 03:04:48 | NOT_FOUND  | TMDB/ELCIN | Lovci na glave                           | lovci na glave                           | P:-   B:-   L:-   M:-  
2026-08-29 03:04:48 | NOT_FOUND  | TMDB/ELCIN | Izokrenuti životi                        | izokrenuti životi                        | P:-   B:-   L:-   M:-  
2026-08-29 03:04:48 | NOT_FOUND  | TMDB/ELCIN | Kako spasiti planet                      | kako spasiti planet                      | P:-   B:-   L:-   M:-  
2026-08-29 03:04:48 | NOT_FOUND  | TMDB/ELCIN | Pod kontrolom                            | pod kontrolom                            | P:-   B:-   L:-   M:-  
2026-08-29 03:04:48 | NOT_FOUND  | TMDB/ELCIN | Bez riječi                               | bez riječi                               | P:-   B:-   L:-   M:-  
2026-08-29 03:04:50 | NOT_FOUND  | TMDB/ELCIN | Duhovi u nama                            | duhovi u nama                            | P:-   B:-   L:-   M:-  
2026-08-29 03:04:50 | NOT_FOUND  | TMDB/ELCIN | Gospodin Pibodi i Šerman                 | gospodin pibodi i šerman                 | P:-   B:-   L:-   M:-  
2026-08-29 03:04:50 | NOT_FOUND  | TMDB/ELCIN | Spajdermen 3                             | spajdermen 3                             | P:-   B:-   L:-   M:-  
2026-08-29 03:04:50 | FOUND      | TMDB       | Spajdermen                               | spajdermen                               | P:yes B:-   L:yes M:yes
2026-08-29 03:04:54 | FOUND      | TMDB       | Never Kiss A Man In A Christmas Sweater  | never kiss a man in a christmas sweater  | P:yes B:-   L:yes M:yes
2026-08-29 03:04:56 | NOT_FOUND  | TMDB/ELCIN | Duhovi u nama                            | duhovi u nama                            | P:-   B:-   L:-   M:-  
2026-08-29 03:04:56 | NOT_FOUND  | TMDB/ELCIN | Gospodin Pibodi i Šerman                 | gospodin pibodi i šerman                 | P:-   B:-   L:-   M:-  
2026-08-29 03:04:56 | NOT_FOUND  | TMDB/ELCIN | Spajdermen 3                             | spajdermen 3                             | P:-   B:-   L:-   M:-  
2026-08-29 03:05:02 | FOUND      | TMDB       | Dix pour cent                            | dix pour cent                            | P:yes B:-   L:yes M:yes
2026-08-29 03:05:03 | NOT_FOUND  | TMDB/ELCIN | Istražitelji iz Majamija                 | istražitelji iz majamija                 | P:-   B:-   L:-   M:-  
2026-08-29 03:05:03 | NOT_FOUND  | TMDB/ELCIN | Havaji 5-0                               | havaji 5-0                               | P:-   B:-   L:-   M:-  
2026-08-29 03:05:03 | NOT_FOUND  | TMDB/ELCIN | FBI: Međunarodni slučajevi               | fbi: međunarodni slučajevi               | P:-   B:-   L:-   M:-  
2026-08-29 03:05:05 | NOT_FOUND  | TMDB/ELCIN | Povratak u raj                           | povratak u raj                           | P:-   B:-   L:-   M:-  
2026-08-29 03:05:05 | NOT_FOUND  | TMDB/ELCIN | Ulica nade                               | ulica nade                               | P:-   B:-   L:-   M:-  
2026-08-29 03:05:05 | NOT_FOUND  | TMDB/ELCIN | Velečasni Brown                          | velečasni brown                          | P:-   B:-   L:-   M:-  
2026-08-29 03:05:06 | FOUND      | TMDB       | Detektiv iz Chelseaja                    | detektiv iz chelseaja                    | P:yes B:-   L:yes M:yes
2026-08-29 03:05:08 | NOT_FOUND  | TMDB/ELCIN | Crveno nebo                              | crveno nebo                              | P:-   B:-   L:-   M:-  
2026-08-29 03:05:08 | NOT_FOUND  | TMDB/ELCIN | Nasmejano lice                           | nasmejano lice                           | P:-   B:-   L:-   M:-  
2026-08-29 03:05:08 | NOT_FOUND  | TMDB/ELCIN | Pirati sa Velikog Slanog Jezera          | pirati sa velikog slanog jezera          | P:-   B:-   L:-   M:-  
2026-08-29 03:05:08 | NOT_FOUND  | TMDB/ELCIN | Družina iz šugar krika: Tajno sklonište  | družina iz šugar krika: tajno sklonište  | P:-   B:-   L:-   M:-  
2026-08-29 03:05:08 | FOUND      | TMDB       | Na kraju sveta                           | na kraju sveta                           | P:yes B:-   L:-   M:yes
2026-08-29 03:05:10 | NOT_FOUND  | TMDB/ELCIN | Odavno mrtav                             | odavno mrtav                             | P:-   B:-   L:-   M:-  
2026-08-29 03:05:10 | NOT_FOUND  | TMDB/ELCIN | Hajdi                                    | hajdi                                    | P:-   B:-   L:-   M:-  
2026-08-29 03:05:10 | NOT_FOUND  | TMDB/ELCIN | Iščekujući                               | iščekujući                               | P:-   B:-   L:-   M:-  
2026-08-29 03:05:10 | NOT_FOUND  | TMDB/ELCIN | Noćna tabla                              | noćna tabla                              | P:-   B:-   L:-   M:-  
2026-08-29 03:05:10 | NOT_FOUND  | TMDB/ELCIN | Draga Elizabet                           | draga elizabet                           | P:-   B:-   L:-   M:-  
2026-08-29 03:05:11 | NOT_FOUND  | TMDB/ELCIN | Noćna tabla                              | noćna tabla                              | P:-   B:-   L:-   M:-  
2026-08-29 03:05:12 | NOT_FOUND  | TMDB/ELCIN | Nasilno srce                             | nasilno srce                             | P:-   B:-   L:-   M:-  
2026-08-29 03:05:12 | NOT_FOUND  | TMDB/ELCIN | Izabrana porodica                        | izabrana porodica                        | P:-   B:-   L:-   M:-  
2026-08-29 03:05:12 | NOT_FOUND  | TMDB/ELCIN | Obožavam te!                             | obožavam te!                             | P:-   B:-   L:-   M:-  
2026-08-29 03:05:12 | NOT_FOUND  | TMDB/ELCIN | Siromašne bogatašice                     | siromašne bogatašice                     | P:-   B:-   L:-   M:-  
2026-08-29 03:05:14 | FOUND      | TMDB       | Following Nazarin                        | following nazarin                        | P:yes B:-   L:-   M:yes
2026-08-29 03:05:14 | FOUND      | TMDB       | Hawaii                                   | hawaii                                   | P:yes B:-   L:-   M:yes
2026-08-29 03:05:14 | FOUND      | TMDB       | The Terror                               | the terror                               | P:yes B:-   L:yes M:yes
2026-08-29 03:05:15 | FOUND      | TMDB       | Port of New York                         | port of new york                         | P:yes B:-   L:yes M:yes
2026-08-29 03:05:17 | NOT_FOUND  | TMDB/ELCIN | Simpsoni 27, ep. 16.                     | simpsoni 27                              | P:-   B:-   L:-   M:-  
2026-08-29 03:05:17 | NOT_FOUND  | TMDB/ELCIN | CSI: Miami 3, ep. 24. serija             | csi: miami 3, . serija                   | P:-   B:-   L:-   M:-  
2026-08-29 03:05:17 | NOT_FOUND  | TMDB/ELCIN | FBI: International 2, ep. 18. serija     | fbi: international 2, . serija           | P:-   B:-   L:-   M:-  
2026-08-29 03:05:17 | NOT_FOUND  | TMDB/ELCIN | Hawaii Five-0 6, ep. 3. serija           | hawaii five-0 6, . serija                | P:-   B:-   L:-   M:-  
2026-08-29 03:05:19 | NOT_FOUND  | TMDB/ELCIN | Hakmarrja                                | hakmarrja                                | P:-   B:-   L:-   M:-  
2026-08-29 03:05:19 | NOT_FOUND  | TMDB/ELCIN | Dasma e mikut tim më të mirë             | dasma e mikut tim më të mirë             | P:-   B:-   L:-   M:-  
2026-08-29 03:05:20 | NOT_FOUND  | TMDB/ELCIN | CSI: Miami 3, ep. 24. serija             | csi: miami 3, . serija                   | P:-   B:-   L:-   M:-  
2026-08-29 03:05:20 | NOT_FOUND  | TMDB/ELCIN | CSI: Miami 3, ep. 24. serija             | csi: miami 3, . serija                   | P:-   B:-   L:-   M:-  
2026-08-29 03:05:20 | NOT_FOUND  | TMDB/ELCIN | Simpsoni 27, ep. 16.                     | simpsoni 27                              | P:-   B:-   L:-   M:-  
2026-08-29 03:05:20 | NOT_FOUND  | TMDB/ELCIN | Simpsoni 27, ep. 17.                     | simpsoni 27                              | P:-   B:-   L:-   M:-  
2026-08-29 03:05:20 | NOT_FOUND  | TMDB/ELCIN | FBI: International 2, ep. 18. serija     | fbi: international 2, . serija           | P:-   B:-   L:-   M:-  
2026-08-29 03:05:20 | NOT_FOUND  | TMDB/ELCIN | Hawaii Five-0 6, ep. 3. serija           | hawaii five-0 6, . serija                | P:-   B:-   L:-   M:-  
2026-08-29 03:05:20 | NOT_FOUND  | TMDB/ELCIN | CSI: Miami 3, ep. 24. serija             | csi: miami 3, . serija                   | P:-   B:-   L:-   M:-  
2026-08-29 03:05:21 | NOT_FOUND  | TMDB/ELCIN | CSI: Miami 3, ep. 24. serija             | csi: miami 3, . serija                   | P:-   B:-   L:-   M:-  
2026-08-29 03:05:22 | NOT_FOUND  | TMDB/ELCIN | CSI: Miami 3, ep. 24. serija             | csi: miami 3, . serija                   | P:-   B:-   L:-   M:-  
2026-08-29 03:05:22 | NOT_FOUND  | TMDB/ELCIN | CSI: Miami 3, ep. 24. serija             | csi: miami 3, . serija                   | P:-   B:-   L:-   M:-  
2026-08-29 03:05:23 | NOT_FOUND  | TMDB/ELCIN | CSI: Miami 3, ep. 24. serija             | csi: miami 3, . serija                   | P:-   B:-   L:-   M:-  
2026-08-29 03:05:29 | NOT_FOUND  | TMDB/ELCIN | CSI: Miami 3, ep. 24. serija             | csi: miami 3, . serija                   | P:-   B:-   L:-   M:-  
2026-08-29 03:05:29 | NOT_FOUND  | TMDB/ELCIN | Simpsoni 27, ep. 16.                     | simpsoni 27                              | P:-   B:-   L:-   M:-  
2026-08-29 03:05:29 | NOT_FOUND  | TMDB/ELCIN | FBI: International 2, ep. 18. serija     | fbi: international 2, . serija           | P:-   B:-   L:-   M:-  
2026-08-29 03:05:29 | NOT_FOUND  | TMDB/ELCIN | Hawaii Five-0 6, ep. 3. serija           | hawaii five-0 6, . serija                | P:-   B:-   L:-   M:-  
2026-08-29 03:05:29 | NOT_FOUND  | TMDB/ELCIN | CSI: Miami 3, ep. 24. serija             | csi: miami 3, . serija                   | P:-   B:-   L:-   M:-  
2026-08-29 03:05:31 | NOT_FOUND  | TMDB/ELCIN | Hakmarrja                                | hakmarrja                                | P:-   B:-   L:-   M:-  
2026-08-29 03:05:31 | NOT_FOUND  | TMDB/ELCIN | Dasma e mikut tim më të mirë             | dasma e mikut tim më të mirë             | P:-   B:-   L:-   M:-  
2026-08-29 03:05:31 | NOT_FOUND  | TMDB/ELCIN | Hakmarrja                                | hakmarrja                                | P:-   B:-   L:-   M:-  
2026-08-29 03:05:33 | NOT_FOUND  | TMDB/ELCIN | Povratnik, film                          | povratnik                                | P:-   B:-   L:-   M:-  
2026-08-29 03:05:33 | NOT_FOUND  | TMDB/ELCIN | Škola čarobnih životinja, film           | škola čarobnih životinja                 | P:-   B:-   L:-   M:-  
2026-08-29 03:05:33 | NOT_FOUND  | TMDB/ELCIN | Moj najbolji prijatelj se ženi, film     | moj najbolji prijatelj se ženi           | P:-   B:-   L:-   M:-  
2026-08-29 03:05:33 | NOT_FOUND  | TMDB/ELCIN | Nikada ne ljubi muškarca u božićnom džem | nikada ne ljubi muškarca u božićnom džem | P:-   B:-   L:-   M:-  
2026-08-29 03:05:33 | NOT_FOUND  | TMDB/ELCIN | Goruća zemlja 3, ep. 15. serija          | goruća zemlja 3, . serija                | P:-   B:-   L:-   M:-  
2026-08-29 03:05:35 | NOT_FOUND  | TMDB/ELCIN | Povratnik, film                          | povratnik                                | P:-   B:-   L:-   M:-  
2026-08-29 03:05:35 | NOT_FOUND  | TMDB/ELCIN | Povratnik, film                          | povratnik                                | P:-   B:-   L:-   M:-  
2026-08-29 03:05:36 | NOT_FOUND  | TMDB/ELCIN | Hakmarrja                                | hakmarrja                                | P:-   B:-   L:-   M:-  
2026-08-29 03:05:36 | NOT_FOUND  | TMDB/ELCIN | Dasma e mikut tim më të mirë             | dasma e mikut tim më të mirë             | P:-   B:-   L:-   M:-  
2026-08-29 03:05:36 | NOT_FOUND  | TMDB/ELCIN | Hakmarrja                                | hakmarrja                                | P:-   B:-   L:-   M:-  
2026-08-29 03:05:36 | NOT_FOUND  | TMDB/ELCIN | Povratnik, film                          | povratnik                                | P:-   B:-   L:-   M:-  
2026-08-29 03:05:38 | NOT_FOUND  | TMDB/ELCIN | Teorija velikog praska 8, ep. 12. serija | teorija velikog praska 8, . serija       | P:-   B:-   L:-   M:-  
2026-08-29 03:05:38 | NOT_FOUND  | TMDB/ELCIN | Tragač 2, ep. 1. serija                  | tragač 2, . serija                       | P:-   B:-   L:-   M:-  
2026-08-29 03:05:38 | NOT_FOUND  | TMDB/ELCIN | Tragač 2, ep. 1. serija                  | tragač 2, . serija                       | P:-   B:-   L:-   M:-  
2026-08-29 03:05:39 | NOT_FOUND  | TMDB/ELCIN | Tragač 2, ep. 1. serija                  | tragač 2, . serija                       | P:-   B:-   L:-   M:-  
2026-08-29 03:05:40 | NOT_FOUND  | TMDB/ELCIN | Tragač 2, ep. 1. serija                  | tragač 2, . serija                       | P:-   B:-   L:-   M:-  
2026-08-29 03:05:41 | NOT_FOUND  | TMDB/ELCIN | Tragač 2, ep. 1. serija                  | tragač 2, . serija                       | P:-   B:-   L:-   M:-  
2026-08-29 03:05:41 | NOT_FOUND  | TMDB/ELCIN | Teorija velikog praska 8, ep. 12. serija | teorija velikog praska 8, . serija       | P:-   B:-   L:-   M:-  
2026-08-29 03:05:41 | NOT_FOUND  | TMDB/ELCIN | Teorija velikog praska 8, ep. 15. serija | teorija velikog praska 8, . serija       | P:-   B:-   L:-   M:-  
2026-08-29 03:05:42 | NOT_FOUND  | TMDB/ELCIN | Tragač 2, ep. 1. serija                  | tragač 2, . serija                       | P:-   B:-   L:-   M:-  
2026-08-29 03:05:45 | NOT_FOUND  | TMDB/ELCIN | Tragač 2, ep. 1. serija                  | tragač 2, . serija                       | P:-   B:-   L:-   M:-  
2026-08-29 03:05:45 | NOT_FOUND  | TMDB/ELCIN | Teorija velikog praska 8, ep. 12. serija | teorija velikog praska 8, . serija       | P:-   B:-   L:-   M:-  
2026-08-29 03:05:45 | NOT_FOUND  | TMDB/ELCIN | Tragač 2, ep. 1. serija                  | tragač 2, . serija                       | P:-   B:-   L:-   M:-  
2026-08-29 03:05:46 | NOT_FOUND  | TMDB/ELCIN | Hakmarrja                                | hakmarrja                                | P:-   B:-   L:-   M:-  
2026-08-29 03:05:46 | NOT_FOUND  | TMDB/ELCIN | Dasma e mikut tim më të mirë             | dasma e mikut tim më të mirë             | P:-   B:-   L:-   M:-  
2026-08-29 03:05:46 | NOT_FOUND  | TMDB/ELCIN | Hakmarrja                                | hakmarrja                                | P:-   B:-   L:-   M:-  
2026-08-29 03:05:47 | NOT_FOUND  | TMDB/ELCIN | Povratnik, film                          | povratnik                                | P:-   B:-   L:-   M:-  
2026-08-29 03:05:47 | NOT_FOUND  | TMDB/ELCIN | Nikada ne ljubi muškarca u božićnom džem | nikada ne ljubi muškarca u božićnom džem | P:-   B:-   L:-   M:-  
2026-08-29 03:05:47 | NOT_FOUND  | TMDB/ELCIN | Goruća zemlja 3, ep. 15. serija          | goruća zemlja 3, . serija                | P:-   B:-   L:-   M:-  
2026-08-29 03:05:47 | NOT_FOUND  | TMDB/ELCIN | Škola čarobnih životinja, film           | škola čarobnih životinja                 | P:-   B:-   L:-   M:-  
2026-08-29 03:05:47 | NOT_FOUND  | TMDB/ELCIN | Povratnik, film                          | povratnik                                | P:-   B:-   L:-   M:-  
2026-08-29 03:05:47 | NOT_FOUND  | TMDB/ELCIN | Moj najbolji prijatelj se ženi, film     | moj najbolji prijatelj se ženi           | P:-   B:-   L:-   M:-  
2026-08-29 03:05:48 | NOT_FOUND  | TMDB/ELCIN | Prevaga: Iskupljenje 3, ep. 4. serija    | prevaga: iskupljenje 3, . serija         | P:-   B:-   L:-   M:-  
2026-08-29 03:05:49 | NOT_FOUND  | TMDB/ELCIN | Plava krv 7, ep. 13. serija              | plava krv 7, . serija                    | P:-   B:-   L:-   M:-  
2026-08-29 03:05:49 | NOT_FOUND  | TMDB/ELCIN | Profesor T 4, ep. 2. serija              | profesor t 4, . serija                   | P:-   B:-   L:-   M:-  
2026-08-29 03:05:49 | NOT_FOUND  | TMDB/ELCIN | Tajna cvjećarnice: Nikomu ni riječi, fil | tajna cvjećarnice: nikomu ni riječi      | P:-   B:-   L:-   M:-  
2026-08-29 03:05:49 | NOT_FOUND  | TMDB/ELCIN | Istražiteljica 4, ep. 3. serija          | istražiteljica 4, . serija               | P:-   B:-   L:-   M:-  
2026-08-29 03:05:50 | NOT_FOUND  | TMDB/ELCIN | Originali, ep. 10. serija                | originali, . serija                      | P:-   B:-   L:-   M:-  
2026-08-29 03:05:50 | NOT_FOUND  | TMDB/ELCIN | Zovi mog agenta! 2, ep. 1. serija        | zovi mog agenta! 2, . serija             | P:-   B:-   L:-   M:-  
2026-08-29 03:05:50 | NOT_FOUND  | TMDB/ELCIN | Kućanice 3, ep. 18. serija               | kućanice 3, . serija                     | P:-   B:-   L:-   M:-  
2026-08-29 03:05:50 | NOT_FOUND  | TMDB/ELCIN | Grace i Frankie 2, ep. 8. serija         | grace i frankie 2, . serija              | P:-   B:-   L:-   M:-  
2026-08-29 03:05:52 | NOT_FOUND  | TMDB/ELCIN | Gledajte na Pickbox NOW                  | gledajte na pickbox now                  | P:-   B:-   L:-   M:-  
2026-08-29 03:05:52 | NOT_FOUND  | TMDB/ELCIN | Crveni kralj, ep. 6. serija              | crveni kralj, . serija                   | P:-   B:-   L:-   M:-  
2026-08-29 03:05:52 | NOT_FOUND  | TMDB/ELCIN | Inspektor Morse 11, ep. 1. serija        | inspektor morse 11, . serija             | P:-   B:-   L:-   M:-  
2026-08-29 03:05:52 | NOT_FOUND  | TMDB/ELCIN | Blenheim: Najveća britanska palača, ep.  | blenheim: najveća britanska palača       | P:-   B:-   L:-   M:-  
2026-08-29 03:05:54 | NOT_FOUND  | TMDB/ELCIN | Pucali su na pijanistu                   | pucali su na pijanistu                   | P:-   B:-   L:-   M:-  
2026-08-29 03:05:54 | NOT_FOUND  | TMDB/ELCIN | IDJ kids                                 | idj kids                                 | P:-   B:-   L:-   M:-  
2026-08-29 03:05:56 | FOUND      | TMDB       | Dar Mar                                  | dar mar                                  | P:yes B:-   L:-   M:yes
2026-08-29 03:05:58 | NOT_FOUND  | TMDB/ELCIN | Astro savjetnik                          | astro savjetnik                          | P:-   B:-   L:-   M:-  
2026-08-29 03:05:58 | NOT_FOUND  | TMDB/ELCIN | Dnevnik Nove TV                          | dnevnik nove tv                          | P:-   B:-   L:-   M:-  
2026-08-29 03:05:58 | NOT_FOUND  | TMDB/ELCIN | Kung fu 2, ep. 4. serija                 | kung fu 2, . serija                      | P:-   B:-   L:-   M:-  
2026-08-29 03:05:58 | FOUND      | TMDB       | Nad lipom 35, ep. 39.                    | nad lipom 35                             | P:yes B:-   L:-   M:yes
2026-08-29 03:06:01 | NOT_FOUND  | TMDB/ELCIN | Zoom In (211)                            | zoom in (211)                            | P:-   B:-   L:-   M:-  
2026-08-29 03:06:01 | NOT_FOUND  | TMDB/ELCIN | Zoom In (185)                            | zoom in (185)                            | P:-   B:-   L:-   M:-  
2026-08-29 03:06:01 | FOUND      | TMDB       | Smrt ve tmě                              | smrt ve tmě                              | P:yes B:-   L:yes M:yes
2026-08-29 03:06:01 | FOUND      | TMDB       | 30 a půl metru                           | 30 a půl metru                           | P:yes B:-   L:yes M:yes
2026-08-29 03:06:01 | FOUND      | TMDB       | Souboj cti                               | souboj cti                               | P:yes B:-   L:yes M:yes
2026-08-29 03:06:04 | NOT_FOUND  | TMDB/ELCIN | Námořní vyšetřovací služba: Havaj II (19 | námořní vyšetřovací služba: havaj ii (19 | P:-   B:-   L:-   M:-  
2026-08-29 03:06:04 | NOT_FOUND  | TMDB/ELCIN | Námořní vyšetřovací služba XIX (3)       | námořní vyšetřovací služba xix (3)       | P:-   B:-   L:-   M:-  
2026-08-29 03:06:04 | FOUND      | TMDB       | Teleshop                                 | teleshop                                 | P:-   B:-   L:-   M:yes
2026-08-29 03:06:04 | NOT_FOUND  | TMDB/ELCIN | Zbrojnice III (8)                        | zbrojnice iii (8)                        | P:-   B:-   L:-   M:-  
2026-08-29 03:06:04 | NOT_FOUND  | TMDB/ELCIN | The Amazing Race XXXVI (1)               | the amazing race xxxvi (1)               | P:-   B:-   L:-   M:-  
2026-08-29 03:06:06 | FOUND      | TMDB       | Iz vedra neba                            | iz vedra neba                            | P:yes B:-   L:-   M:yes
2026-08-29 03:06:06 | NOT_FOUND  | TMDB/ELCIN | To nije ljubav                           | to nije ljubav                           | P:-   B:-   L:-   M:-  
2026-08-29 03:06:06 | FOUND      | TMDB       | Stigmata                                 | stigmata                                 | P:yes B:-   L:yes M:yes
2026-08-29 03:06:11 | NOT_FOUND  | TMDB/ELCIN | Već viđeno                               | već viđeno                               | P:-   B:-   L:-   M:-  
2026-08-29 03:06:11 | NOT_FOUND  | TMDB/ELCIN | Oficir sa ružom                          | oficir sa ružom                          | P:-   B:-   L:-   M:-  
2026-08-29 03:06:12 | FOUND      | TMDB       | Jedini izlaz                             | jedini izlaz                             | P:yes B:-   L:-   M:yes
2026-08-29 03:06:14 | NOT_FOUND  | TMDB/ELCIN | Kamenolom                                | kamenolom                                | P:-   B:-   L:-   M:-  
2026-08-29 03:06:15 | NOT_FOUND  | TMDB/ELCIN | Dobri stari Džerzi                       | dobri stari džerzi                       | P:-   B:-   L:-   M:-  
2026-08-29 03:06:15 | NOT_FOUND  | TMDB/ELCIN | Prijatelj ili neprijatelj                | prijatelj ili neprijatelj                | P:-   B:-   L:-   M:-  
2026-08-29 03:06:15 | NOT_FOUND  | TMDB/ELCIN | U kamenolomu                             | u kamenolomu                             | P:-   B:-   L:-   M:-  
2026-08-29 03:06:17 | NOT_FOUND  | TMDB/ELCIN | Kamenolom                                | kamenolom                                | P:-   B:-   L:-   M:-  
2026-08-29 03:06:20 | NOT_FOUND  | TMDB/ELCIN | Kamenolom                                | kamenolom                                | P:-   B:-   L:-   M:-  
2026-08-29 03:06:20 | NOT_FOUND  | TMDB/ELCIN | Dobri stari Džerzi                       | dobri stari džerzi                       | P:-   B:-   L:-   M:-  
2026-08-29 03:06:20 | NOT_FOUND  | TMDB/ELCIN | Prijatelj ili neprijatelj                | prijatelj ili neprijatelj                | P:-   B:-   L:-   M:-  
2026-08-29 03:06:20 | NOT_FOUND  | TMDB/ELCIN | Dobri stari Džerzi                       | dobri stari džerzi                       | P:-   B:-   L:-   M:-  
2026-08-29 03:06:20 | NOT_FOUND  | TMDB/ELCIN | U kamenolomu                             | u kamenolomu                             | P:-   B:-   L:-   M:-  
2026-08-29 03:06:20 | NOT_FOUND  | TMDB/ELCIN | Kamenolom                                | kamenolom                                | P:-   B:-   L:-   M:-  
2026-08-29 03:06:22 | NOT_FOUND  | TMDB/ELCIN | U kadru                                  | u kadru                                  | P:-   B:-   L:-   M:-  
2026-08-29 03:06:22 | NOT_FOUND  | TMDB/ELCIN | Vampir tinejdžer                         | vampir tinejdžer                         | P:-   B:-   L:-   M:-  
2026-08-29 03:06:22 | NOT_FOUND  | TMDB/ELCIN | Napad ajkule                             | napad ajkule                             | P:-   B:-   L:-   M:-  
2026-08-29 03:06:22 | FOUND      | TMDB       | Teror uživo                              | teror uživo                              | P:yes B:-   L:-   M:yes
2026-08-29 03:06:23 | NOT_FOUND  | TMDB/ELCIN | Zmajevo srce Novi početak                | zmajevo srce novi početak                | P:-   B:-   L:-   M:-  
2026-08-29 03:06:23 | NOT_FOUND  | TMDB/ELCIN | Napad robota                             | napad robota                             | P:-   B:-   L:-   M:-  
2026-08-29 03:06:23 | NOT_FOUND  | TMDB/ELCIN | Vanzemaljci su ovde                      | vanzemaljci su ovde                      | P:-   B:-   L:-   M:-  
2026-08-29 03:06:24 | NOT_FOUND  | TMDB/ELCIN | Predstraža 3 - Buđenje Spetnaza          | predstraža 3 - buđenje spetnaza          | P:-   B:-   L:-   M:-  
2026-08-29 03:06:25 | NOT_FOUND  | TMDB/ELCIN | Lovac na čudovišta                       | lovac na čudovišta                       | P:-   B:-   L:-   M:-  
2026-08-29 03:06:25 | NOT_FOUND  | TMDB/ELCIN | Putovanje 2: Tajanstveno ostrvo          | putovanje 2: tajanstveno ostrvo          | P:-   B:-   L:-   M:-  
2026-08-29 03:06:25 | NOT_FOUND  | TMDB/ELCIN | Otrovani u raju: Misterija Martinih vino | otrovani u raju: misterija martinih vino | P:-   B:-   L:-   M:-  
2026-08-29 03:06:25 | NOT_FOUND  | TMDB/ELCIN | Šifra sabljarka                          | šifra sabljarka                          | P:-   B:-   L:-   M:-  
2026-08-29 03:06:26 | FOUND      | TMDB       | Bio je san                               | bio je san                               | P:yes B:-   L:-   M:yes
2026-08-29 03:06:27 | NOT_FOUND  | TMDB/ELCIN | Uterivač dugova                          | uterivač dugova                          | P:-   B:-   L:-   M:-  
2026-08-29 03:06:28 | NOT_FOUND  | TMDB/ELCIN | Ne čini zlo                              | ne čini zlo                              | P:-   B:-   L:-   M:-  
2026-08-29 03:06:28 | NOT_FOUND  | TMDB/ELCIN | Ženski borilački klub                    | ženski borilački klub                    | P:-   B:-   L:-   M:-  
2026-08-29 03:06:29 | NOT_FOUND  | TMDB/ELCIN | Preživeli                                | preživeli                                | P:-   B:-   L:-   M:-  
2026-08-29 03:06:29 | NOT_FOUND  | TMDB/ELCIN | Prečica                                  | prečica                                  | P:-   B:-   L:-   M:-  
2026-08-29 03:06:29 | NOT_FOUND  | TMDB/ELCIN | Felicijino putovanje                     | felicijino putovanje                     | P:-   B:-   L:-   M:-  
2026-08-29 03:06:31 | NOT_FOUND  | TMDB/ELCIN | Hektor u potrazi za srećom               | hektor u potrazi za srećom               | P:-   B:-   L:-   M:-  
2026-08-29 03:06:31 | NOT_FOUND  | TMDB/ELCIN | Zbogom svemu tome                        | zbogom svemu tome                        | P:-   B:-   L:-   M:-  
2026-08-29 03:06:31 | NOT_FOUND  | TMDB/ELCIN | Čari košarke                             | čari košarke                             | P:-   B:-   L:-   M:-  
2026-08-29 03:06:32 | NOT_FOUND  | TMDB/ELCIN | Kamenolom                                | kamenolom                                | P:-   B:-   L:-   M:-  
2026-08-29 03:06:32 | NOT_FOUND  | TMDB/ELCIN | Zlo i naopako                            | zlo i naopako                            | P:-   B:-   L:-   M:-  
2026-08-29 03:06:35 | NOT_FOUND  | TMDB/ELCIN | Gven Šemblin                             | gven šemblin                             | P:-   B:-   L:-   M:-  
2026-08-29 03:06:35 | NOT_FOUND  | TMDB/ELCIN | Otkucaji srca                            | otkucaji srca                            | P:-   B:-   L:-   M:-  
2026-08-29 03:06:35 | NOT_FOUND  | TMDB/ELCIN | Koliba ljubavi                           | koliba ljubavi                           | P:-   B:-   L:-   M:-  
2026-08-29 03:06:35 | NOT_FOUND  | TMDB/ELCIN | Savršena romansa                         | savršena romansa                         | P:-   B:-   L:-   M:-  
2026-08-29 03:06:39 | NOT_FOUND  | TMDB/ELCIN | Grad svjetla, film                       | grad svjetla                             | P:-   B:-   L:-   M:-  
2026-08-29 03:06:39 | NOT_FOUND  | TMDB/ELCIN | Neminovni poraz Mistera i Petea, film    | neminovni poraz mistera i petea          | P:-   B:-   L:-   M:-  
2026-08-29 03:06:39 | NOT_FOUND  | TMDB/ELCIN | Belle i Sebastien 2: Avantura se nastavl | belle i sebastien 2: avantura se nastavl | P:-   B:-   L:-   M:-  
2026-08-29 03:06:39 | NOT_FOUND  | TMDB/ELCIN | Zemlja stranaca, film                    | zemlja stranaca                          | P:-   B:-   L:-   M:-  
2026-08-29 03:06:42 | FOUND      | TMDB       | Murder in a Small Town                   | murder in a small town                   | P:yes B:-   L:yes M:yes
2026-08-29 03:06:46 | FOUND      | TMDB       | Godine hrđe                              | godine hrđe                              | P:yes B:-   L:-   M:yes
2026-08-29 03:06:46 | FOUND      | TMDB       | Klempo, film                             | klempo                                   | P:yes B:-   L:-   M:yes
2026-08-29 03:06:46 | FOUND      | TMDB       | Kako su me ukrali Nemci, film            | kako su me ukrali nemci                  | P:yes B:-   L:-   M:yes
2026-08-29 03:06:46 | NOT_FOUND  | TMDB/ELCIN | Ivanova igra, dokumentarni film          | ivanova igra, dokumentarni               | P:-   B:-   L:-   M:-  
2026-08-29 03:06:48 | NOT_FOUND  | TMDB/ELCIN | Indiana Xhons dhe ora e fatit            | indiana xhons dhe ora e fatit            | P:-   B:-   L:-   M:-  
2026-08-29 03:06:48 | NOT_FOUND  | TMDB/ELCIN | Indiana Xhons dhe ora e fatit            | indiana xhons dhe ora e fatit            | P:-   B:-   L:-   M:-  
2026-08-29 03:06:48 | NOT_FOUND  | TMDB/ELCIN | Djali me zemrën mekanike                 | djali me zemrën mekanike                 | P:-   B:-   L:-   M:-  
2026-08-29 03:06:48 | NOT_FOUND  | TMDB/ELCIN | Pothuajse të famshëm                     | pothuajse të famshëm                     | P:-   B:-   L:-   M:-  
2026-08-29 03:06:48 | NOT_FOUND  | TMDB/ELCIN | Haçiko, miku më i mirë                   | haçiko, miku më i mirë                   | P:-   B:-   L:-   M:-  
2026-08-29 03:06:48 | NOT_FOUND  | TMDB/ELCIN | Raja dhe dragoi i fundit                 | raja dhe dragoi i fundit                 | P:-   B:-   L:-   M:-  
2026-08-29 03:06:48 | NOT_FOUND  | TMDB/ELCIN | Indiana Xhons dhe ora e fatit            | indiana xhons dhe ora e fatit            | P:-   B:-   L:-   M:-  
2026-08-29 03:06:49 | NOT_FOUND  | TMDB/ELCIN | Krijesa veçanërisht të zgjuara           | krijesa veçanërisht të zgjuara           | P:-   B:-   L:-   M:-  
2026-08-29 03:06:50 | NOT_FOUND  | TMDB/ELCIN | Filmi i Frikshëm                         | filmi i frikshëm                         | P:-   B:-   L:-   M:-  
2026-08-29 03:06:50 | NOT_FOUND  | TMDB/ELCIN | Një këngë për jetën                      | një këngë për jetën                      | P:-   B:-   L:-   M:-  
2026-08-29 03:06:50 | NOT_FOUND  | TMDB/ELCIN | Krijesa veçanërisht të zgjuara           | krijesa veçanërisht të zgjuara           | P:-   B:-   L:-   M:-  
2026-08-29 03:06:50 | NOT_FOUND  | TMDB/ELCIN | Krijesa veçanërisht të zgjuara           | krijesa veçanërisht të zgjuara           | P:-   B:-   L:-   M:-  
2026-08-29 03:06:50 | NOT_FOUND  | TMDB/ELCIN | Dora në kërkim të thesarit               | dora në kërkim të thesarit               | P:-   B:-   L:-   M:-  
2026-08-29 03:06:54 | NOT_FOUND  | TMDB/ELCIN | Traljav posao 4, ep. 1. The Boob Fountai | traljav posao 4, . the boob fountain of  | P:-   B:-   L:-   M:-  
2026-08-29 03:06:54 | NOT_FOUND  | TMDB/ELCIN | Keeping Up With The Kardashians 10, ep.  | keeping up with the kardashians 10, . on | P:-   B:-   L:-   M:-  
2026-08-29 03:06:54 | NOT_FOUND  | TMDB/ELCIN | WAGs LA, ep. 6. For Love Or Money        | wags la, . for love or money             | P:-   B:-   L:-   M:-  
2026-08-29 03:06:54 | NOT_FOUND  | TMDB/ELCIN | Keeping Up With The Kardashians 10, ep.  | keeping up with the kardashians 10, . do | P:-   B:-   L:-   M:-  
2026-08-29 03:06:54 | NOT_FOUND  | TMDB/ELCIN | Traljav posao 4, ep. 2. Comic Proportion | traljav posao 4, . comic proportions     | P:-   B:-   L:-   M:-  
2026-08-29 03:06:55 | NOT_FOUND  | TMDB/ELCIN | Premium Channel                          | premium channel                          | P:-   B:-   L:-   M:-  
2026-08-29 03:07:12 | NOT_FOUND  | TMDB/ELCIN | Bez servítky                             | bez servítky                             | P:-   B:-   L:-   M:-  
2026-08-29 03:07:12 | NOT_FOUND  | TMDB/ELCIN | Noviny TV JOJ                            | noviny tv joj                            | P:-   B:-   L:-   M:-  
2026-08-29 03:07:12 | FOUND      | TMDB       | Veľa šťastia, pán Veľký                  | veľa šťastia, pán veľký                  | P:yes B:-   L:yes M:yes
2026-08-29 03:07:15 | NOT_FOUND  | TMDB/ELCIN | Otecko na pohľadanie II (9)              | otecko na pohľadanie ii (9)              | P:-   B:-   L:-   M:-  
2026-08-29 03:07:15 | NOT_FOUND  | TMDB/ELCIN | Profesionáli VIII (8)                    | profesionáli viii (8)                    | P:-   B:-   L:-   M:-  
2026-08-29 03:07:15 | NOT_FOUND  | TMDB/ELCIN | Simpsonovci XXVI (4)                     | simpsonovci xxvi (4)                     | P:-   B:-   L:-   M:-  
2026-08-29 03:07:15 | NOT_FOUND  | TMDB/ELCIN | Simpsonovci XXVI (5)                     | simpsonovci xxvi (5)                     | P:-   B:-   L:-   M:-  
2026-08-29 03:07:16 | FOUND      | TMDB       | Snehulienka                              | snehulienka                              | P:yes B:-   L:yes M:yes
2026-08-29 03:07:18 | NOT_FOUND  | TMDB/ELCIN | Prvé oddelenie                           | prvé oddelenie                           | P:-   B:-   L:-   M:-  
2026-08-29 03:07:18 | NOT_FOUND  | TMDB/ELCIN | Rapl II (4)                              | rapl ii (4)                              | P:-   B:-   L:-   M:-  
2026-08-29 03:07:18 | FOUND      | TMDB       | Policajti v akcii                        | policajti v akcii                        | P:yes B:-   L:-   M:yes
2026-08-29 03:07:18 | NOT_FOUND  | TMDB/ELCIN | Tiene minulosti I (1/6)                  | tiene minulosti i (1 6)                  | P:-   B:-   L:-   M:-  
2026-08-29 03:07:20 | NOT_FOUND  | TMDB/ELCIN | Prísne tajné projekty UFO: Odtajnené I ( | prísne tajné projekty ufo: odtajnené i ( | P:-   B:-   L:-   M:-  
2026-08-29 03:07:20 | NOT_FOUND  | TMDB/ELCIN | História 360                             | história 360                             | P:-   B:-   L:-   M:-  
2026-08-29 03:07:20 | NOT_FOUND  | TMDB/ELCIN | SK Svet                                  | sk svet                                  | P:-   B:-   L:-   M:-  
2026-08-29 03:07:20 | NOT_FOUND  | TMDB/ELCIN | Moderná vojna 2.0 I (1)                  | moderná vojna 2.0 i (1)                  | P:-   B:-   L:-   M:-  
2026-08-29 03:07:21 | NOT_FOUND  | TMDB/ELCIN | Kung fu 2, ep. 4. serija                 | kung fu 2, . serija                      | P:-   B:-   L:-   M:-  
2026-08-29 03:07:21 | NOT_FOUND  | TMDB/ELCIN | Astro savjetnik                          | astro savjetnik                          | P:-   B:-   L:-   M:-  
2026-08-29 03:07:21 | NOT_FOUND  | TMDB/ELCIN | Dnevnik Nove TV                          | dnevnik nove tv                          | P:-   B:-   L:-   M:-  
2026-08-29 03:07:24 | NOT_FOUND  | TMDB/ELCIN | RISKUJ! (96)                             | riskuj! (96)                             | P:-   B:-   L:-   M:-  
2026-08-29 03:07:24 | NOT_FOUND  | TMDB/ELCIN | Ordinace v růžové zahradě II (447)       | ordinace v růžové zahradě ii (447)       | P:-   B:-   L:-   M:-  
2026-08-29 03:07:24 | NOT_FOUND  | TMDB/ELCIN | Babicovy dobroty III (32)                | babicovy dobroty iii (32)                | P:-   B:-   L:-   M:-  
2026-08-29 03:07:24 | NOT_FOUND  | TMDB/ELCIN | Riskuj! (1033)                           | riskuj! (1033)                           | P:-   B:-   L:-   M:-  
2026-08-29 03:07:24 | NOT_FOUND  | TMDB/ELCIN | Kolotoč (50)                             | kolotoč (50)                             | P:-   B:-   L:-   M:-  
2026-08-29 03:07:27 | NOT_FOUND  | TMDB/ELCIN | Kobra 11 XIX (8)                         | kobra 11 xix (8)                         | P:-   B:-   L:-   M:-  
2026-08-29 03:07:27 | NOT_FOUND  | TMDB/ELCIN | Buldok z Poděbrad (8)                    | buldok z poděbrad (8)                    | P:-   B:-   L:-   M:-  
2026-08-29 03:07:27 | NOT_FOUND  | TMDB/ELCIN | Televízne noviny                         | televízne noviny                         | P:-   B:-   L:-   M:-  
2026-08-29 03:07:27 | NOT_FOUND  | TMDB/ELCIN | Rodinné prípady (61)                     | rodinné prípady (61)                     | P:-   B:-   L:-   M:-  
2026-08-29 03:07:27 | NOT_FOUND  | TMDB/ELCIN | Susedské prípady (24)                    | susedské prípady (24)                    | P:-   B:-   L:-   M:-  
2026-08-29 03:07:28 | NOT_FOUND  | TMDB/ELCIN | Dereš (2)                                | dereš (2)                                | P:-   B:-   L:-   M:-  
2026-08-29 03:07:28 | NOT_FOUND  | TMDB/ELCIN | Sedem s r.o. (19)                        | sedem s r.o. (19)                        | P:-   B:-   L:-   M:-  
2026-08-29 03:07:28 | NOT_FOUND  | TMDB/ELCIN | Aj múdry schybí (32)                     | aj múdry schybí (32)                     | P:-   B:-   L:-   M:-  
2026-08-29 03:07:28 | NOT_FOUND  | TMDB/ELCIN | Aj múdry schybí (33)                     | aj múdry schybí (33)                     | P:-   B:-   L:-   M:-  
2026-08-29 03:07:28 | NOT_FOUND  | TMDB/ELCIN | M.A.S.H VII (20)                         | m.a.s.h vii (20)                         | P:-   B:-   L:-   M:-  
2026-08-29 03:07:30 | NOT_FOUND  | TMDB/ELCIN | 112 (2)                                  | 112 (2)                                  | P:-   B:-   L:-   M:-  
2026-08-29 03:07:30 | NOT_FOUND  | TMDB/ELCIN | Balthazar III (2)                        | balthazar iii (2)                        | P:-   B:-   L:-   M:-  
2026-08-29 03:07:30 | NOT_FOUND  | TMDB/ELCIN | Policajné prípady (39)                   | policajné prípady (39)                   | P:-   B:-   L:-   M:-  
2026-08-29 03:07:30 | NOT_FOUND  | TMDB/ELCIN | Policajné prípady (14)                   | policajné prípady (14)                   | P:-   B:-   L:-   M:-  
2026-08-29 03:07:30 | NOT_FOUND  | TMDB/ELCIN | Policajné prípady (15)                   | policajné prípady (15)                   | P:-   B:-   L:-   M:-  
2026-08-29 03:07:33 | NOT_FOUND  | TMDB/ELCIN | Je to možné?! (6)                        | je to možné?! (6)                        | P:-   B:-   L:-   M:-  
2026-08-29 03:07:33 | NOT_FOUND  | TMDB/ELCIN | Susedia (8)                              | susedia (8)                              | P:-   B:-   L:-   M:-  
2026-08-29 03:07:33 | NOT_FOUND  | TMDB/ELCIN | Smiechoty (41)                           | smiechoty (41)                           | P:-   B:-   L:-   M:-  
2026-08-29 03:07:33 | NOT_FOUND  | TMDB/ELCIN | Horná Dolná XIV (8)                      | horná dolná xiv (8)                      | P:-   B:-   L:-   M:-  
2026-08-29 03:07:33 | FOUND      | TMDB       | Zig a Sharko                             | zig a sharko                             | P:yes B:-   L:yes M:yes
2026-08-29 03:07:36 | NOT_FOUND  | TMDB/ELCIN | Chicago Med VIII (4)                     | chicago med viii (4)                     | P:-   B:-   L:-   M:-  
2026-08-29 03:07:36 | NOT_FOUND  | TMDB/ELCIN | Smotánka                                 | smotánka                                 | P:-   B:-   L:-   M:-  
2026-08-29 03:07:36 | NOT_FOUND  | TMDB/ELCIN | Adela show                               | adela show                               | P:-   B:-   L:-   M:-  
2026-08-29 03:07:36 | NOT_FOUND  | TMDB/ELCIN | Dcéry pani Fazilet (14)                  | dcéry pani fazilet (14)                  | P:-   B:-   L:-   M:-  
2026-08-29 03:07:36 | NOT_FOUND  | TMDB/ELCIN | Dcéry pani Fazilet (13)                  | dcéry pani fazilet (13)                  | P:-   B:-   L:-   M:-  
2026-08-29 03:07:38 | NOT_FOUND  | TMDB/ELCIN | S.W.A.T., ep. 1. serija                  | s.w.a.t., . serija                       | P:-   B:-   L:-   M:-  
2026-08-29 03:07:38 | NOT_FOUND  | TMDB/ELCIN | Najbolje godine, ep. 13. serija          | najbolje godine, . serija                | P:-   B:-   L:-   M:-  
2026-08-29 03:07:38 | NOT_FOUND  | TMDB/ELCIN | Crna lista 8, ep. 17. serija             | crna lista 8, . serija                   | P:-   B:-   L:-   M:-  
2026-08-29 03:07:39 | NOT_FOUND  | TMDB/ELCIN | Správy                                   | správy                                   | P:-   B:-   L:-   M:-  
2026-08-29 03:07:39 | NOT_FOUND  | TMDB/ELCIN | Počasie                                  | počasie                                  | P:-   B:-   L:-   M:-  
2026-08-29 03:07:39 | NOT_FOUND  | TMDB/ELCIN | Komisár Montalbano XI (2)                | komisár montalbano xi (2)                | P:-   B:-   L:-   M:-  
2026-08-29 03:07:40 | NOT_FOUND  | TMDB/ELCIN | Nočné vysielanie                         | nočné vysielanie                         | P:-   B:-   L:-   M:-  
2026-08-29 03:07:40 | FOUND      | TMDB       | Doktor z hôr - Nové osudy XIV            | doktor z hôr - nové osudy xiv            | P:yes B:-   L:yes M:yes
2026-08-29 03:07:40 | NOT_FOUND  | TMDB/ELCIN | Živá panoráma                            | živá panoráma                            | P:-   B:-   L:-   M:-  
2026-08-29 03:07:40 | FOUND      | TMDB       | Hranica v srdci                          | hranica v srdci                          | P:yes B:-   L:-   M:yes
2026-08-29 03:07:42 | NOT_FOUND  | TMDB/ELCIN | Exkluziv!                                | exkluziv!                                | P:-   B:-   L:-   M:-  
2026-08-29 03:07:42 | NOT_FOUND  | TMDB/ELCIN | Na plac!                                 | na plac!                                 | P:-   B:-   L:-   M:-  
2026-08-29 03:07:42 | NOT_FOUND  | TMDB/ELCIN | Ostříháno                                | ostříháno                                | P:-   B:-   L:-   M:-  
2026-08-29 03:07:42 | NOT_FOUND  | TMDB/ELCIN | Nebezpečné vztahy                        | nebezpečné vztahy                        | P:-   B:-   L:-   M:-  
2026-08-29 03:07:42 | NOT_FOUND  | TMDB/ELCIN | Nebezpečné vztahy live                   | nebezpečné vztahy live                   | P:-   B:-   L:-   M:-  
2026-08-29 03:07:43 | NOT_FOUND  | TMDB/ELCIN | Bedminton                                | bedminton                                | P:-   B:-   L:-   M:-  
2026-08-29 03:07:44 | NOT_FOUND  | TMDB/ELCIN | ČSOB Bratislava Marathon 2026            | čsob bratislava marathon 2026            | P:-   B:-   L:-   M:-  
2026-08-29 03:07:44 | FOUND      | TMDB       | MS 2026 vo futbale                       | ms 2026 vo futbale                       | P:yes B:-   L:yes M:yes
2026-08-29 03:07:45 | NOT_FOUND  | TMDB/ELCIN | Vraždy, které šokovaly XXIX (5)          | vraždy, které šokovaly xxix (5)          | P:-   B:-   L:-   M:-  
2026-08-29 03:07:45 | NOT_FOUND  | TMDB/ELCIN | Vraždy, které šokovaly XXIX (16)         | vraždy, které šokovaly xxix (16)         | P:-   B:-   L:-   M:-  
2026-08-29 03:07:45 | NOT_FOUND  | TMDB/ELCIN | Vraždy, které šokovaly XXIX (6)          | vraždy, které šokovaly xxix (6)          | P:-   B:-   L:-   M:-  
2026-08-29 03:07:46 | NOT_FOUND  | TMDB/ELCIN | Kamarádi (20)                            | kamarádi (20)                            | P:-   B:-   L:-   M:-  
2026-08-29 03:07:46 | FOUND      | TMDB       | Máme rádi Česko                          | máme rádi česko                          | P:yes B:-   L:-   M:yes
2026-08-29 03:07:46 | NOT_FOUND  | TMDB/ELCIN | Sestřičky (9)                            | sestřičky (9)                            | P:-   B:-   L:-   M:-  
2026-08-29 03:07:46 | NOT_FOUND  | TMDB/ELCIN | Vodní kolo                               | vodní kolo                               | P:-   B:-   L:-   M:-  
2026-08-29 03:07:46 | NOT_FOUND  | TMDB/ELCIN | Nikdo není dokonalý                      | nikdo není dokonalý                      | P:-   B:-   L:-   M:-  
2026-08-29 03:07:47 | NOT_FOUND  | TMDB/ELCIN | Doktor z hor: Nové příběhy III (18)      | doktor z hor: nové příběhy iii (18)      | P:-   B:-   L:-   M:-  
2026-08-29 03:07:47 | NOT_FOUND  | TMDB/ELCIN | Sladká pomsta (16)                       | sladká pomsta (16)                       | P:-   B:-   L:-   M:-  
2026-08-29 03:07:47 | NOT_FOUND  | TMDB/ELCIN | Doktor z hor: Nové příběhy IV (1)        | doktor z hor: nové příběhy iv (1)        | P:-   B:-   L:-   M:-  
2026-08-29 03:07:47 | NOT_FOUND  | TMDB/ELCIN | Jak se staví sen                         | jak se staví sen                         | P:-   B:-   L:-   M:-  
2026-08-29 03:07:49 | NOT_FOUND  | TMDB/ELCIN | Sladká pomsta (16)                       | sladká pomsta (16)                       | P:-   B:-   L:-   M:-  
2026-08-29 03:07:49 | NOT_FOUND  | TMDB/ELCIN | Doktor z hor: Nové příběhy III (18)      | doktor z hor: nové příběhy iii (18)      | P:-   B:-   L:-   M:-  
2026-08-29 03:07:49 | NOT_FOUND  | TMDB/ELCIN | Doktor z hor: Nové příběhy IV (1)        | doktor z hor: nové příběhy iv (1)        | P:-   B:-   L:-   M:-  
2026-08-29 03:07:49 | NOT_FOUND  | TMDB/ELCIN | Jak se staví sen                         | jak se staví sen                         | P:-   B:-   L:-   M:-  
2026-08-29 03:07:49 | NOT_FOUND  | TMDB/ELCIN | Sladká pomsta (16)                       | sladká pomsta (16)                       | P:-   B:-   L:-   M:-  
2026-08-29 03:07:51 | NOT_FOUND  | TMDB/ELCIN | Clarksonova farma II (1)                 | clarksonova farma ii (1)                 | P:-   B:-   L:-   M:-  
2026-08-29 03:07:51 | NOT_FOUND  | TMDB/ELCIN | Autosalon                                | autosalon                                | P:-   B:-   L:-   M:-  
2026-08-29 03:07:51 | FOUND      | TMDB       | Partička                                 | partička                                 | P:yes B:-   L:-   M:yes
2026-08-29 03:07:53 | NOT_FOUND  | TMDB/ELCIN | Clarksonova farma II (1)                 | clarksonova farma ii (1)                 | P:-   B:-   L:-   M:-  
2026-08-29 03:07:53 | NOT_FOUND  | TMDB/ELCIN | Clarksonova farma II (1)                 | clarksonova farma ii (1)                 | P:-   B:-   L:-   M:-  
2026-08-29 03:07:53 | NOT_FOUND  | TMDB/ELCIN | Autosalon                                | autosalon                                | P:-   B:-   L:-   M:-  
2026-08-29 03:07:53 | NOT_FOUND  | TMDB/ELCIN | Clarksonova farma II (1)                 | clarksonova farma ii (1)                 | P:-   B:-   L:-   M:-  
2026-08-29 03:07:54 | NOT_FOUND  | TMDB/ELCIN | Prísne tajné projekty UFO: Odtajnené I ( | prísne tajné projekty ufo: odtajnené i ( | P:-   B:-   L:-   M:-  
2026-08-29 03:07:54 | NOT_FOUND  | TMDB/ELCIN | Prísne tajné projekty UFO: Odtajnené I ( | prísne tajné projekty ufo: odtajnené i ( | P:-   B:-   L:-   M:-  
2026-08-29 03:07:54 | NOT_FOUND  | TMDB/ELCIN | História 360                             | história 360                             | P:-   B:-   L:-   M:-  
2026-08-29 03:07:54 | NOT_FOUND  | TMDB/ELCIN | História 360                             | história 360                             | P:-   B:-   L:-   M:-  
2026-08-29 03:07:54 | NOT_FOUND  | TMDB/ELCIN | Moderná vojna 2.0 I (1)                  | moderná vojna 2.0 i (1)                  | P:-   B:-   L:-   M:-  
2026-08-29 03:07:54 | NOT_FOUND  | TMDB/ELCIN | SK Svet                                  | sk svet                                  | P:-   B:-   L:-   M:-  
2026-08-29 03:07:54 | NOT_FOUND  | TMDB/ELCIN | Prísne tajné projekty UFO: Odtajnené I ( | prísne tajné projekty ufo: odtajnené i ( | P:-   B:-   L:-   M:-  
2026-08-29 03:07:57 | NOT_FOUND  | TMDB/ELCIN | To je Voyo                               | to je voyo                               | P:-   B:-   L:-   M:-  
2026-08-29 03:07:57 | NOT_FOUND  | TMDB/ELCIN | RTL Danas                                | rtl danas                                | P:-   B:-   L:-   M:-  
2026-08-29 03:07:57 | FOUND      | TMDB       | Farma Slovenija, ep. 55.                 | farma slovenija                          | P:yes B:-   L:-   M:yes
2026-08-29 03:07:57 | FOUND      | TMDB       | Ja sam legenda, film                     | ja sam legenda                           | P:yes B:-   L:yes M:yes
2026-08-29 03:08:03 | NOT_FOUND  | TMDB/ELCIN | To je Voyo                               | to je voyo                               | P:-   B:-   L:-   M:-  
2026-08-29 03:08:03 | NOT_FOUND  | TMDB/ELCIN | Poirot 12, ep. 1. serija                 | poirot 12, . serija                      | P:-   B:-   L:-   M:-  
2026-08-29 03:08:03 | NOT_FOUND  | TMDB/ELCIN | Bijeg u dvorac: Sam svoj majstor 3, ep.  | bijeg u dvorac: sam svoj majstor 3       | P:-   B:-   L:-   M:-  
2026-08-29 03:08:03 | NOT_FOUND  | TMDB/ELCIN | Direktor svemira 2, ep. 5. game show     | direktor svemira 2, . game show          | P:-   B:-   L:-   M:-  
2026-08-29 03:08:03 | NOT_FOUND  | TMDB/ELCIN | Zvonili ste, milorde? 4, ep. 2. serija   | zvonili ste, milorde? 4, . serija        | P:-   B:-   L:-   M:-  
2026-08-29 03:08:04 | NOT_FOUND  | TMDB/ELCIN | Kraj programa                            | kraj programa                            | P:-   B:-   L:-   M:-  
2026-08-29 03:08:05 | NOT_FOUND  | TMDB/ELCIN | Čikaška policija 5, ep. 3. serija        | čikaška policija 5, . serija             | P:-   B:-   L:-   M:-  
2026-08-29 03:08:05 | NOT_FOUND  | TMDB/ELCIN | Zaboravljeni slučaj 7, ep. 14. serija    | zaboravljeni slučaj 7, . serija          | P:-   B:-   L:-   M:-  
2026-08-29 03:08:05 | NOT_FOUND  | TMDB/ELCIN | Kraj programa                            | kraj programa                            | P:-   B:-   L:-   M:-  
2026-08-29 03:08:06 | NOT_FOUND  | TMDB/ELCIN | Slatka osveta, ep. 6. serija             | slatka osveta, . serija                  | P:-   B:-   L:-   M:-  
2026-08-29 03:08:06 | NOT_FOUND  | TMDB/ELCIN | Veličanstveni duo, ep. 7. serija         | veličanstveni duo, . serija              | P:-   B:-   L:-   M:-  
2026-08-29 03:08:06 | NOT_FOUND  | TMDB/ELCIN | Gospodar neba 5, ep. 41. serija          | gospodar neba 5, . serija                | P:-   B:-   L:-   M:-  
2026-08-29 03:08:06 | NOT_FOUND  | TMDB/ELCIN | Kraj programa                            | kraj programa                            | P:-   B:-   L:-   M:-  
2026-08-29 03:08:07 | NOT_FOUND  | TMDB/ELCIN | Sportske igre mladih 12, ep. 8.          | sportske igre mladih 12                  | P:-   B:-   L:-   M:-  
2026-08-29 03:08:09 | NOT_FOUND  | TMDB/ELCIN | Mamica 6, ep. 19. serija                 | mamica 6, . serija                       | P:-   B:-   L:-   M:-  
2026-08-29 03:08:09 | NOT_FOUND  | TMDB/ELCIN | Ljubav je na selu: Australija 14, ep. 11 | ljubav je na selu: australija 14         | P:-   B:-   L:-   M:-  
2026-08-29 03:08:09 | NOT_FOUND  | TMDB/ELCIN | Gola privlačnost 6, ep. 8. reality show  | gola privlačnost 6                       | P:-   B:-   L:-   M:-  
2026-08-29 03:08:11 | NOT_FOUND  | TMDB/ELCIN | Ritransmetime                            | ritransmetime                            | P:-   B:-   L:-   M:-  
2026-08-29 03:08:11 | NOT_FOUND  | TMDB/ELCIN | Zgjohu me MCN Best OFF                   | zgjohu me mcn best off                   | P:-   B:-   L:-   M:-  
2026-08-29 03:08:11 | NOT_FOUND  | TMDB/ELCIN | Edicion informativ                       | edicion informativ                       | P:-   B:-   L:-   M:-  
2026-08-29 03:08:11 | NOT_FOUND  | TMDB/ELCIN | KRONOS RTS                               | kronos rts                               | P:-   B:-   L:-   M:-  
2026-08-29 03:08:16 | NOT_FOUND  | TMDB/ELCIN | Programet e RTSH2                        | programet e rtsh2                        | P:-   B:-   L:-   M:-  
2026-08-29 03:08:16 | NOT_FOUND  | TMDB/ELCIN | RTSH 2                                   | rtsh 2                                   | P:-   B:-   L:-   M:-  
2026-08-29 03:08:17 | NOT_FOUND  | TMDB/ELCIN | Kamenolom                                | kamenolom                                | P:-   B:-   L:-   M:-  
2026-08-29 03:08:18 | NOT_FOUND  | TMDB/ELCIN | Klasika mundi: 64. Glazbene večeri u Sv. | klasika mundi: 64. glazbene večeri u sv  | P:-   B:-   L:-   M:-  
2026-08-29 03:08:18 | NOT_FOUND  | TMDB/ELCIN | Zaviri ispod, pučka i predajna kultura   | zaviri ispod, pučka i predajna kultura   | P:-   B:-   L:-   M:-  
2026-08-29 03:08:18 | NOT_FOUND  | TMDB/ELCIN | Izvan formata: Kolekcionart              | izvan formata: kolekcionart              | P:-   B:-   L:-   M:-  
2026-08-29 03:08:18 | FOUND      | TMDB       | Dogville, film                           | dogville                                 | P:yes B:-   L:-   M:yes
2026-08-29 03:08:18 | NOT_FOUND  | TMDB/ELCIN | Crveni suton, film                       | crveni suton                             | P:-   B:-   L:-   M:-  
2026-08-29 03:08:25 | NOT_FOUND  | TMDB/ELCIN | Ora de ştiri                             | ora de ştiri                             | P:-   B:-   L:-   M:-  
2026-08-29 03:08:25 | NOT_FOUND  | TMDB/ELCIN | Concursul de Crăciun                     | concursul de crăciun                     | P:-   B:-   L:-   M:-  
2026-08-29 03:08:25 | NOT_FOUND  | TMDB/ELCIN | Documentar360°GEO                        | documentar360°geo                        | P:-   B:-   L:-   M:-  
2026-08-29 03:08:25 | NOT_FOUND  | TMDB/ELCIN | E vremea ta!                             | e vremea ta!                             | P:-   B:-   L:-   M:-  
2026-08-29 03:08:25 | NOT_FOUND  | TMDB/ELCIN | Distanţa dintre mine şi mine -România, 2 | distanţa dintre mine şi mine -românia, 2 | P:-   B:-   L:-   M:-  
2026-08-29 03:08:27 | FOUND      | TMDB       | Odmevi                                   | odmevi                                   | P:yes B:-   L:-   M:yes
2026-08-29 03:08:27 | NOT_FOUND  | TMDB/ELCIN | Zgodbe iz školjke                        | zgodbe iz školjke                        | P:-   B:-   L:-   M:-  
2026-08-29 03:08:27 | NOT_FOUND  | TMDB/ELCIN | Videonoč                                 | videonoč                                 | P:-   B:-   L:-   M:-  
2026-08-29 03:08:27 | NOT_FOUND  | TMDB/ELCIN | Napovedujemo                             | napovedujemo                             | P:-   B:-   L:-   M:-  
2026-08-29 03:08:27 | NOT_FOUND  | TMDB/ELCIN | Najboljše jutro                          | najboljše jutro                          | P:-   B:-   L:-   M:-  
2026-08-29 03:08:27 | FOUND      | TMDB       | Spomini                                  | spomini                                  | P:yes B:-   L:-   M:yes
2026-08-29 03:08:28 | FOUND      | TMDB       | Tekmüvanje                               | tekmüvanje                               | P:yes B:-   L:-   M:yes
2026-08-29 03:08:29 | NOT_FOUND  | TMDB/ELCIN | Napoved parlamentarnih aktivnosti        | napoved parlamentarnih aktivnosti        | P:-   B:-   L:-   M:-  
2026-08-29 03:08:32 | NOT_FOUND  | TMDB/ELCIN | WAGs LA, ep. 6. For Love Or Money        | wags la, . for love or money             | P:-   B:-   L:-   M:-  
2026-08-29 03:08:32 | NOT_FOUND  | TMDB/ELCIN | Keeping Up With The Kardashians 10, ep.  | keeping up with the kardashians 10, . on | P:-   B:-   L:-   M:-  
2026-08-29 03:08:32 | NOT_FOUND  | TMDB/ELCIN | Keeping Up With The Kardashians 10, ep.  | keeping up with the kardashians 10, . do | P:-   B:-   L:-   M:-  
2026-08-29 03:08:32 | NOT_FOUND  | TMDB/ELCIN | Traljav posao 4, ep. 1. The Boob Fountai | traljav posao 4, . the boob fountain of  | P:-   B:-   L:-   M:-  
2026-08-29 03:08:32 | NOT_FOUND  | TMDB/ELCIN | Traljav posao 4, ep. 2. Comic Proportion | traljav posao 4, . comic proportions     | P:-   B:-   L:-   M:-  
2026-08-29 03:08:32 | NOT_FOUND  | TMDB/ELCIN | WAGs LA, ep. 6. For Love Or Money        | wags la, . for love or money             | P:-   B:-   L:-   M:-  
2026-08-29 03:08:33 | NOT_FOUND  | TMDB/ELCIN | Premium Channel                          | premium channel                          | P:-   B:-   L:-   M:-  
2026-08-29 03:08:33 | NOT_FOUND  | TMDB/ELCIN | Premium Channel                          | premium channel                          | P:-   B:-   L:-   M:-  
2026-08-29 03:08:33 | NOT_FOUND  | TMDB/ELCIN | Premium Channel                          | premium channel                          | P:-   B:-   L:-   M:-  
2026-08-29 03:08:33 | NOT_FOUND  | TMDB/ELCIN | Premium Channel                          | premium channel                          | P:-   B:-   L:-   M:-  
2026-08-29 03:08:33 | NOT_FOUND  | TMDB/ELCIN | Premium Channel                          | premium channel                          | P:-   B:-   L:-   M:-  
2026-08-29 03:08:35 | NOT_FOUND  | TMDB/ELCIN | Kamenolom                                | kamenolom                                | P:-   B:-   L:-   M:-  
2026-08-29 03:08:35 | NOT_FOUND  | TMDB/ELCIN | Kamenolom                                | kamenolom                                | P:-   B:-   L:-   M:-  
2026-08-29 03:08:36 | NOT_FOUND  | TMDB/ELCIN | Sedem s r.o. (19)                        | sedem s r.o. (19)                        | P:-   B:-   L:-   M:-  
2026-08-29 03:08:36 | NOT_FOUND  | TMDB/ELCIN | Dereš (2)                                | dereš (2)                                | P:-   B:-   L:-   M:-  
2026-08-29 03:08:36 | NOT_FOUND  | TMDB/ELCIN | Aj múdry schybí (32)                     | aj múdry schybí (32)                     | P:-   B:-   L:-   M:-  
2026-08-29 03:08:36 | NOT_FOUND  | TMDB/ELCIN | Aj múdry schybí (33)                     | aj múdry schybí (33)                     | P:-   B:-   L:-   M:-  
2026-08-29 03:08:36 | NOT_FOUND  | TMDB/ELCIN | M.A.S.H VII (20)                         | m.a.s.h vii (20)                         | P:-   B:-   L:-   M:-  
2026-08-29 03:08:36 | NOT_FOUND  | TMDB/ELCIN | Sedem s r.o. (19)                        | sedem s r.o. (19)                        | P:-   B:-   L:-   M:-  
2026-08-29 03:08:37 | NOT_FOUND  | TMDB/ELCIN | Balthazar III (2)                        | balthazar iii (2)                        | P:-   B:-   L:-   M:-  
2026-08-29 03:08:38 | NOT_FOUND  | TMDB/ELCIN | 112 (2)                                  | 112 (2)                                  | P:-   B:-   L:-   M:-  
2026-08-29 03:08:38 | NOT_FOUND  | TMDB/ELCIN | Policajné prípady (39)                   | policajné prípady (39)                   | P:-   B:-   L:-   M:-  
2026-08-29 03:08:38 | NOT_FOUND  | TMDB/ELCIN | Policajné prípady (14)                   | policajné prípady (14)                   | P:-   B:-   L:-   M:-  
2026-08-29 03:08:38 | NOT_FOUND  | TMDB/ELCIN | Policajné prípady (15)                   | policajné prípady (15)                   | P:-   B:-   L:-   M:-  
2026-08-29 03:08:38 | NOT_FOUND  | TMDB/ELCIN | Balthazar III (2)                        | balthazar iii (2)                        | P:-   B:-   L:-   M:-  
2026-08-29 03:08:39 | NOT_FOUND  | TMDB/ELCIN | Horná Dolná XIV (8)                      | horná dolná xiv (8)                      | P:-   B:-   L:-   M:-  
2026-08-29 03:08:39 | NOT_FOUND  | TMDB/ELCIN | Horná Dolná XIV (8)                      | horná dolná xiv (8)                      | P:-   B:-   L:-   M:-  
2026-08-29 03:08:39 | NOT_FOUND  | TMDB/ELCIN | Smiechoty (41)                           | smiechoty (41)                           | P:-   B:-   L:-   M:-  
2026-08-29 03:08:39 | NOT_FOUND  | TMDB/ELCIN | Je to možné?! (6)                        | je to možné?! (6)                        | P:-   B:-   L:-   M:-  
2026-08-29 03:08:39 | NOT_FOUND  | TMDB/ELCIN | Susedia (8)                              | susedia (8)                              | P:-   B:-   L:-   M:-  
2026-08-29 03:08:39 | NOT_FOUND  | TMDB/ELCIN | Horná Dolná XIV (8)                      | horná dolná xiv (8)                      | P:-   B:-   L:-   M:-  
2026-08-29 03:08:40 | NOT_FOUND  | TMDB/ELCIN | Dcéry pani Fazilet (13)                  | dcéry pani fazilet (13)                  | P:-   B:-   L:-   M:-  
2026-08-29 03:08:40 | NOT_FOUND  | TMDB/ELCIN | Dcéry pani Fazilet (14)                  | dcéry pani fazilet (14)                  | P:-   B:-   L:-   M:-  
2026-08-29 03:08:40 | NOT_FOUND  | TMDB/ELCIN | Chicago Med VIII (4)                     | chicago med viii (4)                     | P:-   B:-   L:-   M:-  
2026-08-29 03:08:40 | NOT_FOUND  | TMDB/ELCIN | Smotánka                                 | smotánka                                 | P:-   B:-   L:-   M:-  
2026-08-29 03:08:40 | NOT_FOUND  | TMDB/ELCIN | Dcéry pani Fazilet (13)                  | dcéry pani fazilet (13)                  | P:-   B:-   L:-   M:-  
2026-08-29 03:08:40 | NOT_FOUND  | TMDB/ELCIN | Adela show                               | adela show                               | P:-   B:-   L:-   M:-  
2026-08-29 03:08:47 | NOT_FOUND  | TMDB/ELCIN | Kamenolom                                | kamenolom                                | P:-   B:-   L:-   M:-  
2026-08-29 03:08:47 | NOT_FOUND  | TMDB/ELCIN | Kamenolom                                | kamenolom                                | P:-   B:-   L:-   M:-  
2026-08-29 03:08:47 | NOT_FOUND  | TMDB/ELCIN | Kamenolom                                | kamenolom                                | P:-   B:-   L:-   M:-  
2026-08-29 03:08:47 | NOT_FOUND  | TMDB/ELCIN | Dobri stari Džerzi                       | dobri stari džerzi                       | P:-   B:-   L:-   M:-  
2026-08-29 03:08:47 | NOT_FOUND  | TMDB/ELCIN | Prijatelj ili neprijatelj                | prijatelj ili neprijatelj                | P:-   B:-   L:-   M:-  
2026-08-29 03:08:47 | NOT_FOUND  | TMDB/ELCIN | Dobri stari Džerzi                       | dobri stari džerzi                       | P:-   B:-   L:-   M:-  
2026-08-29 03:08:47 | NOT_FOUND  | TMDB/ELCIN | U kamenolomu                             | u kamenolomu                             | P:-   B:-   L:-   M:-  
2026-08-29 03:08:47 | NOT_FOUND  | TMDB/ELCIN | Kamenolom                                | kamenolom                                | P:-   B:-   L:-   M:-  
2026-08-29 03:08:49 | NOT_FOUND  | TMDB/ELCIN | Nasilno srce                             | nasilno srce                             | P:-   B:-   L:-   M:-  
2026-08-29 03:08:49 | NOT_FOUND  | TMDB/ELCIN | Nasilno srce                             | nasilno srce                             | P:-   B:-   L:-   M:-  
2026-08-29 03:08:49 | NOT_FOUND  | TMDB/ELCIN | Izabrana porodica                        | izabrana porodica                        | P:-   B:-   L:-   M:-  
2026-08-29 03:08:49 | NOT_FOUND  | TMDB/ELCIN | Obožavam te!                             | obožavam te!                             | P:-   B:-   L:-   M:-  
2026-08-29 03:08:49 | NOT_FOUND  | TMDB/ELCIN | Noćna tabla                              | noćna tabla                              | P:-   B:-   L:-   M:-  
2026-08-29 03:08:49 | NOT_FOUND  | TMDB/ELCIN | Siromašne bogatašice                     | siromašne bogatašice                     | P:-   B:-   L:-   M:-  
2026-08-29 03:08:49 | NOT_FOUND  | TMDB/ELCIN | Nasilno srce                             | nasilno srce                             | P:-   B:-   L:-   M:-  
2026-08-29 03:08:52 | FOUND      | TMDB       | ZOOLANDER 2                              | zoolander 2                              | P:yes B:-   L:yes M:yes
2026-08-29 03:08:52 | FOUND      | TMDB       | MALEFICENT MISTRESS OF EVIL              | maleficent mistress of evil              | P:yes B:-   L:yes M:yes
2026-08-29 03:08:54 | NOT_FOUND  | TMDB/ELCIN | Making The Movies                        | making the movies                        | P:-   B:-   L:-   M:-  
2026-08-29 03:08:54 | NOT_FOUND  | TMDB/ELCIN | Films & Stars                            | films & stars                            | P:-   B:-   L:-   M:-  
2026-08-29 03:08:54 | FOUND      | TMDB       | Taken 2                                  | taken 2                                  | P:yes B:-   L:yes M:yes
2026-08-29 03:08:54 | NOT_FOUND  | TMDB/ELCIN | Making The Movies                        | making the movies                        | P:-   B:-   L:-   M:-  
2026-08-29 03:08:54 | NOT_FOUND  | TMDB/ELCIN | Films & Stars                            | films & stars                            | P:-   B:-   L:-   M:-  
2026-08-29 03:08:55 | FOUND      | TMDB       | The Secret Life Of Pets                  | the secret life of pets                  | P:yes B:-   L:yes M:yes
2026-08-29 03:08:56 | NOT_FOUND  | TMDB/ELCIN | Making The Movies                        | making the movies                        | P:-   B:-   L:-   M:-  
2026-08-29 03:08:56 | NOT_FOUND  | TMDB/ELCIN | Films & Stars                            | films & stars                            | P:-   B:-   L:-   M:-  
2026-08-29 03:10:55 | NOT_FOUND  | TMDB/ELCIN | Making The Movies                        | making the movies                        | P:-   B:-   L:-   M:-  
2026-08-29 03:10:55 | NOT_FOUND  | TMDB/ELCIN | Films & Stars                            | films & stars                            | P:-   B:-   L:-   M:-  
2026-08-29 03:10:56 | NOT_FOUND  | TMDB/ELCIN | Making The Movies                        | making the movies                        | P:-   B:-   L:-   M:-  
2026-08-29 03:10:56 | NOT_FOUND  | TMDB/ELCIN | Films & Stars                            | films & stars                            | P:-   B:-   L:-   M:-  
2026-08-29 03:11:08 | NOT_FOUND  | TMDB/ELCIN | Making The Movies                        | making the movies                        | P:-   B:-   L:-   M:-  
2026-08-29 03:11:08 | NOT_FOUND  | TMDB/ELCIN | Films & Stars                            | films & stars                            | P:-   B:-   L:-   M:-  
2026-08-29 03:11:12 | NOT_FOUND  | TMDB/ELCIN | Making The Movies                        | making the movies                        | P:-   B:-   L:-   M:-  
2026-08-29 03:11:12 | NOT_FOUND  | TMDB/ELCIN | Films & Stars                            | films & stars                            | P:-   B:-   L:-   M:-  
2026-08-29 03:11:13 | NOT_FOUND  | TMDB/ELCIN | Al Motawahesh                            | al motawahesh                            | P:-   B:-   L:-   M:-  
2026-08-29 03:11:13 | NOT_FOUND  | TMDB/ELCIN | Al Motawahesh                            | al motawahesh                            | P:-   B:-   L:-   M:-  
2026-08-29 03:11:14 | NOT_FOUND  | TMDB/ELCIN | Al Kha'en                                | al kha'en                                | P:-   B:-   L:-   M:-  
2026-08-29 03:11:14 | NOT_FOUND  | TMDB/ELCIN | Woroud Wa Thonoub                        | woroud wa thonoub                        | P:-   B:-   L:-   M:-  
2026-08-29 03:11:14 | NOT_FOUND  | TMDB/ELCIN | Ma Zelt Fi 17                            | ma zelt fi 17                            | P:-   B:-   L:-   M:-  
2026-08-29 03:11:19 | NOT_FOUND  | TMDB/ELCIN | Sirr Al Haneen                           | sirr al haneen                           | P:-   B:-   L:-   M:-  
2026-08-29 03:11:19 | NOT_FOUND  | TMDB/ELCIN | Omniya Wa In Tahaqqaqat                  | omniya wa in tahaqqaqat                  | P:-   B:-   L:-   M:-  
2026-08-29 03:11:20 | FOUND      | TMDB       | Shootout At Lokhandwala                  | shootout at lokhandwala                  | P:yes B:-   L:yes M:yes
2026-08-29 03:11:22 | NOT_FOUND  | TMDB/ELCIN | Yabani Asli                              | yabani asli                              | P:-   B:-   L:-   M:-  
2026-08-29 03:11:22 | NOT_FOUND  | TMDB/ELCIN | Al Rakesa Wal Seyasi                     | al rakesa wal seyasi                     | P:-   B:-   L:-   M:-  
2026-08-29 03:11:22 | NOT_FOUND  | TMDB/ELCIN | Al Les Wal Kelab                         | al les wal kelab                         | P:-   B:-   L:-   M:-  
2026-08-29 03:11:23 | NOT_FOUND  | TMDB/ELCIN | El Ameel Sefr                            | el ameel sefr                            | P:-   B:-   L:-   M:-  
2026-08-29 03:11:23 | NOT_FOUND  | TMDB/ELCIN | El Zawag Ala El Tareeka El Hadeesa       | el zawag ala el tareeka el hadeesa       | P:-   B:-   L:-   M:-  
2026-08-29 03:11:29 | NOT_FOUND  | TMDB/ELCIN | Al Rakesa Wal Seyasi                     | al rakesa wal seyasi                     | P:-   B:-   L:-   M:-  
2026-08-29 03:11:29 | NOT_FOUND  | TMDB/ELCIN | El Ameel Sefr                            | el ameel sefr                            | P:-   B:-   L:-   M:-  
2026-08-29 03:11:29 | NOT_FOUND  | TMDB/ELCIN | Yabani Asli                              | yabani asli                              | P:-   B:-   L:-   M:-  
2026-08-29 03:11:29 | NOT_FOUND  | TMDB/ELCIN | El Zawag Ala El Tareeka El Hadeesa       | el zawag ala el tareeka el hadeesa       | P:-   B:-   L:-   M:-  
2026-08-29 03:11:29 | NOT_FOUND  | TMDB/ELCIN | Al Les Wal Kelab                         | al les wal kelab                         | P:-   B:-   L:-   M:-  
2026-08-29 03:11:29 | NOT_FOUND  | TMDB/ELCIN | Al Rakesa Wal Seyasi                     | al rakesa wal seyasi                     | P:-   B:-   L:-   M:-  
2026-08-29 03:11:30 | NOT_FOUND  | TMDB/ELCIN | Al Rakesa Wal Seyasi                     | al rakesa wal seyasi                     | P:-   B:-   L:-   M:-  
2026-08-29 03:11:31 | NOT_FOUND  | TMDB/ELCIN | Al Rakesa Wal Seyasi                     | al rakesa wal seyasi                     | P:-   B:-   L:-   M:-  
2026-08-29 03:11:31 | NOT_FOUND  | TMDB/ELCIN | Al Rakesa Wal Seyasi                     | al rakesa wal seyasi                     | P:-   B:-   L:-   M:-  
2026-08-29 03:11:32 | NOT_FOUND  | TMDB/ELCIN | Al Rakesa Wal Seyasi                     | al rakesa wal seyasi                     | P:-   B:-   L:-   M:-  
2026-08-29 03:11:38 | NOT_FOUND  | TMDB/ELCIN | Al Rakesa Wal Seyasi                     | al rakesa wal seyasi                     | P:-   B:-   L:-   M:-  
2026-08-29 03:11:38 | NOT_FOUND  | TMDB/ELCIN | El Ameel Sefr                            | el ameel sefr                            | P:-   B:-   L:-   M:-  
2026-08-29 03:11:38 | NOT_FOUND  | TMDB/ELCIN | Al Les Wal Kelab                         | al les wal kelab                         | P:-   B:-   L:-   M:-  
2026-08-29 03:11:38 | NOT_FOUND  | TMDB/ELCIN | Yabani Asli                              | yabani asli                              | P:-   B:-   L:-   M:-  
2026-08-29 03:11:38 | NOT_FOUND  | TMDB/ELCIN | El Zawag Ala El Tareeka El Hadeesa       | el zawag ala el tareeka el hadeesa       | P:-   B:-   L:-   M:-  
2026-08-29 03:11:38 | NOT_FOUND  | TMDB/ELCIN | Al Rakesa Wal Seyasi                     | al rakesa wal seyasi                     | P:-   B:-   L:-   M:-  
2026-08-29 03:11:54 | NOT_FOUND  | TMDB/ELCIN | Al Kha'en                                | al kha'en                                | P:-   B:-   L:-   M:-  
2026-08-29 03:11:54 | NOT_FOUND  | TMDB/ELCIN | Min El Qalb Lil Qalb                     | min el qalb lil qalb                     | P:-   B:-   L:-   M:-  
2026-08-29 03:11:54 | NOT_FOUND  | TMDB/ELCIN | Wa Azhar Al Hob                          | wa azhar al hob                          | P:-   B:-   L:-   M:-  
2026-08-29 03:11:55 | NOT_FOUND  | TMDB/ELCIN | Min El Qalb Lil Qalb                     | min el qalb lil qalb                     | P:-   B:-   L:-   M:-  
2026-08-29 03:11:55 | NOT_FOUND  | TMDB/ELCIN | Wa Azhar Al Hob                          | wa azhar al hob                          | P:-   B:-   L:-   M:-  
2026-08-29 03:11:55 | NOT_FOUND  | TMDB/ELCIN | Al Kha'en                                | al kha'en                                | P:-   B:-   L:-   M:-  
2026-08-29 03:11:57 | NOT_FOUND  | TMDB/ELCIN | Seed Elnass                              | seed elnass                              | P:-   B:-   L:-   M:-  
2026-08-29 03:11:57 | FOUND      | TMDB       | Masrah Masr                              | masrah masr                              | P:yes B:-   L:-   M:yes
2026-08-29 03:11:57 | NOT_FOUND  | TMDB/ELCIN | Ahlan Bi El Sittat                       | ahlan bi el sittat                       | P:-   B:-   L:-   M:-  
2026-08-29 03:11:58 | FOUND      | TMDB       | Masrah Masr                              | masrah masr                              | P:yes B:-   L:-   M:yes
2026-08-29 03:11:58 | NOT_FOUND  | TMDB/ELCIN | Seed Elnass                              | seed elnass                              | P:-   B:-   L:-   M:-  
2026-08-29 03:11:58 | NOT_FOUND  | TMDB/ELCIN | Ahlan Bi El Sittat                       | ahlan bi el sittat                       | P:-   B:-   L:-   M:-  
2026-08-29 03:11:58 | FOUND      | TMDB       | Masrah Masr                              | masrah masr                              | P:yes B:-   L:-   M:yes
2026-08-29 03:12:00 | FOUND      | TMDB       | Masrah Masr                              | masrah masr                              | P:yes B:-   L:-   M:yes
2026-08-29 03:12:00 | NOT_FOUND  | TMDB/ELCIN | Seed Elnass                              | seed elnass                              | P:-   B:-   L:-   M:-  
2026-08-29 03:12:00 | NOT_FOUND  | TMDB/ELCIN | Ahlan Bi El Sittat                       | ahlan bi el sittat                       | P:-   B:-   L:-   M:-  
2026-08-29 03:12:00 | FOUND      | TMDB       | Masrah Masr                              | masrah masr                              | P:yes B:-   L:-   M:yes
2026-08-29 03:12:00 | NOT_FOUND  | TMDB/ELCIN | Min El Qalb Lil Qalb                     | min el qalb lil qalb                     | P:-   B:-   L:-   M:-  
2026-08-29 03:12:00 | NOT_FOUND  | TMDB/ELCIN | Wa Azhar Al Hob                          | wa azhar al hob                          | P:-   B:-   L:-   M:-  
2026-08-29 03:12:01 | NOT_FOUND  | TMDB/ELCIN | Al Kha'en                                | al kha'en                                | P:-   B:-   L:-   M:-  
2026-08-29 03:12:04 | FOUND      | elcinema   | مسار اجباري ح 6                          | مسار اجباري ح 6                          | P:yes B:-   L:-   M:yes
2026-08-29 03:12:09 | NOT_FOUND  | TMDB/ELCIN | Habibati.. Man Takoun?                   | habibati.. man takoun?                   | P:-   B:-   L:-   M:-  
2026-08-29 03:12:18 | NOT_FOUND  | TMDB/ELCIN | اسبانجليش                                | اسبانجليش                                | P:-   B:-   L:-   M:-  
2026-08-29 03:12:21 | NOT_FOUND  | TMDB/ELCIN | The Hunting Party 2 - 13                 | the hunting party 2 - 13                 | P:-   B:-   L:-   M:-  
2026-08-29 03:12:22 | FOUND      | TMDB       | Betrayal - 3                             | betrayal - 3                             | P:yes B:-   L:-   M:yes
2026-08-29 03:12:23 | NOT_FOUND  | TMDB/ELCIN | The Hardacres 2 - 3                      | the hardacres 2 - 3                      | P:-   B:-   L:-   M:-  
2026-08-29 03:12:25 | NOT_FOUND  | TMDB/ELCIN | The Simpsons 37 - 13                     | the simpsons 37 - 13                     | P:-   B:-   L:-   M:-  
2026-08-29 03:12:25 | NOT_FOUND  | TMDB/ELCIN | The Simpsons 37 - 14                     | the simpsons 37 - 14                     | P:-   B:-   L:-   M:-  
2026-08-29 03:12:25 | NOT_FOUND  | TMDB/ELCIN | The Simpsons 37 - 15                     | the simpsons 37 - 15                     | P:-   B:-   L:-   M:-  
2026-08-29 03:12:27 | NOT_FOUND  | TMDB/ELCIN | Al Rakesa Wal Tabaal                     | al rakesa wal tabaal                     | P:-   B:-   L:-   M:-  
2026-08-29 03:12:27 | NOT_FOUND  | TMDB/ELCIN | Ebn Hamedo                               | ebn hamedo                               | P:-   B:-   L:-   M:-  
2026-08-29 03:12:27 | NOT_FOUND  | TMDB/ELCIN | Tayeh Fi America                         | tayeh fi america                         | P:-   B:-   L:-   M:-  
2026-08-29 03:12:27 | NOT_FOUND  | TMDB/ELCIN | Hamlit Faraon                            | hamlit faraon                            | P:-   B:-   L:-   M:-  
2026-08-29 03:12:29 | NOT_FOUND  | TMDB/ELCIN | Al Rakesa Wal Tabaal                     | al rakesa wal tabaal                     | P:-   B:-   L:-   M:-  
2026-08-29 03:12:30 | NOT_FOUND  | TMDB/ELCIN | Al Rakesa Wal Tabaal                     | al rakesa wal tabaal                     | P:-   B:-   L:-   M:-  
2026-08-29 03:12:31 | NOT_FOUND  | TMDB/ELCIN | Al Rakesa Wal Tabaal                     | al rakesa wal tabaal                     | P:-   B:-   L:-   M:-  
2026-08-29 03:18:51 | NOT_FOUND  | TMDB/ELCIN | Al Rakesa Wal Tabaal                     | al rakesa wal tabaal                     | P:-   B:-   L:-   M:-  
2026-08-29 03:18:51 | NOT_FOUND  | TMDB/ELCIN | Al Rakesa Wal Tabaal                     | al rakesa wal tabaal                     | P:-   B:-   L:-   M:-  
2026-08-29 03:18:52 | NOT_FOUND  | TMDB/ELCIN | Al Rakesa Wal Tabaal                     | al rakesa wal tabaal                     | P:-   B:-   L:-   M:-  
2026-08-29 04:07:04 | NOT_FOUND  | TMDB/ELCIN | Al Les Wal Kelab                         | al les wal kelab                         | P:-   B:-   L:-   M:-  
2026-08-29 04:07:04 | NOT_FOUND  | TMDB/ELCIN | El Ameel Sefr                            | el ameel sefr                            | P:-   B:-   L:-   M:-  
2026-08-29 04:07:05 | NOT_FOUND  | TMDB/ELCIN | El Zawag Ala El Tareeka El Hadeesa       | el zawag ala el tareeka el hadeesa       | P:-   B:-   L:-   M:-  
2026-08-29 04:07:05 | NOT_FOUND  | TMDB/ELCIN | Meen Feena El Harami                     | meen feena el harami                     | P:-   B:-   L:-   M:-  
2026-08-29 04:07:05 | NOT_FOUND  | TMDB/ELCIN | Yabani Asli                              | yabani asli                              | P:-   B:-   L:-   M:-  
2026-08-29 04:07:12 | NOT_FOUND  | TMDB/ELCIN | Making The Movies                        | making the movies                        | P:-   B:-   L:-   M:-  
2026-08-29 04:07:12 | NOT_FOUND  | TMDB/ELCIN | Films & Stars                            | films & stars                            | P:-   B:-   L:-   M:-  
2026-08-29 04:07:14 | NOT_FOUND  | TMDB/ELCIN | Making The Movies                        | making the movies                        | P:-   B:-   L:-   M:-  
2026-08-29 04:07:14 | NOT_FOUND  | TMDB/ELCIN | Films & Stars                            | films & stars                            | P:-   B:-   L:-   M:-  
2026-08-29 04:07:18 | NOT_FOUND  | TMDB/ELCIN | Al Kha'en                                | al kha'en                                | P:-   B:-   L:-   M:-  
2026-08-29 04:07:18 | NOT_FOUND  | TMDB/ELCIN | Min?Ela                                  | min?ela                                  | P:-   B:-   L:-   M:-  
2026-08-29 04:07:18 | NOT_FOUND  | TMDB/ELCIN | Ma Zelt Fi 17                            | ma zelt fi 17                            | P:-   B:-   L:-   M:-  
2026-08-29 04:07:18 | NOT_FOUND  | TMDB/ELCIN | Woroud Wa Thonoub                        | woroud wa thonoub                        | P:-   B:-   L:-   M:-  
2026-08-29 04:07:18 | NOT_FOUND  | TMDB/ELCIN | Lil Mawt                                 | lil mawt                                 | P:-   B:-   L:-   M:-  
2026-08-29 04:07:21 | NOT_FOUND  | TMDB/ELCIN | Omniya Wa In Tahaqqaqat                  | omniya wa in tahaqqaqat                  | P:-   B:-   L:-   M:-  
2026-08-29 04:07:24 | NOT_FOUND  | TMDB/ELCIN | Al Les Wal Kelab                         | al les wal kelab                         | P:-   B:-   L:-   M:-  
2026-08-29 04:07:25 | NOT_FOUND  | TMDB/ELCIN | El Ameel Sefr                            | el ameel sefr                            | P:-   B:-   L:-   M:-  
2026-08-29 04:07:25 | NOT_FOUND  | TMDB/ELCIN | Yabani Asli                              | yabani asli                              | P:-   B:-   L:-   M:-  
2026-08-29 04:07:25 | NOT_FOUND  | TMDB/ELCIN | El Zawag Ala El Tareeka El Hadeesa       | el zawag ala el tareeka el hadeesa       | P:-   B:-   L:-   M:-  
2026-08-29 04:07:25 | NOT_FOUND  | TMDB/ELCIN | Al Les Wal Kelab                         | al les wal kelab                         | P:-   B:-   L:-   M:-  
2026-08-29 04:07:25 | NOT_FOUND  | TMDB/ELCIN | Meen Feena El Harami                     | meen feena el harami                     | P:-   B:-   L:-   M:-  
2026-08-29 04:07:26 | NOT_FOUND  | TMDB/ELCIN | Ebn Hamedo                               | ebn hamedo                               | P:-   B:-   L:-   M:-  
2026-08-29 04:07:26 | NOT_FOUND  | TMDB/ELCIN | Hamlit Faraon                            | hamlit faraon                            | P:-   B:-   L:-   M:-  
2026-08-29 04:07:26 | NOT_FOUND  | TMDB/ELCIN | Tayeh Fi America                         | tayeh fi america                         | P:-   B:-   L:-   M:-  
2026-08-29 04:07:27 | NOT_FOUND  | TMDB/ELCIN | Mirati Wa Zawjati                        | mirati wa zawjati                        | P:-   B:-   L:-   M:-  
2026-08-29 04:07:31 | NOT_FOUND  | TMDB/ELCIN | Ahlan Bi El Sittat                       | ahlan bi el sittat                       | P:-   B:-   L:-   M:-  
2026-08-29 04:07:32 | NOT_FOUND  | TMDB/ELCIN | Seed Elnass                              | seed elnass                              | P:-   B:-   L:-   M:-  
2026-08-29 04:07:32 | NOT_FOUND  | TMDB/ELCIN | El Hekaya Ma' Amr Adib                   | el hekaya ma' amr adib                   | P:-   B:-   L:-   M:-  
2026-08-29 04:07:33 | FOUND      | TMDB       | Abu Ali                                  | abu ali                                  | P:yes B:-   L:yes M:yes
2026-08-29 04:07:34 | NOT_FOUND  | TMDB/ELCIN | Seed Elnass                              | seed elnass                              | P:-   B:-   L:-   M:-  
2026-08-29 04:07:34 | NOT_FOUND  | TMDB/ELCIN | Ahlan Bi El Sittat                       | ahlan bi el sittat                       | P:-   B:-   L:-   M:-  
2026-08-29 04:07:34 | NOT_FOUND  | TMDB/ELCIN | Seed Elnass                              | seed elnass                              | P:-   B:-   L:-   M:-  
2026-08-29 04:07:34 | NOT_FOUND  | TMDB/ELCIN | Shaqet Faisal                            | shaqet faisal                            | P:-   B:-   L:-   M:-  
2026-08-29 04:07:35 | NOT_FOUND  | TMDB/ELCIN | Seed Elnass                              | seed elnass                              | P:-   B:-   L:-   M:-  
2026-08-29 04:07:35 | NOT_FOUND  | TMDB/ELCIN | Shaqet Faisal                            | shaqet faisal                            | P:-   B:-   L:-   M:-  
2026-08-29 04:07:35 | NOT_FOUND  | TMDB/ELCIN | Ahlan Bi El Sittat                       | ahlan bi el sittat                       | P:-   B:-   L:-   M:-  
2026-08-29 04:07:35 | NOT_FOUND  | TMDB/ELCIN | Seed Elnass                              | seed elnass                              | P:-   B:-   L:-   M:-  
2026-08-29 04:07:36 | NOT_FOUND  | TMDB/ELCIN | Seed Elnass                              | seed elnass                              | P:-   B:-   L:-   M:-  
2026-08-29 04:07:36 | NOT_FOUND  | TMDB/ELCIN | Seed Elnass                              | seed elnass                              | P:-   B:-   L:-   M:-  
2026-08-29 04:07:36 | NOT_FOUND  | TMDB/ELCIN | Ahlan Bi El Sittat                       | ahlan bi el sittat                       | P:-   B:-   L:-   M:-  
2026-08-29 04:07:36 | NOT_FOUND  | TMDB/ELCIN | Shaqet Faisal                            | shaqet faisal                            | P:-   B:-   L:-   M:-  
2026-08-29 04:07:36 | NOT_FOUND  | TMDB/ELCIN | Seed Elnass                              | seed elnass                              | P:-   B:-   L:-   M:-  
2026-08-29 04:07:37 | NOT_FOUND  | TMDB/ELCIN | Al Kha'en                                | al kha'en                                | P:-   B:-   L:-   M:-  
2026-08-29 04:07:38 | NOT_FOUND  | TMDB/ELCIN | Wa Azhar Al Hob                          | wa azhar al hob                          | P:-   B:-   L:-   M:-  
2026-08-29 04:07:38 | NOT_FOUND  | TMDB/ELCIN | Al Farah Farahna                         | al farah farahna                         | P:-   B:-   L:-   M:-  
2026-08-29 04:07:38 | NOT_FOUND  | TMDB/ELCIN | Min El Qalb Lil Qalb                     | min el qalb lil qalb                     | P:-   B:-   L:-   M:-  
2026-08-29 04:07:39 | NOT_FOUND  | TMDB/ELCIN | Min El Qalb Lil Qalb                     | min el qalb lil qalb                     | P:-   B:-   L:-   M:-  
2026-08-29 04:07:39 | NOT_FOUND  | TMDB/ELCIN | Min El Qalb Lil Qalb                     | min el qalb lil qalb                     | P:-   B:-   L:-   M:-  
2026-08-29 04:07:39 | NOT_FOUND  | TMDB/ELCIN | Wa Azhar Al Hob                          | wa azhar al hob                          | P:-   B:-   L:-   M:-  
2026-08-29 04:07:39 | NOT_FOUND  | TMDB/ELCIN | Al Kha'en                                | al kha'en                                | P:-   B:-   L:-   M:-  
2026-08-29 04:07:39 | NOT_FOUND  | TMDB/ELCIN | Al Farah Farahna                         | al farah farahna                         | P:-   B:-   L:-   M:-  
2026-08-29 04:07:39 | NOT_FOUND  | TMDB/ELCIN | Min El Qalb Lil Qalb                     | min el qalb lil qalb                     | P:-   B:-   L:-   M:-  
2026-08-29 04:07:42 | FOUND      | elcinema   | الكابتن ح 12                             | الكابتن ح 12                             | P:yes B:-   L:-   M:yes
2026-08-29 04:07:48 | FOUND      | TMDB       | Gran Turismo                             | gran turismo                             | P:yes B:-   L:yes M:yes
2026-08-29 04:07:51 | NOT_FOUND  | TMDB/ELCIN | اسبانجليش                                | اسبانجليش                                | P:-   B:-   L:-   M:-  
2026-08-29 04:07:53 | FOUND      | TMDB       | Piece By Piece                           | piece by piece                           | P:yes B:-   L:yes M:yes
2026-08-29 04:07:56 | NOT_FOUND  | TMDB/ELCIN | The Hunting Party 2 - 13                 | the hunting party 2 - 13                 | P:-   B:-   L:-   M:-  
2026-08-29 04:08:44 | NOT_FOUND  | TMDB/ELCIN | The Hardacres 2 - 3                      | the hardacres 2 - 3                      | P:-   B:-   L:-   M:-  
2026-08-29 04:08:45 | NOT_FOUND  | TMDB/ELCIN | Death Valley 2 - 1                       | death valley 2 - 1                       | P:-   B:-   L:-   M:-  
2026-08-29 04:08:45 | FOUND      | TMDB       | Lynley - 5                               | lynley - 5                               | P:yes B:-   L:yes M:yes
2026-08-29 04:08:48 | NOT_FOUND  | TMDB/ELCIN | The Simpsons 37 - 13                     | the simpsons 37 - 13                     | P:-   B:-   L:-   M:-  
2026-08-29 04:08:48 | NOT_FOUND  | TMDB/ELCIN | The Simpsons 37 - 14                     | the simpsons 37 - 14                     | P:-   B:-   L:-   M:-  
2026-08-29 04:08:48 | NOT_FOUND  | TMDB/ELCIN | The Simpsons 37 - 15                     | the simpsons 37 - 15                     | P:-   B:-   L:-   M:-  
2026-08-29 04:08:50 | NOT_FOUND  | TMDB/ELCIN | Soffo Shel Milton Levy                   | soffo shel milton levy                   | P:-   B:-   L:-   M:-  
2026-08-29 04:08:50 | NOT_FOUND  | TMDB/ELCIN | Makom Leyad Hayam                        | makom leyad hayam                        | P:-   B:-   L:-   M:-  
2026-08-29 04:08:50 | NOT_FOUND  | TMDB/ELCIN | Teta'aru Lachem                          | teta'aru lachem                          | P:-   B:-   L:-   M:-  
2026-08-29 04:08:51 | FOUND      | TMDB       | The Big Dig                              | the big dig                              | P:yes B:-   L:-   M:yes
2026-08-29 04:08:51 | NOT_FOUND  | TMDB/ELCIN | The Simpsons 37 - 13                     | the simpsons 37 - 13                     | P:-   B:-   L:-   M:-  
2026-08-29 04:08:51 | NOT_FOUND  | TMDB/ELCIN | The Simpsons 37 - 14                     | the simpsons 37 - 14                     | P:-   B:-   L:-   M:-  
2026-08-29 04:08:51 | NOT_FOUND  | TMDB/ELCIN | The Simpsons 37 - 15                     | the simpsons 37 - 15                     | P:-   B:-   L:-   M:-  
2026-08-29 04:08:52 | NOT_FOUND  | TMDB/ELCIN | Death Valley 2 - 1                       | death valley 2 - 1                       | P:-   B:-   L:-   M:-  
2026-08-29 04:08:52 | NOT_FOUND  | TMDB/ELCIN | The Hardacres 2 - 3                      | the hardacres 2 - 3                      | P:-   B:-   L:-   M:-  
2026-08-29 04:08:54 | NOT_FOUND  | TMDB/ELCIN | The Hunting Party 2 - 13                 | the hunting party 2 - 13                 | P:-   B:-   L:-   M:-  
2026-08-29 04:08:54 | FOUND      | TMDB       | Revival - 1                              | revival - 1                              | P:yes B:-   L:yes M:yes
2026-08-29 04:08:59 | NOT_FOUND  | TMDB/ELCIN | The Hunting Party 2 - 13                 | the hunting party 2 - 13                 | P:-   B:-   L:-   M:-  
2026-08-29 04:09:01 | NOT_FOUND  | TMDB/ELCIN | The Hardacres 2 - 3                      | the hardacres 2 - 3                      | P:-   B:-   L:-   M:-  
2026-08-29 04:09:01 | NOT_FOUND  | TMDB/ELCIN | Death Valley 2 - 1                       | death valley 2 - 1                       | P:-   B:-   L:-   M:-  
2026-08-29 04:09:04 | NOT_FOUND  | TMDB/ELCIN | The Simpsons 37 - 13                     | the simpsons 37 - 13                     | P:-   B:-   L:-   M:-  
2026-08-29 04:09:04 | NOT_FOUND  | TMDB/ELCIN | The Simpsons 37 - 14                     | the simpsons 37 - 14                     | P:-   B:-   L:-   M:-  
2026-08-29 04:09:04 | NOT_FOUND  | TMDB/ELCIN | The Simpsons 37 - 15                     | the simpsons 37 - 15                     | P:-   B:-   L:-   M:-  
2026-08-29 04:09:06 | NOT_FOUND  | TMDB/ELCIN | Makom Leyad Hayam                        | makom leyad hayam                        | P:-   B:-   L:-   M:-  
2026-08-29 04:09:06 | NOT_FOUND  | TMDB/ELCIN | Soffo Shel Milton Levy                   | soffo shel milton levy                   | P:-   B:-   L:-   M:-  
2026-08-29 04:09:06 | NOT_FOUND  | TMDB/ELCIN | Teta'aru Lachem                          | teta'aru lachem                          | P:-   B:-   L:-   M:-  
2026-08-29 04:09:06 | NOT_FOUND  | TMDB/ELCIN | Makom Leyad Hayam                        | makom leyad hayam                        | P:-   B:-   L:-   M:-  
2026-08-29 04:09:08 | NOT_FOUND  | TMDB/ELCIN | 1000% mnie: Wymieszane dorastanie        | 1000% mnie: wymieszane dorastanie        | P:-   B:-   L:-   M:-  
2026-08-29 04:09:09 | FOUND      | TMDB       | Birth/Rebirth                            | birth/rebirth                            | P:yes B:-   L:yes M:yes
2026-08-29 04:09:09 | FOUND      | TMDB       | Mortal Kombat 2                          | mortal kombat 2                          | P:yes B:-   L:yes M:yes
2026-08-29 04:09:09 | FOUND      | TMDB       | Hutnik szkła                             | hutnik szkła                             | P:yes B:-   L:yes M:yes
2026-08-29 04:09:09 | FOUND      | TMDB       | Jasełka wszech czasów                    | jasełka wszech czasów                    | P:yes B:-   L:yes M:yes
2026-08-29 04:09:13 | FOUND      | TMDB       | Na planie 23: odc.35                     | na planie 23                             | P:yes B:-   L:-   M:yes
2026-08-29 04:09:16 | FOUND      | TMDB       | Sprzedawcy 2                             | sprzedawcy 2                             | P:yes B:-   L:yes M:yes
2026-08-29 04:09:16 | FOUND      | TMDB       | Sprzedawcy 3                             | sprzedawcy 3                             | P:yes B:-   L:yes M:yes
2026-08-29 04:09:16 | FOUND      | TMDB       | Agentka                                  | agentka                                  | P:yes B:-   L:yes M:yes
2026-08-29 04:09:16 | FOUND      | TMDB       | Wielka, odważna, piękna podróż           | wielka, odważna, piękna podróż           | P:yes B:-   L:yes M:yes
2026-08-29 04:09:18 | FOUND      | TMDB       | Uciekające kurczaki                      | uciekające kurczaki                      | P:yes B:-   L:yes M:yes
2026-08-29 04:09:21 | FOUND      | TMDB       | Natatorium                               | natatorium                               | P:yes B:-   L:-   M:yes
2026-08-29 04:09:21 | FOUND      | TMDB       | Co zostaje                               | co zostaje                               | P:yes B:-   L:-   M:yes
2026-08-29 04:09:21 | FOUND      | TMDB       | Hafekasi                                 | hafekasi                                 | P:yes B:-   L:-   M:yes
2026-08-29 04:09:22 | FOUND      | TMDB       | Good bye, Lenin                          | good bye, lenin                          | P:yes B:-   L:yes M:yes
2026-08-29 04:09:23 | FOUND      | TMDB       | Wyrwa                                    | wyrwa                                    | P:yes B:-   L:-   M:yes
2026-08-29 04:09:24 | FOUND      | TMDB       | Dumna królewna                           | dumna królewna                           | P:yes B:-   L:-   M:yes
2026-08-29 04:09:25 | NOT_FOUND  | TMDB/ELCIN | Piłka nożna: PKO BP Ekstraklasa: Górnik  | piłka nożna: pko bp ekstraklasa: górnik  | P:-   B:-   L:-   M:-  
2026-08-29 04:09:25 | FOUND      | TMDB       | Paweł z Ursynowa                         | paweł z ursynowa                         | P:yes B:-   L:-   M:yes
2026-08-29 04:09:25 | NOT_FOUND  | TMDB/ELCIN | Niewypowiedziana wojna 2 (odc. 3)        | niewypowiedziana wojna 2                 | P:-   B:-   L:-   M:-  
2026-08-29 04:09:28 | NOT_FOUND  | TMDB/ELCIN | W garniturach 3: odc.1                   | w garniturach 3                          | P:-   B:-   L:-   M:-  
2026-08-29 04:09:28 | FOUND      | TMDB       | Star Trek: Discovery 5: odc.6            | star trek: discovery 5                   | P:yes B:-   L:yes M:yes
2026-08-29 04:09:33 | NOT_FOUND  | TMDB/ELCIN | Cellar Stories: Najstarsza winorośl: odc | cellar stories: najstarsza winorośl      | P:-   B:-   L:-   M:-  
2026-08-29 04:09:33 | NOT_FOUND  | TMDB/ELCIN | Cellar Stories: Bliższy rzut oka na Port | cellar stories: bliższy rzut oka na port | P:-   B:-   L:-   M:-  
2026-08-29 04:09:33 | NOT_FOUND  | TMDB/ELCIN | Blind Tasting Sessions 3: Jessica i Pete | blind tasting sessions 3: jessica i pete | P:-   B:-   L:-   M:-  
2026-08-29 04:09:36 | FOUND      | TMDB       | Kruk. Szepty słychać po zmroku 1 (odc. 4 | kruk. szepty słychać po zmroku 1         | P:yes B:-   L:yes M:yes
2026-08-29 04:09:39 | NOT_FOUND  | TMDB/ELCIN | Ostrze żądne krwi                        | ostrze żądne krwi                        | P:-   B:-   L:-   M:-  
2026-08-29 04:09:40 | FOUND      | TMDB       | Podwodna bestia                          | podwodna bestia                          | P:yes B:-   L:yes M:yes
2026-08-29 04:09:41 | NOT_FOUND  | TMDB/ELCIN | Ostrze żądne krwi                        | ostrze żądne krwi                        | P:-   B:-   L:-   M:-  
2026-08-29 04:09:41 | NOT_FOUND  | TMDB/ELCIN | Ostrze żądne krwi                        | ostrze żądne krwi                        | P:-   B:-   L:-   M:-  
2026-08-29 04:09:42 | NOT_FOUND  | TMDB/ELCIN | W obiektywie: odc.11                     | w obiektywie                             | P:-   B:-   L:-   M:-  
2026-08-29 04:09:42 | NOT_FOUND  | TMDB/ELCIN | Najlepsi reżyserzy Hollywood 2: odc.20   | najlepsi reżyserzy hollywood 2           | P:-   B:-   L:-   M:-  
2026-08-29 04:09:49 | FOUND      | TMDB       | Non-Stop                                 | non-stop                                 | P:yes B:-   L:yes M:yes
2026-08-29 04:09:49 | FOUND      | TMDB       | Tata kontra tata                         | tata kontra tata                         | P:yes B:-   L:yes M:yes
2026-08-29 04:09:51 | NOT_FOUND  | TMDB/ELCIN | Zapomniana przeszłość                    | zapomniana przeszłość                    | P:-   B:-   L:-   M:-  
2026-08-29 04:09:51 | NOT_FOUND  | TMDB/ELCIN | Wrogie niebo 4: odc.1                    | wrogie niebo 4                           | P:-   B:-   L:-   M:-  
2026-08-29 04:09:51 | NOT_FOUND  | TMDB/ELCIN | Wrogie niebo 3: odc.10                   | wrogie niebo 3                           | P:-   B:-   L:-   M:-  
2026-08-29 04:09:52 | FOUND      | TMDB       | Psy i koty 3: Łapa w łapę                | psy i koty 3: łapa w łapę                | P:yes B:-   L:yes M:yes
2026-08-29 04:10:05 | FOUND      | TMDB       | Doc Martin 5 - ep.4                      | doc martin 5                             | P:yes B:-   L:-   M:yes
2026-08-29 04:10:06 | FOUND      | TMDB       | Una madre - 2 parte                      | una madre - 2 parte                      | P:yes B:-   L:-   M:yes
2026-08-29 04:10:06 | FOUND      | TMDB       | Una madre - 1 parte                      | una madre - 1 parte                      | P:yes B:-   L:-   M:yes
2026-08-29 04:10:08 | NOT_FOUND  | TMDB/ELCIN | L'amore fatale                           | l'amore fatale                           | P:-   B:-   L:-   M:-  
2026-08-29 04:10:09 | NOT_FOUND  | TMDB/ELCIN | Anica - Appuntamento al cinema           | anica - appuntamento al cinema           | P:-   B:-   L:-   M:-  
2026-08-29 04:10:12 | FOUND      | TMDB       | River Queen                              | river queen                              | P:yes B:-   L:-   M:yes
2026-08-29 04:10:12 | FOUND      | TMDB       | Zoom In 2: odc.8                         | zoom in 2                                | P:yes B:-   L:-   M:yes
2026-08-29 04:10:15 | FOUND      | TMDB       | SurrealEstate 2: odc.10                  | surrealestate 2                          | P:yes B:-   L:yes M:yes
2026-08-29 04:10:18 | NOT_FOUND  | TMDB/ELCIN | Morderstwo w Prowansji                   | morderstwo w prowansji                   | P:-   B:-   L:-   M:-  
2026-08-29 04:10:18 | NOT_FOUND  | TMDB/ELCIN | Morderstwo w Puy-En-Velay                | morderstwo w puy-en-velay                | P:-   B:-   L:-   M:-  
2026-08-29 04:10:18 | FOUND      | TMDB       | Balthazar 5: odc.1                       | balthazar 5                              | P:yes B:-   L:yes M:yes
2026-08-29 04:10:19 | FOUND      | TMDB       | Mentalista 7: odc.2                      | mentalista 7                             | P:yes B:-   L:yes M:yes
2026-08-29 04:10:24 | NOT_FOUND  | TMDB/ELCIN | Zamieszkać na plaży 7: odc.12            | zamieszkać na plaży 7                    | P:-   B:-   L:-   M:-  
2026-08-29 04:10:27 | FOUND      | TMDB       | Usterka 11: odc.29                       | usterka 11                               | P:yes B:-   L:-   M:yes
2026-08-29 04:10:27 | NOT_FOUND  | TMDB/ELCIN | Wiza na miłość: pierwsze spotkanie: odc. | wiza na miłość: pierwsze spotkanie       | P:-   B:-   L:-   M:-  
2026-08-29 04:10:30 | NOT_FOUND  | TMDB/ELCIN | Z pamiętnika położnej 12: odc.3          | z pamiętnika położnej 12                 | P:-   B:-   L:-   M:-  
2026-08-29 04:10:30 | NOT_FOUND  | TMDB/ELCIN | Morderstwa w Midsomer 16: odc.5          | morderstwa w midsomer 16                 | P:-   B:-   L:-   M:-  
2026-08-29 04:10:31 | FOUND      | TMDB       | Ojciec Brown 11: odc.4                   | ojciec brown 11                          | P:yes B:-   L:yes M:yes
2026-08-29 04:10:33 | NOT_FOUND  | TMDB/ELCIN | Samochód roku: odc.2                     | samochód roku                            | P:-   B:-   L:-   M:-  
2026-08-29 04:10:34 | FOUND      | TMDB       | Top Gear 14: odc.7                       | top gear 14                              | P:yes B:-   L:-   M:yes
2026-08-29 04:10:34 | FOUND      | TMDB       | Top Gear 17: odc.1                       | top gear 17                              | P:yes B:-   L:-   M:yes
2026-08-29 04:10:34 | FOUND      | TMDB       | W klatce                                 | w klatce                                 | P:yes B:-   L:-   M:yes
2026-08-29 04:10:34 | NOT_FOUND  | TMDB/ELCIN | Strażnik Teksasu 4: odc.1                | strażnik teksasu 4                       | P:-   B:-   L:-   M:-  
2026-08-29 04:10:35 | FOUND      | TMDB       | Strażnik Teksasu 3: odc.22               | strażnik teksasu 3                       | P:yes B:-   L:yes M:yes
2026-08-29 04:10:38 | FOUND      | TMDB       | Książę i ja: Królewskie wesele           | książę i ja: królewskie wesele           | P:yes B:-   L:-   M:yes
2026-08-29 04:10:40 | FOUND      | TMDB       | Panna Nikt                               | panna nikt                               | P:yes B:-   L:-   M:yes
2026-08-29 04:10:40 | FOUND      | TMDB       | Królowe ringu                            | królowe ringu                            | P:yes B:-   L:-   M:yes
2026-08-29 04:10:42 | NOT_FOUND  | TMDB/ELCIN | Guido Superbohater                       | guido superbohater                       | P:-   B:-   L:-   M:-  
2026-08-29 04:10:45 | NOT_FOUND  | TMDB/ELCIN | Gdy płoną lasy                           | gdy płoną lasy                           | P:-   B:-   L:-   M:-  
2026-08-29 04:10:45 | FOUND      | TMDB       | Ostatnia szansa ludzkości                | ostatnia szansa ludzkości                | P:yes B:-   L:-   M:yes
2026-08-29 04:10:45 | NOT_FOUND  | TMDB/ELCIN | Rodzina Steedów 2                        | rodzina steedów 2                        | P:-   B:-   L:-   M:-  
2026-08-29 04:10:48 | NOT_FOUND  | TMDB/ELCIN | Śladami Nazarina                         | śladami nazarina                         | P:-   B:-   L:-   M:-  
2026-08-29 04:10:48 | NOT_FOUND  | TMDB/ELCIN | Nowojorski port                          | nowojorski port                          | P:-   B:-   L:-   M:-  
2026-08-29 04:10:48 | NOT_FOUND  | TMDB/ELCIN | Ludzie pogranicza                        | ludzie pogranicza                        | P:-   B:-   L:-   M:-  
2026-08-29 04:11:30 | NOT_FOUND  | TMDB/ELCIN | Zabójcze umysły: odc.2                   | zabójcze umysły                          | P:-   B:-   L:-   M:-  
2026-08-29 04:11:30 | FOUND      | TMDB       | 9-1-1: Nashville: odc.7                  | 9-1-1: nashville                         | P:yes B:-   L:yes M:yes
2026-08-29 04:11:33 | NOT_FOUND  | TMDB/ELCIN | Diabli nadali: odc.8                     | diabli nadali                            | P:-   B:-   L:-   M:-  
2026-08-29 04:11:33 | NOT_FOUND  | TMDB/ELCIN | Jak poznałem waszą matkę 7: odc.13       | jak poznałem waszą matkę 7               | P:-   B:-   L:-   M:-  
2026-08-29 04:11:33 | FOUND      | TMDB       | Jim wie lepiej 2: odc.23                 | jim wie lepiej 2                         | P:yes B:-   L:yes M:yes
2026-08-29 04:11:37 | NOT_FOUND  | TMDB/ELCIN | The Daily Show 30: Gość wieczoru: Maria  | the daily show 30: gość wieczoru: maria  | P:-   B:-   L:-   M:-  
2026-08-29 04:11:37 | NOT_FOUND  | TMDB/ELCIN | Śmieszniej nie będzie 6: Pęknięcie: odc. | śmieszniej nie będzie 6: pęknięcie       | P:-   B:-   L:-   M:-  
2026-08-29 04:11:37 | NOT_FOUND  | TMDB/ELCIN | Śmieszniej nie będzie 6: Wystrzał: odc.1 | śmieszniej nie będzie 6: wystrzał        | P:-   B:-   L:-   M:-  
2026-08-29 04:11:39 | NOT_FOUND  | TMDB/ELCIN | Blok promocyjny AXN                      | blok promocyjny axn                      | P:-   B:-   L:-   M:-  
2026-08-29 04:11:39 | NOT_FOUND  | TMDB/ELCIN | CSI: Kryminalne zagadki Las Vegas 7: odc | csi: kryminalne zagadki las vegas 7      | P:-   B:-   L:-   M:-  
2026-08-29 04:11:39 | NOT_FOUND  | TMDB/ELCIN | CSI: Kryminalne zagadki Las Vegas 6: odc | csi: kryminalne zagadki las vegas 6      | P:-   B:-   L:-   M:-  
2026-08-29 04:11:40 | FOUND      | TMDB       | Agenci NCIS: Hawaje 2: odc.22            | agenci ncis: hawaje 2                    | P:yes B:-   L:yes M:yes
2026-08-29 04:11:42 | NOT_FOUND  | TMDB/ELCIN | Blok promocyjny AXN White                | blok promocyjny axn white                | P:-   B:-   L:-   M:-  
2026-08-29 04:11:42 | NOT_FOUND  | TMDB/ELCIN | Dowody zbrodni 5: odc.12                 | dowody zbrodni 5                         | P:-   B:-   L:-   M:-  
2026-08-29 04:11:42 | FOUND      | TMDB       | I kto to mówi 2                          | i kto to mówi 2                          | P:yes B:-   L:yes M:yes
2026-08-29 04:11:43 | NOT_FOUND  | TMDB/ELCIN | Zaklinacze koni 6: odc.10                | zaklinacze koni 6                        | P:-   B:-   L:-   M:-  
2026-08-29 04:11:44 | NOT_FOUND  | TMDB/ELCIN | Blok promocyjny AXN Black                | blok promocyjny axn black                | P:-   B:-   L:-   M:-  
2026-08-29 04:11:44 | FOUND      | TMDB       | Ekstradycja 3: odc.4                     | ekstradycja 3                            | P:yes B:-   L:yes M:yes
2026-08-29 04:11:45 | FOUND      | TMDB       | Seal Team 7: odc.9                       | seal team 7                              | P:yes B:-   L:yes M:yes
2026-08-29 04:11:47 | NOT_FOUND  | TMDB/ELCIN | Blok promocyjny AXN Spin                 | blok promocyjny axn spin                 | P:-   B:-   L:-   M:-  
2026-08-29 04:11:47 | FOUND      | TMDB       | Kobra - oddział specjalny 18: odc.9      | kobra - oddział specjalny 18             | P:yes B:-   L:-   M:yes
2026-08-29 04:11:48 | NOT_FOUND  | TMDB/ELCIN | Słoneczny patrol 5: odc.13               | słoneczny patrol 5                       | P:-   B:-   L:-   M:-  
2026-08-29 04:11:50 | NOT_FOUND  | TMDB/ELCIN | Zatraceni w miłości: odc.66              | zatraceni w miłości                      | P:-   B:-   L:-   M:-  
2026-08-29 04:11:50 | NOT_FOUND  | TMDB/ELCIN | Detektyw Murdoch 18: odc.18              | detektyw murdoch 18                      | P:-   B:-   L:-   M:-  
2026-08-29 04:11:51 | FOUND      | TMDB       | Poirot 9: odc.1                          | poirot 9                                 | P:yes B:-   L:yes M:yes
2026-08-29 04:11:52 | NOT_FOUND  | TMDB/ELCIN | I Cavalieri dello Zodiaco: Saint Seya -  | i cavalieri dello zodiaco: saint seya -  | P:-   B:-   L:-   M:-  
2026-08-29 04:11:54 | FOUND      | TMDB       | Belli Freschi                            | belli freschi                            | P:yes B:-   L:-   M:yes
2026-08-29 04:11:57 | FOUND      | TMDB       | Casa dolce casa                          | casa dolce casa                          | P:yes B:-   L:-   M:yes
2026-08-29 04:11:58 | FOUND      | TMDB       | Elena si, ma... di Troia                 | elena si, ma... di troia                 | P:yes B:-   L:-   M:yes
2026-08-29 04:11:58 | FOUND      | TMDB       | Adulterio all'italiana                   | adulterio all'italiana                   | P:yes B:-   L:-   M:yes
2026-08-29 04:12:01 | NOT_FOUND  | TMDB/ELCIN | Ripudiata                                | ripudiata                                | P:-   B:-   L:-   M:-  
2026-08-29 04:12:02 | FOUND      | TMDB       | Club Life                                | club life                                | P:yes B:-   L:-   M:yes
2026-08-29 04:12:05 | NOT_FOUND  | TMDB/ELCIN | R.I.S. 5 Delitti imperfetti              | r.i.s. 5 delitti imperfetti              | P:-   B:-   L:-   M:-  
2026-08-29 04:12:07 | NOT_FOUND  | TMDB/ELCIN | Złoty interes 2: Prywatne zoo: odc.5     | złoty interes 2: prywatne zoo            | P:-   B:-   L:-   M:-  
2026-08-29 04:12:07 | FOUND      | TMDB       | Skazany na bluesa                        | skazany na bluesa                        | P:yes B:-   L:-   M:yes
2026-08-29 04:12:07 | NOT_FOUND  | TMDB/ELCIN | Rzemiosła świata według Orskiej: Maroko  | rzemiosła świata według orskiej: maroko  | P:-   B:-   L:-   M:-  
2026-08-29 04:12:07 | FOUND      | TMDB       | Och! Kabaret 2: odc.1                    | och! kabaret 2                           | P:yes B:-   L:-   M:yes
2026-08-29 04:12:09 | FOUND      | TMDB       | Nowa Maja w ogrodzie 6: odc.10           | nowa maja w ogrodzie 6                   | P:yes B:-   L:-   M:yes
2026-08-29 04:12:09 | NOT_FOUND  | TMDB/ELCIN | Strażacy 24h: odc.5                      | strażacy 24h                             | P:-   B:-   L:-   M:-  
2026-08-29 04:12:11 | FOUND      | TMDB       | Ekstradycja 2: odc.2                     | ekstradycja 2                            | P:yes B:-   L:yes M:yes
2026-08-29 04:12:11 | FOUND      | TMDB       | Komisarz Rex 6: odc.5                    | komisarz rex 6                           | P:yes B:-   L:-   M:yes
2026-08-29 04:12:13 | NOT_FOUND  | TMDB/ELCIN | Wiosenne dzieci                          | wiosenne dzieci                          | P:-   B:-   L:-   M:-  
2026-08-29 04:12:13 | NOT_FOUND  | TMDB/ELCIN | Rejs ku szczęściu - Podróż poślubna do Z | rejs ku szczęściu - podróż poślubna do z | P:-   B:-   L:-   M:-  
2026-08-29 04:12:15 | FOUND      | TMDB       | Rozmowy kontrolowane                     | rozmowy kontrolowane                     | P:yes B:-   L:-   M:yes
2026-08-29 04:12:15 | NOT_FOUND  | TMDB/ELCIN | Ale cyrk: odc.4                          | ale cyrk                                 | P:-   B:-   L:-   M:-  
2026-08-29 04:12:15 | NOT_FOUND  | TMDB/ELCIN | Coś śmiesznego: Kabaret Młodych Panów: o | coś śmiesznego: kabaret młodych panów    | P:-   B:-   L:-   M:-  
2026-08-29 04:12:18 | NOT_FOUND  | TMDB/ELCIN | Róże i grzechy 1 (odc. 48)               | róże i grzechy 1                         | P:-   B:-   L:-   M:-  
2026-08-29 04:12:18 | FOUND      | TMDB       | Doménica Montero 1 (odc. 15)             | doménica montero 1                       | P:yes B:-   L:-   M:yes
2026-08-29 04:12:18 | NOT_FOUND  | TMDB/ELCIN | Otchłań namiętności 1 (odc. 150)         | otchłań namiętności 1                    | P:-   B:-   L:-   M:-  
2026-08-29 04:12:20 | NOT_FOUND  | TMDB/ELCIN | TV okazje: odc.83                        | tv okazje                                | P:-   B:-   L:-   M:-  
2026-08-29 04:12:22 | NOT_FOUND  | TMDB/ELCIN | Morderstwa w Midsomer 24: odc.4          | morderstwa w midsomer 24                 | P:-   B:-   L:-   M:-  
2026-08-29 04:12:22 | NOT_FOUND  | TMDB/ELCIN | Inspektor Vera 5: odc.3                  | inspektor vera 5                         | P:-   B:-   L:-   M:-  
2026-08-29 04:12:22 | NOT_FOUND  | TMDB/ELCIN | Mistrzowie Kabaretu 2: Kabaret pod Wyrwi | mistrzowie kabaretu 2: kabaret pod wyrwi | P:-   B:-   L:-   M:-  
2026-08-29 04:12:22 | NOT_FOUND  | TMDB/ELCIN | Makłowicz w podróży: Hiszpania - Almeria | makłowicz w podróży: hiszpania - almeria | P:-   B:-   L:-   M:-  
2026-08-29 04:12:22 | NOT_FOUND  | TMDB/ELCIN | Makłowicz w podróży: Hiszpania - Murcia: | makłowicz w podróży: hiszpania - murcia  | P:-   B:-   L:-   M:-  
2026-08-29 04:12:24 | FOUND      | TMDB       | Kojak 5: odc.19                          | kojak 5                                  | P:yes B:-   L:-   M:yes
2026-08-29 04:12:24 | NOT_FOUND  | TMDB/ELCIN | Hity polskiego kabaretu 7: odc.9         | hity polskiego kabaretu 7                | P:-   B:-   L:-   M:-  
2026-08-29 04:12:26 | FOUND      | TMDB       | Ślad: odc.40                             | ślad                                     | P:yes B:-   L:-   M:yes
2026-08-29 04:12:29 | FOUND      | TMDB       | Akademik: odc.28                         | akademik                                 | P:yes B:-   L:-   M:yes
2026-08-29 04:12:30 | FOUND      | TMDB       | Święty: odc.197                          | święty                                   | P:yes B:-   L:-   M:yes
2026-08-29 04:12:34 | FOUND      | TMDB       | Ranczo 1 (odc. 9)                        | ranczo 1                                 | P:yes B:-   L:-   M:yes
2026-08-29 04:12:34 | FOUND      | TMDB       | Komisarz Alex 25 (odc. 12)               | komisarz alex 25                         | P:yes B:-   L:-   M:yes
2026-08-29 04:12:35 | NOT_FOUND  | TMDB/ELCIN | Djali me zemrën mekanike                 | djali me zemrën mekanike                 | P:-   B:-   L:-   M:-  
2026-08-29 04:12:35 | NOT_FOUND  | TMDB/ELCIN | Pothuajse të famshëm                     | pothuajse të famshëm                     | P:-   B:-   L:-   M:-  
2026-08-29 04:12:35 | NOT_FOUND  | TMDB/ELCIN | Raja dhe dragoi i fundit                 | raja dhe dragoi i fundit                 | P:-   B:-   L:-   M:-  
2026-08-29 04:12:35 | NOT_FOUND  | TMDB/ELCIN | Haçiko, miku më i mirë                   | haçiko, miku më i mirë                   | P:-   B:-   L:-   M:-  
2026-08-29 04:12:35 | NOT_FOUND  | TMDB/ELCIN | Grabitje në tre kufij                    | grabitje në tre kufij                    | P:-   B:-   L:-   M:-  
2026-08-29 04:12:37 | NOT_FOUND  | TMDB/ELCIN | Një këngë për jetën                      | një këngë për jetën                      | P:-   B:-   L:-   M:-  
2026-08-29 04:12:37 | NOT_FOUND  | TMDB/ELCIN | Krijesa veçanërisht të zgjuara           | krijesa veçanërisht të zgjuara           | P:-   B:-   L:-   M:-  
2026-08-29 04:12:37 | NOT_FOUND  | TMDB/ELCIN | Dora në kërkim të thesarit               | dora në kërkim të thesarit               | P:-   B:-   L:-   M:-  
2026-08-29 04:12:37 | NOT_FOUND  | TMDB/ELCIN | Filmi i Frikshëm                         | filmi i frikshëm                         | P:-   B:-   L:-   M:-  
2026-08-29 04:12:39 | NOT_FOUND  | TMDB/ELCIN | Hallouin 2                               | hallouin 2                               | P:-   B:-   L:-   M:-  
2026-08-29 04:12:39 | NOT_FOUND  | TMDB/ELCIN | Ana tjetër e seksit                      | ana tjetër e seksit                      | P:-   B:-   L:-   M:-  
2026-08-29 04:12:39 | NOT_FOUND  | TMDB/ELCIN | Këndvështrimet e një krimi               | këndvështrimet e një krimi               | P:-   B:-   L:-   M:-  
2026-08-29 04:12:39 | NOT_FOUND  | TMDB/ELCIN | Për një klasë më të mirë                 | për një klasë më të mirë                 | P:-   B:-   L:-   M:-  
2026-08-29 04:12:44 | NOT_FOUND  | TMDB/ELCIN | Makineria e luftës                       | makineria e luftës                       | P:-   B:-   L:-   M:-  
2026-08-29 04:12:44 | NOT_FOUND  | TMDB/ELCIN | Mrekullia                                | mrekullia                                | P:-   B:-   L:-   M:-  
2026-08-29 04:12:44 | NOT_FOUND  | TMDB/ELCIN | Fajkoi prej gjalpë kikiriku              | fajkoi prej gjalpë kikiriku              | P:-   B:-   L:-   M:-  
2026-08-29 04:12:46 | NOT_FOUND  | TMDB/ELCIN | Jashtë ligjit                            | jashtë ligjit                            | P:-   B:-   L:-   M:-  
2026-08-29 04:12:46 | NOT_FOUND  | TMDB/ELCIN | 1911 Revolucioni                         | 1911 revolucioni                         | P:-   B:-   L:-   M:-  
2026-08-29 04:12:46 | NOT_FOUND  | TMDB/ELCIN | Ndjekja                                  | ndjekja                                  | P:-   B:-   L:-   M:-  
2026-08-29 04:12:46 | NOT_FOUND  | TMDB/ELCIN | Shenjat e tërbimit                       | shenjat e tërbimit                       | P:-   B:-   L:-   M:-  
2026-08-29 04:12:46 | NOT_FOUND  | TMDB/ELCIN | Fuqia e medias                           | fuqia e medias                           | P:-   B:-   L:-   M:-  
2026-08-29 04:12:48 | NOT_FOUND  | TMDB/ELCIN | Si të mashtrosh shefin                   | si të mashtrosh shefin                   | P:-   B:-   L:-   M:-  
2026-08-29 04:12:48 | NOT_FOUND  | TMDB/ELCIN | Të dalldisur                             | të dalldisur                             | P:-   B:-   L:-   M:-  
2026-08-29 04:12:49 | NOT_FOUND  | TMDB/ELCIN | I fejuari im i rremë                     | i fejuari im i rremë                     | P:-   B:-   L:-   M:-  
2026-08-29 04:12:49 | NOT_FOUND  | TMDB/ELCIN | Atëherë kur nuk e pret                   | atëherë kur nuk e pret                   | P:-   B:-   L:-   M:-  
2026-08-29 04:12:49 | NOT_FOUND  | TMDB/ELCIN | Në baladën e dashurisë                   | në baladën e dashurisë                   | P:-   B:-   L:-   M:-  
2026-08-29 04:12:52 | NOT_FOUND  | TMDB/ELCIN | Perandoria                               | perandoria                               | P:-   B:-   L:-   M:-  
2026-08-29 04:12:55 | FOUND      | TMDB       | Hije që mbeten pas                       | hije që mbeten pas                       | P:yes B:-   L:-   M:yes
2026-08-29 04:12:55 | NOT_FOUND  | TMDB/ELCIN | Madame Blavatsky jeton                   | madame blavatsky jeton                   | P:-   B:-   L:-   M:-  
2026-08-29 04:12:59 | NOT_FOUND  | TMDB/ELCIN | Director1s Short Cut I (6)               | director1s short cut                     | P:-   B:-   L:-   M:-  
2026-08-29 04:13:01 | NOT_FOUND  | TMDB/ELCIN | Atlas oblaka, film                       | atlas oblaka                             | P:-   B:-   L:-   M:-  
2026-08-29 04:13:05 | NOT_FOUND  | TMDB/ELCIN | Djeca čovječanstva                       | djeca čovječanstva                       | P:-   B:-   L:-   M:-  
2026-08-29 04:13:05 | FOUND      | TMDB       | Fokus                                    | fokus                                    | P:yes B:-   L:-   M:yes
2026-08-29 04:13:05 | NOT_FOUND  | TMDB/ELCIN | Zla smrt: Buđenje, film                  | zla smrt: buđenje                        | P:-   B:-   L:-   M:-  
2026-08-29 04:13:06 | NOT_FOUND  | TMDB/ELCIN | Hollywood: Na snimanju 23, ep. 35.       | hollywood: na snimanju 23                | P:-   B:-   L:-   M:-  
2026-08-29 04:13:06 | FOUND      | TMDB       | GOAT: Okus pobjede                       | goat: okus pobjede                       | P:yes B:-   L:yes M:yes
2026-08-29 04:13:08 | NOT_FOUND  | TMDB/ELCIN | Tvorac                                   | tvorac                                   | P:-   B:-   L:-   M:-  
2026-08-29 04:13:08 | NOT_FOUND  | TMDB/ELCIN | Kraljevstvo nebesko                      | kraljevstvo nebesko                      | P:-   B:-   L:-   M:-  
2026-08-29 04:13:08 | NOT_FOUND  | TMDB/ELCIN | Ljetna škola 2001.                       | ljetna škola 2001                        | P:-   B:-   L:-   M:-  
2026-08-29 04:13:10 | NOT_FOUND  | TMDB/ELCIN | Tvorac, film                             | tvorac                                   | P:-   B:-   L:-   M:-  
2026-08-29 04:13:10 | NOT_FOUND  | TMDB/ELCIN | Kraljevstvo nebesko, film                | kraljevstvo nebesko                      | P:-   B:-   L:-   M:-  
2026-08-29 04:13:10 | NOT_FOUND  | TMDB/ELCIN | Ljetna škola 2001.                       | ljetna škola 2001                        | P:-   B:-   L:-   M:-  
2026-08-29 04:13:10 | NOT_FOUND  | TMDB/ELCIN | Tvorac, film                             | tvorac                                   | P:-   B:-   L:-   M:-  
2026-08-29 04:13:12 | NOT_FOUND  | TMDB/ELCIN | Clerks 3: Muži za pultem                 | clerks 3: muži za pultem                 | P:-   B:-   L:-   M:-  
2026-08-29 04:13:12 | FOUND      | TMDB       | Gentleman Jack II (3)                    | gentleman jack                           | P:yes B:-   L:-   M:yes
2026-08-29 04:13:14 | NOT_FOUND  | TMDB/ELCIN | Trgovci 3                                | trgovci 3                                | P:-   B:-   L:-   M:-  
2026-08-29 04:13:14 | NOT_FOUND  | TMDB/ELCIN | Veliko hrabro predivno putovanje         | veliko hrabro predivno putovanje         | P:-   B:-   L:-   M:-  
2026-08-29 04:13:14 | NOT_FOUND  | TMDB/ELCIN | Špijunka                                 | špijunka                                 | P:-   B:-   L:-   M:-  
2026-08-29 04:13:14 | NOT_FOUND  | TMDB/ELCIN | Mrgud se zaljubio                        | mrgud se zaljubio                        | P:-   B:-   L:-   M:-  
2026-08-29 04:13:14 | NOT_FOUND  | TMDB/ELCIN | Trgovci 2, film                          | trgovci 2                                | P:-   B:-   L:-   M:-  
2026-08-29 04:13:20 | NOT_FOUND  | TMDB/ELCIN | Pobuna u kokošinjcu, film                | pobuna u kokošinjcu                      | P:-   B:-   L:-   M:-  
2026-08-29 04:13:20 | NOT_FOUND  | TMDB/ELCIN | Do kraja života, film                    | do kraja života                          | P:-   B:-   L:-   M:-  
2026-08-29 04:13:23 | FOUND      | TMDB       | Natatorij                                | natatorij                                | P:yes B:-   L:-   M:yes
2026-08-29 04:13:23 | NOT_FOUND  | TMDB/ELCIN | Zbogom, Lenjine                          | zbogom, lenjine                          | P:-   B:-   L:-   M:-  
2026-08-29 04:13:23 | NOT_FOUND  | TMDB/ELCIN | Mješanka                                 | mješanka                                 | P:-   B:-   L:-   M:-  
2026-08-29 04:13:23 | NOT_FOUND  | TMDB/ELCIN | Ono što ostaje                           | ono što ostaje                           | P:-   B:-   L:-   M:-  
2026-08-29 04:13:24 | NOT_FOUND  | TMDB/ELCIN | Ono što ostaje, film                     | ono što ostaje                           | P:-   B:-   L:-   M:-  
2026-08-29 04:13:24 | FOUND      | TMDB       | Natatorij, film                          | natatorij                                | P:yes B:-   L:-   M:yes
2026-08-29 04:13:24 | NOT_FOUND  | TMDB/ELCIN | Zbogom, Lenjine                          | zbogom, lenjine                          | P:-   B:-   L:-   M:-  
2026-08-29 04:13:24 | NOT_FOUND  | TMDB/ELCIN | Mješanka                                 | mješanka                                 | P:-   B:-   L:-   M:-  
2026-08-29 04:13:24 | FOUND      | TMDB       | Natatorij, film                          | natatorij                                | P:yes B:-   L:-   M:yes
2026-08-29 04:13:26 | NOT_FOUND  | TMDB/ELCIN | Knjiga ljubavi                           | knjiga ljubavi                           | P:-   B:-   L:-   M:-  
2026-08-29 04:13:26 | NOT_FOUND  | TMDB/ELCIN | U iščekivanju Bojanglesa                 | u iščekivanju bojanglesa                 | P:-   B:-   L:-   M:-  
2026-08-29 04:13:26 | NOT_FOUND  | TMDB/ELCIN | KOLAŽ PROGRAM                            | kolaž program                            | P:-   B:-   L:-   M:-  
2026-08-29 04:13:26 | NOT_FOUND  | TMDB/ELCIN | Muškarci koji mrze žene, film            | muškarci koji mrze žene                  | P:-   B:-   L:-   M:-  
2026-08-29 04:13:28 | NOT_FOUND  | TMDB/ELCIN | Kolažni program                          | kolažni program                          | P:-   B:-   L:-   M:-  
2026-08-29 04:13:28 | NOT_FOUND  | TMDB/ELCIN | Moj briljantni razvod                    | moj briljantni razvod                    | P:-   B:-   L:-   M:-  
2026-08-29 04:13:28 | NOT_FOUND  | TMDB/ELCIN | Mesečev pad                              | mesečev pad                              | P:-   B:-   L:-   M:-  
2026-08-29 04:13:29 | NOT_FOUND  | TMDB/ELCIN | Težina uvjerenja, film                   | težina uvjerenja                         | P:-   B:-   L:-   M:-  
2026-08-29 04:13:30 | NOT_FOUND  | TMDB/ELCIN | KOLAŽ PROGRAM                            | kolaž program                            | P:-   B:-   L:-   M:-  
2026-08-29 04:13:30 | FOUND      | TMDB       | Gunman, film                             | gunman                                   | P:yes B:-   L:-   M:yes
2026-08-29 04:13:30 | NOT_FOUND  | TMDB/ELCIN | Majstori iluzije, film                   | majstori iluzije                         | P:-   B:-   L:-   M:-  
2026-08-29 04:13:30 | NOT_FOUND  | TMDB/ELCIN | Majstori iluzije 2, film                 | majstori iluzije 2                       | P:-   B:-   L:-   M:-  
2026-08-29 04:13:33 | NOT_FOUND  | TMDB/ELCIN | KOLAŽ PROGRAM                            | kolaž program                            | P:-   B:-   L:-   M:-  
2026-08-29 04:13:33 | NOT_FOUND  | TMDB/ELCIN | Veliko plavetnilo, film                  | veliko plavetnilo                        | P:-   B:-   L:-   M:-  
2026-08-29 04:13:33 | NOT_FOUND  | TMDB/ELCIN | Ratna sjekira, film                      | ratna sjekira                            | P:-   B:-   L:-   M:-  
2026-08-29 04:13:35 | NOT_FOUND  | TMDB/ELCIN | KOLAŽ PROGRAM                            | kolaž program                            | P:-   B:-   L:-   M:-  
2026-08-29 04:13:36 | NOT_FOUND  | TMDB/ELCIN | Sestre zauvijek, film                    | sestre zauvijek                          | P:-   B:-   L:-   M:-  
2026-08-29 04:13:36 | NOT_FOUND  | TMDB/ELCIN | Zlatokljunko, film                       | zlatokljunko                             | P:-   B:-   L:-   M:-  
2026-08-29 04:13:36 | FOUND      | TMDB       | The Sapphires, film                      | the sapphires                            | P:yes B:-   L:yes M:yes
2026-08-29 04:13:36 | FOUND      | TMDB       | Savršen plan, film                       | savršen plan                             | P:yes B:-   L:yes M:yes
2026-08-29 04:13:38 | FOUND      | TMDB       | Posledná hranica                         | posledná hranica                         | P:yes B:-   L:-   M:yes
2026-08-29 04:13:39 | FOUND      | TMDB       | Prípitok                                 | prípitok                                 | P:yes B:-   L:-   M:yes
2026-08-29 04:13:40 | NOT_FOUND  | TMDB/ELCIN | Ulica nade                               | ulica nade                               | P:-   B:-   L:-   M:-  
2026-08-29 04:13:40 | NOT_FOUND  | TMDB/ELCIN | Velečasni Brown                          | velečasni brown                          | P:-   B:-   L:-   M:-  
2026-08-29 04:13:44 | NOT_FOUND  | TMDB/ELCIN | Bez riječi, film                         | bez riječi                               | P:-   B:-   L:-   M:-  
2026-08-29 04:13:44 | NOT_FOUND  | TMDB/ELCIN | Pod kontrolom, film                      | pod kontrolom                            | P:-   B:-   L:-   M:-  
2026-08-29 04:13:44 | NOT_FOUND  | TMDB/ELCIN | Kako spasiti planet, film                | kako spasiti planet                      | P:-   B:-   L:-   M:-  
2026-08-29 04:13:44 | NOT_FOUND  | TMDB/ELCIN | Izokrenuti životi, film                  | izokrenuti životi                        | P:-   B:-   L:-   M:-  
2026-08-29 04:13:44 | NOT_FOUND  | TMDB/ELCIN | Ubit ću te za dolar, film                | ubit ću te za dolar                      | P:-   B:-   L:-   M:-  
2026-08-29 04:13:47 | FOUND      | TMDB       | Spider-Man 3, film                       | spider-man 3                             | P:yes B:-   L:yes M:yes
2026-08-29 04:13:47 | NOT_FOUND  | TMDB/ELCIN | Vrijeme osvete, film                     | vrijeme osvete                           | P:-   B:-   L:-   M:-  
2026-08-29 04:13:47 | FOUND      | TMDB       | Spider-Man, film                         | spider-man                               | P:yes B:-   L:yes M:yes
2026-08-29 04:13:47 | NOT_FOUND  | TMDB/ELCIN | Vjetar u vrbama, film                    | vjetar u vrbama                          | P:-   B:-   L:-   M:-  
2026-08-29 04:13:47 | FOUND      | TMDB       | Avanture gospodina Peabodya i Shermana,  | avanture gospodina peabodya i shermana   | P:yes B:-   L:yes M:yes
2026-08-29 04:13:50 | FOUND      | TMDB       | My Best Friend's Wedding                 | my best friend's wedding                 | P:yes B:-   L:yes M:yes
2026-08-29 04:13:51 | NOT_FOUND  | TMDB/ELCIN | FBI: Međunarodni slučajevi               | fbi: međunarodni slučajevi               | P:-   B:-   L:-   M:-  
2026-08-29 04:13:51 | NOT_FOUND  | TMDB/ELCIN | Havaji 5-0                               | havaji 5-0                               | P:-   B:-   L:-   M:-  
2026-08-29 04:13:52 | NOT_FOUND  | TMDB/ELCIN | Malkolm u sredini                        | malkolm u sredini                        | P:-   B:-   L:-   M:-  
2026-08-29 04:13:55 | NOT_FOUND  | TMDB/ELCIN | Crveno nebo                              | crveno nebo                              | P:-   B:-   L:-   M:-  
2026-08-29 04:13:55 | NOT_FOUND  | TMDB/ELCIN | Pirati sa Velikog Slanog Jezera          | pirati sa velikog slanog jezera          | P:-   B:-   L:-   M:-  
2026-08-29 04:13:55 | NOT_FOUND  | TMDB/ELCIN | Družina iz šugar krika: Tajno sklonište  | družina iz šugar krika: tajno sklonište  | P:-   B:-   L:-   M:-  
2026-08-29 04:13:55 | FOUND      | TMDB       | Na kraju sveta                           | na kraju sveta                           | P:yes B:-   L:-   M:yes
2026-08-29 04:13:55 | NOT_FOUND  | TMDB/ELCIN | Moli Mun i čudesna knjiga hipnotizma     | moli mun i čudesna knjiga hipnotizma     | P:-   B:-   L:-   M:-  
2026-08-29 04:13:58 | NOT_FOUND  | TMDB/ELCIN | Odavno mrtav                             | odavno mrtav                             | P:-   B:-   L:-   M:-  
2026-08-29 04:13:58 | NOT_FOUND  | TMDB/ELCIN | Noćna tabla                              | noćna tabla                              | P:-   B:-   L:-   M:-  
2026-08-29 04:13:58 | NOT_FOUND  | TMDB/ELCIN | Iščekujući                               | iščekujući                               | P:-   B:-   L:-   M:-  
2026-08-29 04:13:58 | NOT_FOUND  | TMDB/ELCIN | Draga Elizabet                           | draga elizabet                           | P:-   B:-   L:-   M:-  
2026-08-29 04:13:58 | NOT_FOUND  | TMDB/ELCIN | Hajdi                                    | hajdi                                    | P:-   B:-   L:-   M:-  
2026-08-29 04:14:00 | NOT_FOUND  | TMDB/ELCIN | Noćna tabla                              | noćna tabla                              | P:-   B:-   L:-   M:-  
2026-08-29 04:14:00 | NOT_FOUND  | TMDB/ELCIN | Izabrana porodica                        | izabrana porodica                        | P:-   B:-   L:-   M:-  
2026-08-29 04:14:00 | NOT_FOUND  | TMDB/ELCIN | Obožavam te!                             | obožavam te!                             | P:-   B:-   L:-   M:-  
2026-08-29 04:14:00 | NOT_FOUND  | TMDB/ELCIN | Siromašne bogatašice                     | siromašne bogatašice                     | P:-   B:-   L:-   M:-  
2026-08-29 04:14:01 | NOT_FOUND  | TMDB/ELCIN | Kamp snova                               | kamp snova                               | P:-   B:-   L:-   M:-  
2026-08-29 04:14:03 | FOUND      | TMDB       | Following Nazarin                        | following nazarin                        | P:yes B:-   L:-   M:yes
2026-08-29 04:14:03 | FOUND      | TMDB       | The Frontiersmen                         | the frontiersmen                         | P:yes B:-   L:-   M:yes
2026-08-29 04:14:07 | NOT_FOUND  | TMDB/ELCIN | Hakmarrja                                | hakmarrja                                | P:-   B:-   L:-   M:-  
2026-08-29 04:14:07 | NOT_FOUND  | TMDB/ELCIN | Dasma e mikut tim më të mirë             | dasma e mikut tim më të mirë             | P:-   B:-   L:-   M:-  
2026-08-29 04:14:11 | NOT_FOUND  | TMDB/ELCIN | Gledajte na Pickbox NOW                  | gledajte na pickbox now                  | P:-   B:-   L:-   M:-  
2026-08-29 04:14:11 | NOT_FOUND  | TMDB/ELCIN | Crveni kralj, ep. 6. serija              | crveni kralj                             | P:-   B:-   L:-   M:-  
2026-08-29 04:14:11 | NOT_FOUND  | TMDB/ELCIN | Blenheim: Najveća britanska palača, ep.  | blenheim: najveća britanska palača       | P:-   B:-   L:-   M:-  
2026-08-29 04:14:12 | FOUND      | TMDB       | Inspektor Morse 11, ep. 1. serija        | inspektor morse 11                       | P:yes B:-   L:-   M:yes
2026-08-29 04:14:13 | NOT_FOUND  | TMDB/ELCIN | Gledajte na Pickbox NOW PROMO, ep. 5.    | gledajte na pickbox now promo            | P:-   B:-   L:-   M:-  
2026-08-29 04:14:13 | NOT_FOUND  | TMDB/ELCIN | Kupili smo vinograd, ep. 10.             | kupili smo vinograd                      | P:-   B:-   L:-   M:-  
2026-08-29 04:14:14 | FOUND      | TMDB       | Ljetnikovac 8, ep. 12.                   | ljetnikovac 8                            | P:yes B:-   L:-   M:yes
2026-08-29 04:14:14 | NOT_FOUND  | TMDB/ELCIN | Veliki britanski jelovnik 20, ep. 6.     | veliki britanski jelovnik 20             | P:-   B:-   L:-   M:-  
2026-08-29 04:14:14 | FOUND      | TMDB       | Inspektor Morse 11, ep. 1. serija        | inspektor morse 11                       | P:yes B:-   L:-   M:yes
2026-08-29 04:14:14 | NOT_FOUND  | TMDB/ELCIN | Crveni kralj, ep. 6. serija              | crveni kralj                             | P:-   B:-   L:-   M:-  
2026-08-29 04:14:14 | NOT_FOUND  | TMDB/ELCIN | Gledajte na Pickbox NOW                  | gledajte na pickbox now                  | P:-   B:-   L:-   M:-  
2026-08-29 04:14:15 | NOT_FOUND  | TMDB/ELCIN | Blenheim: Najveća britanska palača, ep.  | blenheim: najveća britanska palača       | P:-   B:-   L:-   M:-  
2026-08-29 04:14:15 | FOUND      | TMDB       | Inspektor Morse 11, ep. 1. serija        | inspektor morse 11                       | P:yes B:-   L:-   M:yes
2026-08-29 04:14:16 | NOT_FOUND  | TMDB/ELCIN | Veliki britanski jelovnik 20, ep. 6.     | veliki britanski jelovnik 20             | P:-   B:-   L:-   M:-  
2026-08-29 04:14:16 | NOT_FOUND  | TMDB/ELCIN | Veliki britanski jelovnik 20, ep. 6.     | veliki britanski jelovnik 20             | P:-   B:-   L:-   M:-  
2026-08-29 04:14:16 | NOT_FOUND  | TMDB/ELCIN | Kupili smo vinograd, ep. 10.             | kupili smo vinograd                      | P:-   B:-   L:-   M:-  
2026-08-29 04:14:16 | NOT_FOUND  | TMDB/ELCIN | Gledajte na Pickbox NOW PROMO, ep. 5.    | gledajte na pickbox now promo            | P:-   B:-   L:-   M:-  
2026-08-29 04:14:16 | NOT_FOUND  | TMDB/ELCIN | Veliki britanski jelovnik 20, ep. 6.     | veliki britanski jelovnik 20             | P:-   B:-   L:-   M:-  
2026-08-29 04:14:21 | NOT_FOUND  | TMDB/ELCIN | Dnevnik Nove TV                          | dnevnik nove tv                          | P:-   B:-   L:-   M:-  
2026-08-29 04:14:21 | NOT_FOUND  | TMDB/ELCIN | Astro savjetnik                          | astro savjetnik                          | P:-   B:-   L:-   M:-  
2026-08-29 04:14:22 | FOUND      | TMDB       | Kung fu 2, ep. 4. serija                 | kung fu 2                                | P:yes B:-   L:-   M:yes
2026-08-29 04:14:24 | NOT_FOUND  | TMDB/ELCIN | IDJ kids                                 | idj kids                                 | P:-   B:-   L:-   M:-  
2026-08-29 04:14:24 | NOT_FOUND  | TMDB/ELCIN | Pucali su na pijanistu                   | pucali su na pijanistu                   | P:-   B:-   L:-   M:-  
2026-08-29 04:14:26 | FOUND      | TMDB       | Larin izbor                              | larin izbor                              | P:yes B:-   L:-   M:yes
2026-08-29 04:14:28 | NOT_FOUND  | TMDB/ELCIN | Zoom In (185)                            | zoom in (185)                            | P:-   B:-   L:-   M:-  
2026-08-29 04:14:28 | NOT_FOUND  | TMDB/ELCIN | Zoom In (211)                            | zoom in (211)                            | P:-   B:-   L:-   M:-  
2026-08-29 04:14:28 | NOT_FOUND  | TMDB/ELCIN | Zoom In (192)                            | zoom in (192)                            | P:-   B:-   L:-   M:-  
2026-08-29 04:14:30 | NOT_FOUND  | TMDB/ELCIN | Námořní vyšetřovací služba XIX (3)       | námořní vyšetřovací služba xix (3)       | P:-   B:-   L:-   M:-  
2026-08-29 04:14:30 | NOT_FOUND  | TMDB/ELCIN | The Amazing Race XXXVI (1)               | the amazing race xxxvi (1)               | P:-   B:-   L:-   M:-  
2026-08-29 04:14:30 | FOUND      | TMDB       | Teleshop                                 | teleshop                                 | P:-   B:-   L:-   M:yes
2026-08-29 04:14:31 | NOT_FOUND  | TMDB/ELCIN | Zbrojnice III (8)                        | zbrojnice                                | P:-   B:-   L:-   M:-  
2026-08-29 04:14:34 | NOT_FOUND  | TMDB/ELCIN | To nije ljubav                           | to nije ljubav                           | P:-   B:-   L:-   M:-  
2026-08-29 04:14:34 | FOUND      | TMDB       | Iz vedra neba                            | iz vedra neba                            | P:yes B:-   L:-   M:yes
2026-08-29 04:14:37 | NOT_FOUND  | TMDB/ELCIN | Već viđeno                               | već viđeno                               | P:-   B:-   L:-   M:-  
2026-08-29 04:14:37 | FOUND      | TMDB       | Đavolja varoš                            | đavolja varoš                            | P:yes B:-   L:-   M:yes
2026-08-29 04:14:39 | NOT_FOUND  | TMDB/ELCIN | Prijatelj ili neprijatelj                | prijatelj ili neprijatelj                | P:-   B:-   L:-   M:-  
2026-08-29 04:14:39 | NOT_FOUND  | TMDB/ELCIN | Dobri stari Džerzi                       | dobri stari džerzi                       | P:-   B:-   L:-   M:-  
2026-08-29 04:14:39 | NOT_FOUND  | TMDB/ELCIN | U kamenolomu                             | u kamenolomu                             | P:-   B:-   L:-   M:-  
2026-08-29 04:14:39 | NOT_FOUND  | TMDB/ELCIN | Sve što ona može                         | sve što ona može                         | P:-   B:-   L:-   M:-  
2026-08-29 04:14:41 | NOT_FOUND  | TMDB/ELCIN | U kadru                                  | u kadru                                  | P:-   B:-   L:-   M:-  
2026-08-29 04:14:41 | NOT_FOUND  | TMDB/ELCIN | Vampir tinejdžer                         | vampir tinejdžer                         | P:-   B:-   L:-   M:-  
2026-08-29 04:14:41 | NOT_FOUND  | TMDB/ELCIN | Napad ajkule                             | napad ajkule                             | P:-   B:-   L:-   M:-  
2026-08-29 04:14:43 | NOT_FOUND  | TMDB/ELCIN | Napad robota                             | napad robota                             | P:-   B:-   L:-   M:-  
2026-08-29 04:14:43 | NOT_FOUND  | TMDB/ELCIN | Vanzemaljci su ovde                      | vanzemaljci su ovde                      | P:-   B:-   L:-   M:-  
2026-08-29 04:14:43 | NOT_FOUND  | TMDB/ELCIN | Predstraža 3 - Buđenje Spetnaza          | predstraža 3 - buđenje spetnaza          | P:-   B:-   L:-   M:-  
2026-08-29 04:14:44 | NOT_FOUND  | TMDB/ELCIN | Predstraža 3: Buđenje Spetsnaza          | predstraža 3: buđenje spetsnaza          | P:-   B:-   L:-   M:-  
2026-08-29 04:14:46 | NOT_FOUND  | TMDB/ELCIN | Putovanje 2: Tajanstveno ostrvo          | putovanje 2: tajanstveno ostrvo          | P:-   B:-   L:-   M:-  
2026-08-29 04:14:46 | NOT_FOUND  | TMDB/ELCIN | Otrovani u raju: Misterija Martinih vino | otrovani u raju: misterija martinih vino | P:-   B:-   L:-   M:-  
2026-08-29 04:14:46 | NOT_FOUND  | TMDB/ELCIN | Šifra sabljarka                          | šifra sabljarka                          | P:-   B:-   L:-   M:-  
2026-08-29 04:14:46 | NOT_FOUND  | TMDB/ELCIN | Vremenski tesnac                         | vremenski tesnac                         | P:-   B:-   L:-   M:-  
2026-08-29 04:14:47 | NOT_FOUND  | TMDB/ELCIN | Uterivač dugova                          | uterivač dugova                          | P:-   B:-   L:-   M:-  
2026-08-29 04:14:47 | NOT_FOUND  | TMDB/ELCIN | Ne čini zlo                              | ne čini zlo                              | P:-   B:-   L:-   M:-  
2026-08-29 04:14:47 | NOT_FOUND  | TMDB/ELCIN | Ženski borilački klub                    | ženski borilački klub                    | P:-   B:-   L:-   M:-  
2026-08-29 04:14:49 | NOT_FOUND  | TMDB/ELCIN | Preživeli                                | preživeli                                | P:-   B:-   L:-   M:-  
2026-08-29 04:14:49 | NOT_FOUND  | TMDB/ELCIN | Prečica                                  | prečica                                  | P:-   B:-   L:-   M:-  
2026-08-29 04:14:49 | FOUND      | TMDB       | Sahrana                                  | sahrana                                  | P:yes B:-   L:-   M:yes
2026-08-29 04:14:50 | NOT_FOUND  | TMDB/ELCIN | Zbogom svemu tome                        | zbogom svemu tome                        | P:-   B:-   L:-   M:-  
2026-08-29 04:14:50 | NOT_FOUND  | TMDB/ELCIN | Čari košarke                             | čari košarke                             | P:-   B:-   L:-   M:-  
2026-08-29 04:14:50 | NOT_FOUND  | TMDB/ELCIN | Zlo i naopako                            | zlo i naopako                            | P:-   B:-   L:-   M:-  
2026-08-29 04:14:52 | NOT_FOUND  | TMDB/ELCIN | Otkucaji srca                            | otkucaji srca                            | P:-   B:-   L:-   M:-  
2026-08-29 04:14:52 | NOT_FOUND  | TMDB/ELCIN | Koliba ljubavi                           | koliba ljubavi                           | P:-   B:-   L:-   M:-  
2026-08-29 04:14:52 | NOT_FOUND  | TMDB/ELCIN | Savršena romansa                         | savršena romansa                         | P:-   B:-   L:-   M:-  
2026-08-29 04:14:53 | NOT_FOUND  | TMDB/ELCIN | Gven Šemblin                             | gven šemblin                             | P:-   B:-   L:-   M:-  
2026-08-29 04:14:56 | FOUND      | TMDB       | Grim                                     | grim                                     | P:yes B:-   L:-   M:yes
2026-08-29 04:14:56 | NOT_FOUND  | TMDB/ELCIN | Ne ostavljaj me                          | ne ostavljaj me                          | P:-   B:-   L:-   M:-  
2026-08-29 04:14:59 | NOT_FOUND  | TMDB/ELCIN | Neminovni poraz Mistera i Petea, film    | neminovni poraz mistera i petea          | P:-   B:-   L:-   M:-  
2026-08-29 04:14:59 | NOT_FOUND  | TMDB/ELCIN | Belle i Sebastien 2: Avantura se nastavl | belle i sebastien 2: avantura se nastavl | P:-   B:-   L:-   M:-  
2026-08-29 04:14:59 | NOT_FOUND  | TMDB/ELCIN | Grad svjetla, film                       | grad svjetla                             | P:-   B:-   L:-   M:-  
2026-08-29 04:14:59 | NOT_FOUND  | TMDB/ELCIN | Zemlja stranaca, film                    | zemlja stranaca                          | P:-   B:-   L:-   M:-  
2026-08-29 04:15:03 | NOT_FOUND  | TMDB/ELCIN | Teorija velikog praska 8, ep. 12. serija | teorija velikog praska 8                 | P:-   B:-   L:-   M:-  
2026-08-29 04:15:04 | FOUND      | TMDB       | Tragač 2, ep. 1. serija                  | tragač 2                                 | P:yes B:-   L:yes M:yes
2026-08-29 04:15:06 | NOT_FOUND  | TMDB/ELCIN | Škola čarobnih životinja, film           | škola čarobnih životinja                 | P:-   B:-   L:-   M:-  
2026-08-29 04:15:07 | NOT_FOUND  | TMDB/ELCIN | Moj najbolji prijatelj se ženi, film     | moj najbolji prijatelj se ženi           | P:-   B:-   L:-   M:-  
2026-08-29 04:15:07 | NOT_FOUND  | TMDB/ELCIN | Nikada ne ljubi muškarca u božićnom džem | nikada ne ljubi muškarca u božićnom džem | P:-   B:-   L:-   M:-  
2026-08-29 04:15:07 | NOT_FOUND  | TMDB/ELCIN | Povratnik, film                          | povratnik                                | P:-   B:-   L:-   M:-  
2026-08-29 04:15:07 | NOT_FOUND  | TMDB/ELCIN | Goruća zemlja 3, ep. 15. serija          | goruća zemlja 3                          | P:-   B:-   L:-   M:-  
2026-08-29 04:15:08 | NOT_FOUND  | TMDB/ELCIN | Tajna cvjećarnice: Nikomu ni riječi, fil | tajna cvjećarnice: nikomu ni riječi      | P:-   B:-   L:-   M:-  
2026-08-29 04:15:08 | NOT_FOUND  | TMDB/ELCIN | Plava krv 7, ep. 13. serija              | plava krv 7                              | P:-   B:-   L:-   M:-  
2026-08-29 04:15:08 | NOT_FOUND  | TMDB/ELCIN | Istražiteljica 4, ep. 3. serija          | istražiteljica 4                         | P:-   B:-   L:-   M:-  
2026-08-29 04:15:09 | FOUND      | TMDB       | Profesor T 4, ep. 2. serija              | profesor t 4                             | P:yes B:-   L:-   M:yes
2026-08-29 04:15:10 | NOT_FOUND  | TMDB/ELCIN | Kućanice 3, ep. 18. serija               | kućanice 3                               | P:-   B:-   L:-   M:-  
2026-08-29 04:15:10 | NOT_FOUND  | TMDB/ELCIN | Zovi mog agenta! 2, ep. 1. serija        | zovi mog agenta! 2                       | P:-   B:-   L:-   M:-  
2026-08-29 04:15:10 | FOUND      | TMDB       | Grace i Frankie 2, ep. 8. serija         | grace i frankie 2                        | P:yes B:-   L:yes M:yes
2026-08-29 04:15:10 | NOT_FOUND  | TMDB/ELCIN | Kako sam upoznala vašeg oca 2, ep. 12. s | kako sam upoznala vašeg oca 2            | P:-   B:-   L:-   M:-  
2026-08-29 04:15:13 | NOT_FOUND  | TMDB/ELCIN | Istražiteljica 4, ep. 3. serija          | istražiteljica 4                         | P:-   B:-   L:-   M:-  
2026-08-29 04:15:13 | NOT_FOUND  | TMDB/ELCIN | Istražiteljica 4, ep. 3. serija          | istražiteljica 4                         | P:-   B:-   L:-   M:-  
2026-08-29 04:15:13 | NOT_FOUND  | TMDB/ELCIN | Tajna cvjećarnice: Nikomu ni riječi, fil | tajna cvjećarnice: nikomu ni riječi      | P:-   B:-   L:-   M:-  
2026-08-29 04:15:13 | NOT_FOUND  | TMDB/ELCIN | Plava krv 7, ep. 13. serija              | plava krv 7                              | P:-   B:-   L:-   M:-  
2026-08-29 04:15:13 | NOT_FOUND  | TMDB/ELCIN | Plava krv 7, ep. 14. serija              | plava krv 7                              | P:-   B:-   L:-   M:-  
2026-08-29 04:15:13 | NOT_FOUND  | TMDB/ELCIN | Istražiteljica 4, ep. 3. serija          | istražiteljica 4                         | P:-   B:-   L:-   M:-  
2026-08-29 04:15:15 | NOT_FOUND  | TMDB/ELCIN | Kućanice 3, ep. 18. serija               | kućanice 3                               | P:-   B:-   L:-   M:-  
2026-08-29 04:15:15 | NOT_FOUND  | TMDB/ELCIN | Kućanice 3, ep. 19. serija               | kućanice 3                               | P:-   B:-   L:-   M:-  
2026-08-29 04:15:15 | NOT_FOUND  | TMDB/ELCIN | Zovi mog agenta! 2, ep. 1. serija        | zovi mog agenta! 2                       | P:-   B:-   L:-   M:-  
2026-08-29 04:15:15 | NOT_FOUND  | TMDB/ELCIN | Kako sam upoznala vašeg oca 2, ep. 12. s | kako sam upoznala vašeg oca 2            | P:-   B:-   L:-   M:-  
2026-08-29 04:15:15 | NOT_FOUND  | TMDB/ELCIN | Kućanice 3, ep. 18. serija               | kućanice 3                               | P:-   B:-   L:-   M:-  
2026-08-29 04:15:16 | FOUND      | TMDB       | Kako su me ukrali Nemci, film            | kako su me ukrali nemci                  | P:yes B:-   L:-   M:yes
2026-08-29 04:15:17 | NOT_FOUND  | TMDB/ELCIN | Ivanova igra, dokumentarni film          | ivanova igra, dokumentarni               | P:-   B:-   L:-   M:-  
2026-08-29 04:15:21 | NOT_FOUND  | TMDB/ELCIN | Filmi i Frikshëm                         | filmi i frikshëm                         | P:-   B:-   L:-   M:-  
2026-08-29 04:15:21 | NOT_FOUND  | TMDB/ELCIN | Filmi i Frikshëm                         | filmi i frikshëm                         | P:-   B:-   L:-   M:-  
2026-08-29 04:15:21 | NOT_FOUND  | TMDB/ELCIN | Një këngë për jetën                      | një këngë për jetën                      | P:-   B:-   L:-   M:-  
2026-08-29 04:15:21 | NOT_FOUND  | TMDB/ELCIN | Krijesa veçanërisht të zgjuara           | krijesa veçanërisht të zgjuara           | P:-   B:-   L:-   M:-  
2026-08-29 04:15:21 | NOT_FOUND  | TMDB/ELCIN | Dora në kërkim të thesarit               | dora në kërkim të thesarit               | P:-   B:-   L:-   M:-  
2026-08-29 04:15:21 | NOT_FOUND  | TMDB/ELCIN | Një këngë për jetën                      | një këngë për jetën                      | P:-   B:-   L:-   M:-  
2026-08-29 04:15:21 | NOT_FOUND  | TMDB/ELCIN | Filmi i Frikshëm                         | filmi i frikshëm                         | P:-   B:-   L:-   M:-  
2026-08-29 04:15:29 | NOT_FOUND  | TMDB/ELCIN | Ma Zelt Fi 17                            | ma zelt fi 17                            | P:-   B:-   L:-   M:-  
2026-08-29 04:15:29 | NOT_FOUND  | TMDB/ELCIN | Al Kha'en                                | al kha'en                                | P:-   B:-   L:-   M:-  
2026-08-29 04:15:29 | NOT_FOUND  | TMDB/ELCIN | Min?Ela                                  | min?ela                                  | P:-   B:-   L:-   M:-  
2026-08-29 04:15:29 | NOT_FOUND  | TMDB/ELCIN | Lil Mawt                                 | lil mawt                                 | P:-   B:-   L:-   M:-  
2026-08-29 04:15:29 | NOT_FOUND  | TMDB/ELCIN | Ma Zelt Fi 17                            | ma zelt fi 17                            | P:-   B:-   L:-   M:-  
2026-08-29 04:15:31 | NOT_FOUND  | TMDB/ELCIN | Making The Movies                        | making the movies                        | P:-   B:-   L:-   M:-  
2026-08-29 04:15:31 | NOT_FOUND  | TMDB/ELCIN | Films & Stars                            | films & stars                            | P:-   B:-   L:-   M:-  
2026-08-29 04:15:33 | NOT_FOUND  | TMDB/ELCIN | Making The Movies                        | making the movies                        | P:-   B:-   L:-   M:-  
2026-08-29 04:15:33 | NOT_FOUND  | TMDB/ELCIN | Films & Stars                            | films & stars                            | P:-   B:-   L:-   M:-  
2026-08-29 04:15:38 | FOUND      | TMDB       | SHERLOCK HOLMES: A GAME OF SHADOWS       | sherlock holmes: a game of shadows       | P:yes B:yes L:yes M:yes
2026-08-29 04:15:43 | NOT_FOUND  | TMDB/ELCIN | Ebn Hamedo                               | ebn hamedo                               | P:-   B:-   L:-   M:-  
2026-08-29 04:15:43 | NOT_FOUND  | TMDB/ELCIN | Hamlit Faraon                            | hamlit faraon                            | P:-   B:-   L:-   M:-  
2026-08-29 04:15:43 | NOT_FOUND  | TMDB/ELCIN | Tayeh Fi America                         | tayeh fi america                         | P:-   B:-   L:-   M:-  
2026-08-29 04:15:43 | NOT_FOUND  | TMDB/ELCIN | Mirati Wa Zawjati                        | mirati wa zawjati                        | P:-   B:-   L:-   M:-  
2026-08-29 04:15:43 | NOT_FOUND  | TMDB/ELCIN | Ebn Hamedo                               | ebn hamedo                               | P:-   B:-   L:-   M:-  
